movieId,title,content
1,Toy Story,adventure animation children comedy fantasy pixar fun
2,Jumanji,adventure children fantasy fantasy magic board game robin williams game
3,Grumpier Old Men,comedy romance moldy old
4,Waiting to Exhale,comedy drama romance
5,Father of the Bride Part II,comedy pregnancy remake
6,Heat,action crime thriller
7,Sabrina,comedy romance remake
8,Tom and Huck,adventure children
9,Sudden Death,action
10,GoldenEye,action adventure thriller
11,"American President, The",comedy drama romance politics president
12,Dracula: Dead and Loving It,comedy horror
13,Balto,adventure animation children
14,Nixon,drama politics president
15,Cutthroat Island,action adventure romance
16,Casino,crime drama mafia
17,Sense and Sensibility,drama romance jane austen
18,Four Rooms,comedy
19,Ace Ventura: When Nature Calls,comedy
20,Money Train,action comedy crime drama thriller
21,Get Shorty,comedy crime thriller hollywood
22,Copycat,crime drama horror mystery thriller serial killer
23,Assassins,action crime thriller
24,Powder,drama sci fi
25,Leaving Las Vegas,drama romance alcoholism
26,Othello,drama shakespeare
27,Now and Then,children drama
28,Persuasion,drama romance in netflix queue jane austen
29,"City of Lost Children, The (Cité des enfants perdus, La)",adventure drama fantasy mystery sci fi kidnapping
30,Shanghai Triad (Yao a yao yao dao waipo qiao),crime drama
31,Dangerous Minds,drama high school teacher
32,Twelve Monkeys (a.k.a. 12 Monkeys),mystery sci fi thriller time travel brad pitt bruce willis mindfuck post apocalyptic post apocalyptic remake twist ending
34,Babe,children drama animal movie pigs villain nonexistent or not needed for good story
36,Dead Man Walking,crime drama death penalty nun
38,It Takes Two,children comedy twins
39,Clueless,comedy romance chick flick funny paul rudd quotable seen more than once emma jane austen
40,"Cry, the Beloved Country",drama in netflix queue south africa
41,Richard III,drama war shakespeare
42,Dead Presidents,action crime drama
43,Restoration,drama england
44,Mortal Kombat,action adventure fantasy
45,To Die For,comedy drama thriller journalism
46,How to Make an American Quilt,drama romance wedding
47,Seven (a.k.a. Se7en),mystery thriller mystery twist ending serial killer
48,Pocahontas,animation children drama musical romance
49,When Night Is Falling,drama romance
50,"Usual Suspects, The",crime mystery thriller mindfuck suspense thriller tricky twist ending heist
52,Mighty Aphrodite,comedy drama romance adoption prostitution
53,Lamerica,adventure drama
54,"Big Green, The",children comedy
55,Georgia,drama
57,Home for the Holidays,drama
58,"Postman, The (Postino, Il)",comedy drama romance writing
60,"Indian in the Cupboard, The",adventure children fantasy
61,Eye for an Eye,drama thriller
62,Mr. Holland's Opus,drama music
63,Don't Be a Menace to South Central While Drinking Your Juice in the Hood,comedy crime
64,Two if by Sea,comedy romance
65,Bio-Dome,comedy
66,Lawnmower Man 2: Beyond Cyberspace,action sci fi thriller
68,French Twist (Gazon maudit),comedy romance
69,Friday,comedy
70,From Dusk Till Dawn,action comedy horror thriller
71,Fair Game,action
72,Kicking and Screaming,comedy drama
73,"Misérables, Les",drama war
74,Bed of Roses,drama romance
75,Big Bully,comedy drama
76,Screamers,action sci fi thriller
77,Nico Icon,documentary
78,"Crossing Guard, The",action crime drama thriller
79,"Juror, The",drama thriller
80,"White Balloon, The (Badkonake sefid)",children drama
81,Things to Do in Denver When You're Dead,crime drama romance
82,Antonia's Line (Antonia),comedy drama
83,Once Upon a Time... When We Were Colored,drama romance
85,Angels and Insects,drama romance
86,White Squall,action adventure drama
87,Dunston Checks In,children comedy
88,Black Sheep,comedy
89,Nick of Time,action thriller
92,Mary Reilly,drama horror thriller jekyll and hyde
93,Vampire in Brooklyn,comedy horror romance
94,Beautiful Girls,comedy drama romance
95,Broken Arrow,action adventure thriller
96,In the Bleak Midwinter,comedy drama theater
97,"Hate (Haine, La)",crime drama
99,Heidi Fleiss: Hollywood Madam,documentary
100,City Hall,drama thriller
101,Bottle Rocket,adventure comedy crime romance crime off beat comedy quirky
102,Mr. Wrong,comedy
103,Unforgettable,mystery sci fi thriller
104,Happy Gilmore,comedy test tag golf adam sandler
105,"Bridges of Madison County, The",drama romance
106,Nobody Loves Me (Keiner liebt mich),comedy drama
107,Muppet Treasure Island,adventure children comedy musical muppets
108,Catwalk,documentary
110,Braveheart,action drama war beautiful scenery epic historical inspirational medieval mel gibson oscar best cinematography revenge sword fight scotland
111,Taxi Driver,crime drama thriller assassination
112,Rumble in the Bronx (Hont faan kui),action adventure comedy crime
113,Before and After,drama mystery
116,Anne Frank Remembered,documentary holocaust
117,"Young Poisoner's Handbook, The",crime drama
118,If Lucy Fell,comedy romance
119,"Steal Big, Steal Little",comedy
121,"Boys of St. Vincent, The",drama
122,Boomerang,comedy romance dating
123,Chungking Express (Chung Hing sam lam),drama mystery romance
125,Flirting With Disaster,comedy
126,"NeverEnding Story III, The",adventure children fantasy
128,Jupiter's Wife,documentary
129,Pie in the Sky,comedy romance
132,Jade,thriller
135,Down Periscope,comedy
137,Man of the Year,documentary
140,Up Close and Personal,drama romance journalism
141,"Birdcage, The",comedy
144,"Brothers McMullen, The",comedy
145,Bad Boys,action comedy crime drama thriller
146,"Amazing Panda Adventure, The",adventure children
147,"Basketball Diaries, The",drama addiction heroin leonardo dicaprio mark wahlberg
148,"Awfully Big Adventure, An",drama
149,Amateur,crime drama thriller
150,Apollo 13,adventure drama imax moon nasa space
151,Rob Roy,action drama romance war
152,"Addiction, The",drama horror
153,Batman Forever,action adventure comedy crime superhero
154,Beauty of the Day (Belle de jour),drama
155,Beyond Rangoon,adventure drama war
156,Blue in the Face,comedy drama
157,Canadian Bacon,comedy war
158,Casper,adventure children
159,Clockers,crime drama mystery
160,Congo,action adventure mystery sci fi michael crichton
161,Crimson Tide,drama thriller war submarine
162,Crumb,documentary in netflix queue
163,Desperado,action romance western
164,Devil in a Blue Dress,crime film noir mystery thriller
165,Die Hard: With a Vengeance,action crime thriller
166,"Doom Generation, The",comedy crime drama
168,First Knight,action drama romance
169,Free Willy 2: The Adventure Home,adventure children drama
170,Hackers,action adventure crime thriller
171,Jeffrey,comedy drama
172,Johnny Mnemonic,action sci fi thriller
173,Judge Dredd,action crime sci fi
174,Jury Duty,comedy
175,Kids,drama controversial new york city nudity full frontal
176,Living in Oblivion,comedy
177,Lord of Illusions,horror
178,Love & Human Remains,comedy drama
179,Mad Love,drama romance
180,Mallrats,comedy romance
181,Mighty Morphin Power Rangers: The Movie,action children
183,Mute Witness,comedy horror thriller
184,Nadja,drama
185,"Net, The",action crime thriller computers
186,Nine Months,comedy romance
187,Party Girl,comedy
188,"Prophecy, The",fantasy horror mystery
189,Reckless,comedy fantasy
190,Safe,thriller
191,"Scarlet Letter, The",drama romance
193,Showgirls,drama
194,Smoke,comedy drama
195,Something to Talk About,comedy drama romance
196,Species,horror sci fi
198,Strange Days,action crime drama mystery sci fi thriller
199,"Umbrellas of Cherbourg, The (Parapluies de Cherbourg, Les)",drama musical romance made me cry
201,Three Wishes,drama fantasy
202,Total Eclipse,drama romance
203,"To Wong Foo, Thanks for Everything! Julie Newmar",comedy
204,Under Siege 2: Dark Territory,action
205,Unstrung Heroes,comedy drama
206,Unzipped,documentary
207,"Walk in the Clouds, A",drama romance
208,Waterworld,action adventure sci fi
209,White Man's Burden,drama
210,Wild Bill,western
211,"Browning Version, The",drama
212,Bushwhacked,adventure comedy crime mystery
213,Burnt by the Sun (Utomlyonnye solntsem),drama
214,Before the Rain (Pred dozhdot),drama war
215,Before Sunrise,drama romance generation x
216,Billy Madison,comedy school adam sandler stop looking at me swan
217,"Babysitter, The",drama thriller
218,Boys on the Side,comedy drama
219,"Cure, The",drama
220,Castle Freak,horror
222,Circle of Friends,drama romance ireland
223,Clerks,comedy cynical hilarious independent film quirky witty generation x
224,Don Juan DeMarco,comedy drama romance mental illness psychology
225,Disclosure,drama thriller
227,Drop Zone,action thriller
228,Destiny Turns on the Radio,comedy
229,Death and the Maiden,drama thriller
230,Dolores Claiborne,drama thriller stephen king
231,Dumb & Dumber (Dumb and Dumber),adventure comedy
232,Eat Drink Man Woman (Yin shi nan nu),comedy drama romance in netflix queue
233,Exotica,drama
234,Exit to Eden,comedy
235,Ed Wood,comedy drama movie business
236,French Kiss,action comedy romance
237,Forget Paris,comedy romance basketball france infertility
238,Far From Home: The Adventures of Yellow Dog,adventure children
239,"Goofy Movie, A",animation children comedy romance
240,Hideaway,thriller
241,Fluke,children drama
242,Farinelli: il castrato,drama musical
243,Gordy,children comedy fantasy
246,Hoop Dreams,documentary basketball
247,Heavenly Creatures,crime drama australia
248,Houseguest,comedy bad sinbad
249,Immortal Beloved,drama romance beethoven
250,Heavyweights (Heavy Weights),children comedy
251,"Hunted, The",action
252,I.Q.,comedy romance einstein
253,Interview with the Vampire: The Vampire Chronicles,drama horror
254,Jefferson in Paris,drama
255,"Jerky Boys, The",comedy
256,Junior,comedy sci fi
257,Just Cause,mystery thriller court
258,"Kid in King Arthur's Court, A",adventure children comedy fantasy romance
259,Kiss of Death,crime drama thriller
260,Star Wars: Episode IV - A New Hope,action adventure sci fi classic space action action sci fi epic great soundtrack classic sci fi engrossing adventure nerd space epic oldie but goodie star wars robots and androids space space adventure darth vader luke skywalker space opera
261,Little Women,drama louisa may alcott
262,"Little Princess, A",children drama england girl power india
263,Ladybird Ladybird,drama
265,Like Water for Chocolate (Como agua para chocolate),drama fantasy romance
266,Legends of the Fall,drama romance war western
267,Major Payne,comedy
269,My Crazy Life (Mi vida loca),drama
270,Love Affair,drama romance
271,Losing Isaiah,drama
272,"Madness of King George, The",comedy drama england mental illness
273,Mary Shelley's Frankenstein (Frankenstein),drama horror sci fi gothic
274,Man of the House,comedy
275,Mixed Nuts,comedy
276,Milk Money,comedy romance
277,Miracle on 34th Street,drama christmas
278,Miami Rhapsody,comedy
279,My Family,drama in netflix queue
280,Murder in the First,drama thriller prison
281,Nobody's Fool,comedy drama romance
282,Nell,drama disability twins
283,New Jersey Drive,crime drama
284,New York Cop (Nyû Yôku no koppu),action crime
285,Beyond Bedlam,drama horror
287,Nina Takes a Lover,comedy romance
288,Natural Born Killers,action crime thriller brutality controversial dark comedy psychedelic satire stylized
289,Only You,comedy romance
290,Once Were Warriors,crime drama in netflix queue
291,Poison Ivy II,drama thriller
292,Outbreak,action drama sci fi thriller
293,Léon: The Professional (a.k.a. The Professional) (Léon),action crime drama thriller assassin jean reno hit men action assassination assassins awkward romance corruption crime disturbing drama french friendship gary oldman great acting guns hitman humorous imdb top 250 lolita theme loneliness love story luc besson natalie portman organized crime police police corruption quirky sniper tense touching unique
294,"Perez Family, The",comedy romance
295,"Pyromaniac's Love Story, A",comedy romance
296,Pulp Fiction,comedy crime drama thriller good dialogue great soundtrack non linear cult film drugs quentin tarantino tarantino hit men 1990s achronological action action packed aggressive amazing amazing dialogues anthology assassin atmospheric awesome bad ass bad language bad ass bible biblical references big boys with guns big name actors black comedy black humor black humour blood blood splatters bloody bruce willis brutality casual violence character development characters classic classic movie coke comedy conversation cool cool style crime crime scene scrubbing cult cult classic dance dancing dark dark comedy dark humor dialogue different diner disjointed timeline disturbing drama drug overdose drugs music ensemble cast entertaining entirely dialogue episodic exciting fast paced fast paced film noir film noir foul language fun funny gangster gangsters genius golden watch good music gore great acting great dialogue gritty guns harvey keitel heroin highly quotable hitman homosexuality humour iconic imdb top 250 innovative intellectual intelligent intense interesting intertwining storylines interwoven storylines ironic irony john travolta killer as protagonist los angeles mafia masterpiece meaningless violence milkshake mobster mobsters monologue motherfucker multiple stories multiple storylines neo noir noir non linear timeline nonlinear nonlinear narrative nonlinear storyline nonlinear timeline notable soundtrack offensive organised crime organized crime original original plot out of order palme d or parody philosophical pop culture references psychological pulp quirky quotable r disturbing violent content including rape r disturbing violent images r graphic sexuality r some violence r strong bloody violence r strong language r sustained strong stylized violence r violence random rape retro roger avary royal with cheese samuel l jackson sarcasm satire sexy smart writing sophisticated soundtrack splatter steve buscemi storytelling stylish stylized suspense thought provoking thriller travolta twist ending uma thurman unique unpredictable unusual very funny violence violent witty
298,Pushing Hands (Tui shou),drama
299,Priest,drama
300,Quiz Show,drama tv
301,Picture Bride (Bijo photo),drama romance
302,"Queen Margot (Reine Margot, La)",drama romance
303,"Quick and the Dead, The",action thriller western
304,Roommates,comedy drama
305,Ready to Wear (Pret-A-Porter),comedy
306,Three Colors: Red (Trois couleurs: Rouge),drama
307,Three Colors: Blue (Trois couleurs: Bleu),drama death
308,Three Colors: White (Trzy kolory: Bialy),comedy drama marriage cynical
310,Rent-a-Kid,comedy
311,Relative Fear,horror thriller
312,Stuart Saves His Family,comedy
313,"Swan Princess, The",animation children
314,"Secret of Roan Inish, The",children drama fantasy mystery
315,"Specialist, The",action drama thriller
316,Stargate,action adventure sci fi time travel
317,"Santa Clause, The",comedy drama fantasy christmas
318,"Shawshank Redemption, The",crime drama prison stephen king wrongful imprisonment morgan freeman
319,Shallow Grave,comedy drama thriller
320,Suture,film noir thriller
321,Strawberry and Chocolate (Fresa y chocolate),drama
322,Swimming with Sharks,comedy drama
324,"Sum of Us, The",comedy drama
325,National Lampoon's Senior Trip,comedy
326,To Live (Huozhe),drama in netflix queue
327,Tank Girl,action comedy sci fi
328,Tales from the Crypt Presents: Demon Knight,horror thriller
329,Star Trek: Generations,adventure drama sci fi enterprise
330,Tales from the Hood,action crime horror
331,Tom & Viv,drama
332,Village of the Damned,horror sci fi
333,Tommy Boy,comedy
334,Vanya on 42nd Street,drama
335,Underneath,mystery thriller
336,"Walking Dead, The",drama war
337,What's Eating Gilbert Grape,drama mental illness
338,Virtuosity,action sci fi thriller serial killer
339,While You Were Sleeping,comedy romance coma
340,"War, The",adventure drama war
341,Double Happiness,drama
342,Muriel's Wedding,comedy australia weddings
343,"Baby-Sitters Club, The",children
344,Ace Ventura: Pet Detective,comedy
345,"Adventures of Priscilla, Queen of the Desert, The",comedy drama cross dressing men in drag remade
346,Backbeat,drama musical
347,Bitter Moon,drama film noir romance
348,Bullets Over Broadway,comedy
349,Clear and Present Danger,action crime drama thriller tom clancy
350,"Client, The",drama mystery thriller john grisham
351,"Corrina, Corrina",comedy drama romance interracial romance
352,Crooklyn,comedy drama
353,"Crow, The",action crime fantasy thriller
354,Cobb,drama
355,"Flintstones, The",children comedy fantasy
356,Forrest Gump,comedy drama romance war shrimp vietnam bubba gump shrimp lieutenant dan stupid is as stupid does bittersweet emotional heartwarming touching
357,Four Weddings and a Funeral,comedy romance wedding
358,Higher Learning,drama
359,I Like It Like That,comedy drama romance
360,I Love Trouble,action comedy
361,It Could Happen to You,comedy drama romance gambling
362,"Jungle Book, The",adventure children romance
363,"Wonderful, Horrible Life of Leni Riefenstahl, The (Macht der Bilder: Leni Riefenstahl, Die)",documentary holocaust in netflix queue
364,"Lion King, The",adventure animation children drama musical imax disney disney animated feature oscar best music original score soundtrack
365,Little Buddha,drama
366,"Wes Craven's New Nightmare (Nightmare on Elm Street Part 7: Freddy's Finale, A)",drama horror mystery thriller
367,"Mask, The",action comedy crime fantasy
368,Maverick,adventure comedy western
369,Mrs. Parker and the Vicious Circle,drama
370,Naked Gun 33 1/3: The Final Insult,action comedy
371,"Paper, The",comedy drama journalism
372,Reality Bites,comedy drama romance
373,Red Rock West,thriller
374,Richie Rich,children comedy
376,"River Wild, The",action thriller
377,Speed,action romance thriller bus
378,Speechless,comedy romance
379,Timecop,action sci fi thriller
380,True Lies,action adventure comedy romance thriller spies
381,When a Man Loves a Woman,drama romance alcoholism
382,Wolf,drama horror romance thriller
383,Wyatt Earp,western
384,Bad Company,action crime drama
385,"Man of No Importance, A",drama
386,S.F.W.,drama
387,"Low Down Dirty Shame, A",action comedy
388,Boys Life,drama
389,"Colonel Chabert, Le",drama romance war
390,Faster Pussycat! Kill! Kill!,action crime drama
391,Jason's Lyric,crime drama
393,Street Fighter,action adventure fantasy
405,Highlander III: The Sorcerer (a.k.a. Highlander: The Final Dimension),action fantasy
406,Federal Hill,drama
407,In the Mouth of Madness,horror thriller
408,8 Seconds,drama
409,Above the Rim,crime drama
410,Addams Family Values,children comedy fantasy black comedy christina ricci christopher lloyd dark comedy family gothic
412,"Age of Innocence, The",drama edith wharton
413,Airheads,comedy comedy
414,"Air Up There, The",comedy
415,Another Stakeout,comedy thriller
416,Bad Girls,western
417,Barcelona,comedy romance
418,Being Human,drama
419,"Beverly Hillbillies, The",comedy
420,Beverly Hills Cop III,action comedy crime thriller
421,Black Beauty,adventure children drama horses
422,Blink,thriller
423,Blown Away,action thriller
424,Blue Chips,drama
425,Blue Sky,drama romance mental illness oscar best actress
426,Body Snatchers,horror sci fi thriller
427,Boxing Helena,drama mystery romance thriller
428,"Bronx Tale, A",drama
429,Cabin Boy,comedy
430,Calendar Girl,comedy drama
431,Carlito's Way,crime drama al pacino gangster mafia
432,City Slickers II: The Legend of Curly's Gold,adventure comedy western
433,Clean Slate,comedy
434,Cliffhanger,action adventure thriller
435,Coneheads,comedy sci fi
436,Color of Night,drama thriller
437,Cops and Robbersons,comedy
438,"Cowboy Way, The",action comedy drama
440,Dave,comedy romance president
441,Dazed and Confused,comedy
442,Demolition Man,action adventure sci fi
444,Even Cowgirls Get the Blues,comedy romance
445,Fatal Instinct,comedy
446,Farewell My Concubine (Ba wang bie ji),drama romance
448,Fearless,drama
449,Fear of a Black Hat,comedy
450,With Honors,comedy drama
451,Flesh and Bone,drama mystery romance
452,Widows' Peak,drama
453,For Love or Money,comedy romance
454,"Firm, The",drama thriller john grisham
455,Free Willy,adventure children drama
456,Fresh,crime drama thriller
457,"Fugitive, The",thriller based on a tv show
458,Geronimo: An American Legend,drama western
459,"Getaway, The",action adventure crime drama romance thriller
460,Getting Even with Dad,comedy
461,Go Fish,drama romance
464,Hard Target,action adventure crime thriller
466,Hot Shots! Part Deux,action comedy war
467,Live Nude Girls,comedy
468,"Englishman Who Went Up a Hill But Came Down a Mountain, The",comedy romance
469,"House of the Spirits, The",drama romance
470,House Party 3,comedy
471,"Hudsucker Proxy, The",comedy hula hoop
472,I'll Do Anything,comedy drama
473,In the Army Now,comedy war
474,In the Line of Fire,action thriller assassination
475,In the Name of the Father,drama ireland
476,"Inkwell, The",comedy drama
477,What's Love Got to Do with It?,drama musical biopic
478,Jimmy Hollywood,comedy crime drama
479,Judgment Night,action crime thriller
480,Jurassic Park,action adventure sci fi thriller dinosaur
481,Kalifornia,drama thriller
482,Killing Zoe,crime drama thriller
484,Lassie,adventure children
485,Last Action Hero,action adventure comedy fantasy
486,Life with Mikey,comedy
487,Lightning Jack,comedy western
488,M. Butterfly,drama romance japan sexuality
489,Made in America,comedy
490,Malice,thriller
491,"Man Without a Face, The",drama
492,Manhattan Murder Mystery,comedy mystery
493,Menace II Society,action crime drama
494,Executive Decision,action adventure thriller
495,In the Realm of the Senses (Ai no corrida),drama
496,What Happened Was...,comedy drama romance thriller
497,Much Ado About Nothing,comedy romance shakespeare
499,Mr. Wonderful,comedy romance
500,Mrs. Doubtfire,comedy drama cross dressing divorce men in drag
501,Naked,drama
502,"Next Karate Kid, The",action children romance
504,No Escape,action drama sci fi
505,North,comedy
506,Orlando,drama fantasy romance
507,"Perfect World, A",crime drama thriller
508,Philadelphia,drama aids
509,"Piano, The",drama romance
510,Poetic Justice,drama
511,"Program, The",action drama
512,"Puppet Masters, The",horror sci fi
513,Radioland Murders,comedy mystery romance radio show business
514,"Ref, The",comedy
515,"Remains of the Day, The",drama romance butler housekeeper
516,Renaissance Man,comedy drama military
517,Rising Sun,action drama mystery
518,"Road to Wellville, The",comedy
519,RoboCop 3,action crime drama sci fi thriller
520,Robin Hood: Men in Tights,comedy
521,Romeo Is Bleeding,crime thriller
522,Romper Stomper,action drama australia racism violence
523,Ruby in Paradise,drama
524,Rudy,drama football
526,"Savage Nights (Nuits fauves, Les)",drama
527,Schindler's List,drama war moving thought provoking holocaust based on a true story biography disturbing holocaust
528,"Scout, The",comedy drama
529,Searching for Bobby Fischer,drama chess
531,"Secret Garden, The",children drama in netflix queue
532,Serial Mom,comedy crime horror
533,"Shadow, The",action adventure fantasy mystery
534,Shadowlands,drama romance c s lewis
535,Short Cuts,drama large cast
536,"Simple Twist of Fate, A",drama
537,Sirens,drama
538,Six Degrees of Separation,drama race
539,Sleepless in Seattle,comedy drama romance empire state building
540,Sliver,thriller bad
541,Blade Runner,action sci fi thriller sci fi robots androids artificial intelligence atmospheric cyberpunk future mindfuck philip k dick dreamlike existentialism philosophical
542,Son in Law,comedy drama romance
543,So I Married an Axe Murderer,comedy romance thriller beat poetry
544,Striking Distance,action crime
546,Super Mario Bros.,action adventure children comedy fantasy sci fi
547,Surviving the Game,action adventure thriller
548,Terminal Velocity,action mystery thriller
549,Thirty-Two Short Films About Glenn Gould,drama musical
550,Threesome,comedy romance
551,"Nightmare Before Christmas, The",animation children fantasy musical christmas halloween
552,"Three Musketeers, The",action adventure comedy romance knights
553,Tombstone,action drama western
555,True Romance,crime thriller
556,"War Room, The",documentary politics
558,"Pagemaster, The",action adventure animation children fantasy
562,Welcome to the Dollhouse,comedy drama adolescence
563,Germinal,drama romance
564,Chasers,comedy
567,Kika,comedy drama
568,Bhaji on the Beach,comedy drama
569,Little Big League,comedy drama
573,"Ciao, Professore! (Io speriamo che me la cavo)",drama
574,Spanking the Monkey,comedy drama
575,"Little Rascals, The",children comedy
577,Andre,adventure children drama
579,"Escort, The (Scorta, La)",crime thriller
580,Princess Caraboo,drama
581,"Celluloid Closet, The",documentary
583,Dear Diary (Caro Diario),comedy drama
585,"Brady Bunch Movie, The",comedy
586,Home Alone,children comedy christmas
587,Ghost,comedy drama fantasy romance thriller overrated
588,Aladdin,adventure animation children comedy musical disney
589,Terminator 2: Judgment Day,action sci fi apocalypse arnold schwarzenegger nuclear war sci fi suspense time travel robots scifi masterpiece
590,Dances with Wolves,adventure drama western american indians native americans
592,Batman,action crime thriller superhero
593,"Silence of the Lambs, The",crime horror thriller hannibal lector disturbing drama gothic psychology suspense
594,Snow White and the Seven Dwarfs,animation children drama fantasy musical disney
595,Beauty and the Beast,animation children fantasy musical romance imax disney
596,Pinocchio,animation children fantasy musical disney
597,Pretty Woman,comedy romance prostitution
599,"Wild Bunch, The",adventure western
600,Love and a .45,action comedy crime
602,"Great Day in Harlem, A",documentary
605,One Fine Day,drama romance
606,Candyman: Farewell to the Flesh,fantasy horror
608,Fargo,comedy crime drama thriller based on a true story dark comedy kidnapping steve buscemi coen brothers
609,Homeward Bound II: Lost in San Francisco,adventure children
610,Heavy Metal,action adventure animation horror sci fi
611,Hellraiser: Bloodline,action horror sci fi
612,"Pallbearer, The",comedy
613,Jane Eyre,drama romance
615,Bread and Chocolate (Pane e cioccolata),comedy drama
616,"Aristocats, The",animation children disney
617,"Flower of My Secret, The (La flor de mi secreto)",comedy drama
618,Two Much,comedy romance
619,Ed,comedy
626,"Thin Line Between Love and Hate, A",comedy
627,"Last Supper, The",drama thriller
628,Primal Fear,crime drama mystery thriller edward norton psychology suspense thought provoking twist ending priest
631,All Dogs Go to Heaven 2,adventure animation children fantasy musical romance
632,Land and Freedom (Tierra y libertad),drama war
633,Denise Calls Up,comedy
634,Theodore Rex,comedy
635,"Family Thing, A",comedy drama
636,Frisk,drama
637,Sgt. Bilko,comedy
638,Jack and Sarah,romance babies
639,Girl 6,comedy drama
640,Diabolique,drama thriller
645,Nelly & Monsieur Arnaud,drama
647,Courage Under Fire,action crime drama war gulf war
648,Mission: Impossible,action adventure mystery thriller based on a tv show
649,Cold Fever (Á köldum klaka),comedy drama
650,Moll Flanders,drama
653,Dragonheart,action adventure fantasy
656,Eddie,comedy
661,James and the Giant Peach,adventure animation children fantasy musical
662,Fear,thriller
663,Kids in the Hall: Brain Candy,comedy
665,Underground,comedy drama war
667,Bloodsport 2 (a.k.a. Bloodsport II: The Next Kumite),action
668,Song of the Little Road (Pather Panchali),drama india
670,"World of Apu, The (Apur Sansar)",drama india
671,Mystery Science Theater 3000: The Movie,comedy sci fi spoof
673,Space Jam,adventure animation children comedy fantasy sci fi bugs bunny
674,Barbarella,adventure comedy sci fi
678,Some Folks Call It a Sling Blade,drama thriller
679,"Run of the Country, The",drama
680,"Alphaville (Alphaville, une étrange aventure de Lemmy Caution)",drama mystery romance sci fi thriller
685,It's My Party,drama
688,Operation Dumbo Drop,action adventure comedy war
691,Mrs. Winterbourne,comedy romance
692,Solo,action sci fi thriller
694,"Substitute, The",action crime drama
695,True Crime,mystery thriller
697,Feeling Minnesota,drama romance
698,Delta of Venus,drama
700,Angus,comedy
703,Boys,drama
704,"Quest, The",action adventure
706,Sunset Park,drama
707,Mulholland Falls,crime drama thriller bad
708,"Truth About Cats & Dogs, The",comedy romance veterinarian
709,Oliver & Company,adventure animation children comedy musical
710,Celtic Pride,comedy
711,Flipper,adventure children
714,Dead Man,drama mystery western
715,"Horseman on the Roof, The (Hussard sur le toit, Le)",drama romance
718,"Visitors, The (Visiteurs, Les)",comedy fantasy sci fi
719,Multiplicity,comedy
720,Wallace & Gromit: The Best of Aardman Animation,adventure animation comedy aardman
722,"Haunted World of Edward D. Wood Jr., The",documentary
724,"Craft, The",drama fantasy horror thriller
725,"Great White Hype, The",comedy
726,Last Dance,drama
728,Cold Comfort Farm,comedy in netflix queue
731,Heaven's Prisoners,crime thriller
733,"Rock, The",action adventure thriller alcatraz michael bay terrorism
735,Cemetery Man (Dellamorte Dellamore),horror
736,Twister,action adventure romance thriller disaster
737,Barb Wire,action sci fi
741,Ghost in the Shell (Kôkaku kidôtai),animation sci fi
742,Thinner,horror thriller
743,Spy Hard,comedy
745,Wallace & Gromit: A Close Shave,animation children comedy aardman
747,"Stupids, The",comedy
748,"Arrival, The",action sci fi thriller aliens
750,Dr. Strangelove or: How I Learned to Stop Worrying and Love the Bomb,comedy war dark comedy atomic bomb black comedy satire purity of essence slim pickens quirky
757,Ashes of Time (Dung che sai duk),drama
759,Maya Lin: A Strong Clear Vision,documentary
760,Stalingrad,drama war
761,"Phantom, The",action adventure
762,Striptease,comedy crime
764,Heavy,drama romance
765,Jack,comedy drama
766,I Shot Andy Warhol,drama
773,Touki Bouki,drama
775,Spirits of the Dead,horror mystery
778,Trainspotting,comedy crime drama based on a book dark comedy narrated drug abuse
779,'Til There Was You,drama romance
780,Independence Day (a.k.a. ID4),action adventure sci fi thriller aliens
781,Stealing Beauty,drama
782,"Fan, The",drama thriller
783,"Hunchback of Notre Dame, The",animation children drama musical romance
784,"Cable Guy, The",comedy thriller
785,Kingpin,comedy
786,Eraser,action drama thriller
788,"Nutty Professor, The",comedy fantasy romance sci fi
790,"Unforgettable Summer, An (Un été inoubliable)",drama
791,"Last Klezmer: Leopold Kozlowski, His Life and Music, The",documentary
795,Somebody to Love,drama
798,Daylight,action adventure drama thriller
799,"Frighteners, The",comedy horror thriller
800,Lone Star,drama mystery western in netflix queue
801,Harriet the Spy,children comedy
802,Phenomenon,drama romance
803,Walking and Talking,comedy drama romance
804,She's the One,comedy romance
805,"Time to Kill, A",drama thriller john grisham
806,American Buffalo,crime drama
808,Alaska,adventure children
809,Fled,action adventure
810,Kazaam,children comedy fantasy
813,Larger Than Life,comedy
818,"Very Brady Sequel, A",comedy based on a tv show
823,"Collector, The (La collectionneuse)",drama
824,Kaspar Hauser,drama mystery
828,"Adventures of Pinocchio, The",adventure children
829,Joe's Apartment,comedy fantasy musical
830,"First Wives Club, The",comedy adultery
832,Ransom,crime thriller kidnapping give me back my son it was melodramatic and kind of dumb mel gibson
833,High School High,comedy
835,Foxfire,drama
836,Chain Reaction,action adventure thriller seen at the cinema
837,Matilda,children comedy fantasy
838,Emma,comedy drama romance jane austen
839,"Crow: City of Angels, The",action thriller
840,House Arrest,children comedy
841,"Eyes Without a Face (Yeux sans visage, Les)",horror
842,Tales from the Crypt Presents: Bordello of Blood,comedy horror
848,"Spitfire Grill, The",drama
849,Escape from L.A.,action adventure sci fi thriller
851,Basquiat,drama
852,Tin Cup,comedy drama romance golf
858,"Godfather, The",crime drama mafia
861,Supercop (Police Story 3: Supercop) (Jing cha gu shi III: Chao ji jing cha),action comedy crime thriller
866,Bound,crime drama romance thriller
867,Carpool,comedy crime
869,Kansas City,crime drama musical thriller
870,Gone Fishin',comedy
875,Nothing to Lose,action crime drama
876,Supercop 2 (Project S) (Chao ji ji hua),action comedy crime thriller
879,"Relic, The",horror thriller
880,"Island of Dr. Moreau, The",sci fi thriller
881,First Kid,children comedy
882,"Trigger Effect, The",drama thriller
885,Bogus,children drama fantasy
886,Bulletproof,action comedy crime
888,Land Before Time III: The Time of the Great Giving,adventure animation children musical
889,1-900 (06),drama romance
891,Halloween: The Curse of Michael Myers (Halloween 6: The Curse of Michael Myers),horror thriller
892,Twelfth Night,comedy drama romance shakespeare
893,Mother Night,drama
896,Wild Reeds (Les roseaux sauvages),drama
897,For Whom the Bell Tolls,adventure drama romance war
898,"Philadelphia Story, The",comedy drama romance divorce
899,Singin' in the Rain,comedy musical romance movie business
900,"American in Paris, An",musical romance france
901,Funny Face,comedy musical
902,Breakfast at Tiffany's,drama romance capote
903,Vertigo,drama mystery romance thriller falling alfred hitchcock atmospheric imdb top 250 james stewart
904,Rear Window,mystery thriller voyeurism imdb top 250 james stewart mystery photographer photography
905,It Happened One Night,comedy romance screwball
906,Gaslight,drama thriller brooch
907,"Gay Divorcee, The",comedy musical romance divorce
908,North by Northwest,action adventure mystery romance thriller mount rushmore alfred hitchcock imdb top 250
909,"Apartment, The",comedy drama romance adultery
910,Some Like It Hot,comedy crime men in drag
911,Charade,comedy crime mystery romance thriller heist
912,Casablanca,drama romance start of a beautiful friendship
913,"Maltese Falcon, The",film noir mystery statue
914,My Fair Lady,comedy drama musical romance george bernard shaw
915,Sabrina,comedy romance rich guy poor girl
916,Roman Holiday,comedy drama romance italy royalty
917,"Little Princess, The",children drama
918,Meet Me in St. Louis,musical 1900s
919,"Wizard of Oz, The",adventure children fantasy musical dorothy toto
920,Gone with the Wind,drama romance war civil war
921,My Favorite Year,comedy television
922,Sunset Blvd. (a.k.a. Sunset Boulevard),drama film noir romance movies eerie movie business
923,Citizen Kane,drama mystery rosebud
924,2001: A Space Odyssey,adventure drama sci fi hal space aliens apes arthur c clarke artificial intelligence atmospheric cinematography classic computer confusing ending cult film dull future futuristic imdb top 250 masterpiece meditative music mystery oscar best effects visual effects overrated philosophical relaxing revolutionary robots sci fi setting space space ship slow slow paced soundtrack space travel spacecraft stanley kubrick superb soundtrack surreal technology tedious visual visually appealing
926,All About Eve,drama hollywood
927,"Women, The",comedy divorce
928,Rebecca,drama mystery romance thriller mrs dewinter
929,Foreign Correspondent,drama film noir mystery thriller europe journalism war
930,Notorious,film noir romance thriller assassination
931,Spellbound,mystery romance thriller amnesia
932,"Affair to Remember, An",drama romance
933,To Catch a Thief,crime mystery romance thriller
934,Father of the Bride,comedy wedding
935,"Band Wagon, The",comedy musical
936,Ninotchka,comedy romance cold war russia
937,Love in the Afternoon,comedy romance
938,Gigi,musical prostitution
940,"Adventures of Robin Hood, The",action adventure romance swashbuckler
941,"Mark of Zorro, The",adventure swashbuckler
942,Laura,crime film noir mystery
943,"Ghost and Mrs. Muir, The",drama fantasy romance ghosts
944,Lost Horizon,drama shangri la
945,Top Hat,comedy musical romance astaire and rogers
946,To Be or Not to Be,comedy drama war
947,My Man Godfrey,comedy romance butler homeless screwball
948,Giant,drama romance western oil
949,East of Eden,drama
950,"Thin Man, The",comedy crime nick and nora charles
951,His Girl Friday,comedy romance screwball
952,Around the World in 80 Days,adventure comedy race
953,It's a Wonderful Life,children drama fantasy romance christmas
954,Mr. Smith Goes to Washington,drama politics
955,Bringing Up Baby,comedy romance leopard screwball
956,Penny Serenade,drama romance adoption
959,Of Human Bondage,drama
961,Little Lord Fauntleroy,drama
963,"Inspector General, The",musical
965,"39 Steps, The",drama mystery thriller fugitive
968,Night of the Living Dead,horror sci fi thriller zombies
969,"African Queen, The",adventure comedy romance war missionary
970,Beat the Devil,adventure comedy crime drama romance crime
971,Cat on a Hot Tin Roof,drama tennessee williams
973,Meet John Doe,comedy drama journalism
976,"Farewell to Arms, A",romance war hemingway
979,Nothing Personal,drama war
981,Dangerous Ground,drama
982,Picnic,drama
984,"Pompatus of Love, The",comedy drama
986,Fly Away Home,adventure children animal movie
987,Bliss,drama romance
988,Grace of My Heart,comedy drama
990,Maximum Risk,action adventure thriller
991,Michael Collins,drama ireland
993,Infinity,drama
994,Big Night,comedy drama food
996,Last Man Standing,action crime drama thriller
998,Set It Off,action crime
999,2 Days in the Valley,crime film noir
1003,Extreme Measures,drama thriller
1004,"Glimmer Man, The",action thriller
1005,D3: The Mighty Ducks,children comedy
1006,"Chamber, The",drama death penalty john grisham
1007,"Apple Dumpling Gang, The",children comedy western
1008,"Davy Crockett, King of the Wild Frontier",adventure western
1009,Escape to Witch Mountain,adventure children fantasy
1010,"Love Bug, The",children comedy disney race
1011,Herbie Rides Again,children comedy fantasy romance
1012,Old Yeller,children drama
1013,"Parent Trap, The",children comedy romance twins
1014,Pollyanna,children comedy drama
1015,Homeward Bound: The Incredible Journey,adventure children drama
1016,"Shaggy Dog, The",children comedy
1017,Swiss Family Robinson,adventure children
1018,That Darn Cat!,children comedy mystery
1019,"20,000 Leagues Under the Sea",adventure drama sci fi
1020,Cool Runnings,comedy
1021,Angels in the Outfield,children comedy
1022,Cinderella,animation children fantasy musical romance disney
1023,Winnie the Pooh and the Blustery Day,animation children musical
1024,"Three Caballeros, The",animation children musical
1025,"Sword in the Stone, The",animation children fantasy musical disney king arthur
1027,Robin Hood: Prince of Thieves,adventure drama
1028,Mary Poppins,children comedy fantasy musical disney nanny
1029,Dumbo,animation children drama musical disney
1030,Pete's Dragon,adventure animation children musical disney
1031,Bedknobs and Broomsticks,adventure children musical
1032,Alice in Wonderland,adventure animation children fantasy musical disney
1033,"Fox and the Hound, The",animation children drama disney
1034,Freeway,comedy crime drama thriller
1035,"Sound of Music, The",musical romance rogers and hammerstein
1036,Die Hard,action crime thriller
1037,"Lawnmower Man, The",action horror sci fi thriller
1040,"Secret Agent, The",drama
1041,Secrets & Lies,drama in netflix queue
1042,That Thing You Do!,comedy drama music
1043,To Gillian on Her 37th Birthday,drama romance
1046,Beautiful Thing,drama romance
1047,"Long Kiss Goodnight, The",action drama thriller
1049,"Ghost and the Darkness, The",action adventure
1050,Looking for Richard,documentary drama
1051,Trees Lounge,drama
1053,Normal Life,crime drama romance
1054,Get on the Bus,drama
1055,Shadow Conspiracy,thriller
1056,Jude,drama
1057,Everyone Says I Love You,comedy musical romance
1059,William Shakespeare's Romeo + Juliet,drama romance amazing cinematography leonardo dicaprio shakespeare updated classics shakespeare
1060,Swingers,comedy drama
1061,Sleepers,thriller
1064,Aladdin and the King of Thieves,animation children comedy fantasy musical romance
1066,Shall We Dance,comedy musical romance astaire and rogers
1068,Crossfire,crime film noir anti semitism
1073,Willy Wonka & the Chocolate Factory,children comedy fantasy musical
1076,"Innocents, The",drama horror thriller governess
1077,Sleeper,comedy sci fi
1078,Bananas,comedy war
1079,"Fish Called Wanda, A",comedy crime fish
1080,Monty Python's Life of Brian,comedy bible parody religion
1081,Victor/Victoria,comedy musical romance cross dressing
1082,"Candidate, The",drama politics
1083,"Great Race, The",comedy musical
1084,Bonnie and Clyde,crime drama 1920s gangsters
1085,"Old Man and the Sea, The",adventure drama
1086,Dial M for Murder,crime mystery thriller
1088,Dirty Dancing,drama musical romance dance music
1089,Reservoir Dogs,crime mystery thriller ensemble cast nonlinear quentin tarantino stylized heist violence humorous neo noir religion tarantino
1090,Platoon,drama war vietnam
1091,Weekend at Bernie's,comedy
1092,Basic Instinct,crime mystery thriller
1093,"Doors, The",drama 1960s jim morrison music
1094,"Crying Game, The",drama romance thriller
1095,Glengarry Glen Ross,drama
1096,Sophie's Choice,drama holocaust
1097,E.T. the Extra-Terrestrial,children drama sci fi aliens
1099,"Christmas Carol, A",children drama fantasy
1100,Days of Thunder,action drama romance
1101,Top Gun,action romance predictable navy
1103,Rebel Without a Cause,drama 1950s adolescence
1104,"Streetcar Named Desire, A",drama tennessee williams
1105,Children of the Corn IV: The Gathering,horror
1107,Loser,comedy
1111,Microcosmos (Microcosmos: Le peuple de l'herbe),documentary
1112,Palookaville,action comedy drama
1114,"Funeral, The",crime drama
1116,"Single Girl, A (Fille seule, La)",drama
1117,"Eighth Day, The (Huitième jour, Le)",drama
1119,Drunks,drama
1120,"People vs. Larry Flynt, The",comedy drama freedom of expression
1121,Glory Daze,drama
1123,"Perfect Candidate, A",documentary
1124,On Golden Pond,drama aging
1125,"Return of the Pink Panther, The",comedy crime clousseau
1126,Drop Dead Fred,comedy fantasy
1127,"Abyss, The",action adventure sci fi thriller
1128,"Fog, The",horror
1129,Escape from New York,action adventure sci fi thriller
1130,"Howling, The",horror mystery
1131,Jean de Florette,drama mystery
1132,Manon of the Spring (Manon des sources),drama
1135,Private Benjamin,comedy military
1136,Monty Python and the Holy Grail,adventure comedy fantasy british comedy monty python england king arthur
1137,Hustler White,romance
1140,Entertaining Angels: The Dorothy Day Story,drama
1144,"Line King: The Al Hirschfeld Story, The",documentary
1147,When We Were Kings,documentary boxing in netflix queue
1148,Wallace & Gromit: The Wrong Trousers,animation children comedy crime aardman
1150,"Return of Martin Guerre, The (Retour de Martin Guerre, Le)",drama
1151,Lesson Faust,animation comedy drama fantasy
1156,"Children Are Watching Us, The (Bambini ci guardano, I)",drama
1161,"Tin Drum, The (Blechtrommel, Die)",drama war
1162,"Ruling Class, The",comedy drama
1163,Mina Tannenbaum,drama
1167,Dear God,comedy
1170,Best of the Best 3: No Turning Back,action
1171,Bob Roberts,comedy politics
1172,Cinema Paradiso (Nuovo cinema Paradiso),drama
1173,"Cook the Thief His Wife & Her Lover, The",comedy drama
1175,Delicatessen,comedy drama romance
1176,"Double Life of Veronique, The (Double Vie de Véronique, La)",drama fantasy romance
1177,Enchanted April,drama romance italy
1178,Paths of Glory,drama war court military
1179,"Grifters, The",crime drama film noir crime
1180,Hear My Song,comedy
1183,"English Patient, The",drama romance war adultery
1184,Mediterraneo,comedy drama
1185,My Left Foot,drama in netflix queue
1186,"Sex, Lies, and Videotape",drama
1187,Passion Fish,drama disability
1188,Strictly Ballroom,comedy romance australia dance
1189,"Thin Blue Line, The",documentary in netflix queue police
1190,Tie Me Up! Tie Me Down! (¡Átame!),crime drama romance
1191,Madonna: Truth or Dare,documentary musical
1192,Paris Is Burning,documentary
1193,One Flew Over the Cuckoo's Nest,drama emotional jack nicholson mental illness
1194,Cheech and Chong's Up in Smoke,comedy
1196,Star Wars: Episode V - The Empire Strikes Back,action adventure sci fi i am your father space space opera classic george lucas harrison ford music original plot sci fi sequel
1197,"Princess Bride, The",action adventure comedy fantasy romance inigo montoya six fingered man
1198,Raiders of the Lost Ark (Indiana Jones and the Raiders of the Lost Ark),action adventure adventure archaeology indiana jones steven spielberg treasure hunt ark of the covenant
1199,Brazil,fantasy sci fi
1200,Aliens,action adventure horror sci fi action aliens horror sci fi space space craft space travel suspense
1201,"Good, the Bad and the Ugly, The (Buono, il brutto, il cattivo, Il)",action adventure western spaghetti western
1202,Withnail & I,comedy
1203,12 Angry Men,drama court claustrophobic confrontational earnest good dialogue great screenplay gritty motivational thought provoking
1204,Lawrence of Arabia,adventure drama war middle east
1206,"Clockwork Orange, A",crime drama sci fi thriller brainwashing
1207,To Kill a Mockingbird,drama harper lee racism
1208,Apocalypse Now,action drama war vietnam
1209,Once Upon a Time in the West (C'era una volta il West),action drama western spaghetti western
1210,Star Wars: Episode VI - Return of the Jedi,action adventure sci fi darth vader luke skywalker space opera
1211,"Wings of Desire (Himmel über Berlin, Der)",drama fantasy romance
1212,"Third Man, The",film noir mystery thriller ferris wheel venice zither
1213,Goodfellas,crime drama mafia
1214,Alien,horror sci fi aliens
1215,Army of Darkness,action adventure comedy fantasy horror
1216,"Big Blue, The (Grand bleu, Le)",adventure drama romance
1217,Ran,drama war samurai
1218,"Killer, The (Die xue shuang xiong)",action crime drama thriller
1219,Psycho,crime horror alfred hitchcock psychology suspenseful tense norman bates black and white imdb top 250 remade
1220,"Blues Brothers, The",action comedy musical saturday night live
1221,"Godfather: Part II, The",crime drama al pacino mafia
1222,Full Metal Jacket,drama war vietnam anti war
1223,"Grand Day Out with Wallace and Gromit, A",adventure animation children comedy sci fi moon
1224,Henry V,action drama romance war shakespeare
1225,Amadeus,drama mozart salieri
1226,"Quiet Man, The",drama romance
1227,Once Upon a Time in America,crime drama
1228,Raging Bull,drama boxing
1230,Annie Hall,comedy romance new york
1231,"Right Stuff, The",drama nasa space
1232,Stalker,drama mystery sci fi
1233,"Boot, Das (Boat, The)",action drama war submarine
1234,"Sting, The",comedy crime the entertainer
1235,Harold and Maude,comedy drama romance may december romance
1236,Trust,comedy drama romance
1237,"Seventh Seal, The (Sjunde inseglet, Det)",drama chess death atmospheric cerebral existentialism philosophical reflective
1238,Local Hero,comedy
1240,"Terminator, The",action sci fi thriller action artificial intelligence robots sci fi special effects tense time travel
1241,Dead Alive (Braindead),comedy fantasy horror
1242,Glory,drama war civil war
1243,Rosencrantz and Guildenstern Are Dead,comedy drama shakespeare sort of
1244,Manhattan,comedy drama romance black and white
1245,Miller's Crossing,crime drama film noir thriller mafia
1246,Dead Poets Society,drama highschool high school
1247,"Graduate, The",comedy drama romance simon and garfunkel
1248,Touch of Evil,crime film noir thriller
1249,"Femme Nikita, La (Nikita)",action crime romance thriller hit men
1250,"Bridge on the River Kwai, The",adventure drama war pow
1251,8 1/2 (8½),drama fantasy
1252,Chinatown,crime film noir mystery thriller incest
1253,"Day the Earth Stood Still, The",drama sci fi thriller aliens
1254,"Treasure of the Sierra Madre, The",action adventure drama western cold
1255,Bad Taste,comedy horror sci fi
1256,Duck Soup,comedy musical war
1257,Better Off Dead...,comedy romance skiing
1258,"Shining, The",horror atmospheric disturbing horror jack nicholson masterpiece psychological stanley kubrick suspense stephen king
1259,Stand by Me,adventure drama stephen king
1260,M,crime film noir thriller serial killer atmospheric chilly creepy menacing mental illness oninous
1261,Evil Dead II (Dead by Dawn),action comedy fantasy horror
1262,"Great Escape, The",action adventure drama war pow
1263,"Deer Hunter, The",drama war vietnam
1264,Diva,action drama mystery romance thriller
1265,Groundhog Day,comedy fantasy romance
1266,Unforgiven,drama western revenge
1267,"Manchurian Candidate, The",crime thriller war assassination brainwashing
1268,Pump Up the Volume,comedy drama
1269,Arsenic and Old Lace,comedy mystery thriller murder
1270,Back to the Future,adventure comedy sci fi time travel
1271,Fried Green Tomatoes,comedy crime drama
1272,Patton,drama war world war ii
1273,Down by Law,comedy drama film noir
1274,Akira,action adventure animation sci fi animation anime visually stunning
1275,Highlander,action adventure fantasy
1276,Cool Hand Luke,drama prison
1277,Cyrano de Bergerac,comedy drama romance in netflix queue
1278,Young Frankenstein,comedy fantasy spoof
1279,Night on Earth,comedy drama
1280,Raise the Red Lantern (Da hong deng long gao gao gua),drama in netflix queue
1281,"Great Dictator, The",comedy drama war nazis
1282,Fantasia,animation children fantasy musical disney
1283,High Noon,drama western gunfight
1284,"Big Sleep, The",crime film noir mystery hammett
1285,Heathers,comedy high school
1286,Somewhere in Time,drama romance
1287,Ben-Hur,action adventure drama
1288,This Is Spinal Tap,comedy music heavy metal mockumentary
1289,Koyaanisqatsi (a.k.a. Koyaanisqatsi: Life Out of Balance),documentary
1290,Some Kind of Wonderful,drama romance
1291,Indiana Jones and the Last Crusade,action adventure archaeology holy grail
1292,Being There,comedy drama television
1293,Gandhi,drama india
1295,"Unbearable Lightness of Being, The",drama
1296,"Room with a View, A",drama romance e m forster
1297,Real Genius,comedy
1298,Pink Floyd: The Wall,drama musical
1299,"Killing Fields, The",drama war cambodia vietnam
1300,My Life as a Dog (Mitt liv som hund),comedy drama
1301,Forbidden Planet,drama sci fi shakespeare sort of space
1302,Field of Dreams,children drama fantasy baseball
1303,"Man Who Would Be King, The",adventure drama india
1304,Butch Cassidy and the Sundance Kid,action western crime
1305,"Paris, Texas",drama romance
1306,Until the End of the World (Bis ans Ende der Welt),adventure drama sci fi
1307,When Harry Met Sally...,comedy romance new york
1310,Hype!,documentary
1312,Female Perversions,drama
1318,Blue Juice,comedy drama
1320,Alien³ (a.k.a. Alien 3),action horror sci fi thriller
1321,"American Werewolf in London, An",comedy horror thriller
1322,Amityville 1992: It's About Time,horror
1323,Amityville 3-D,horror
1324,Amityville: Dollhouse,horror
1325,Amityville: A New Generation,horror
1326,Amityville II: The Possession,horror
1327,"Amityville Horror, The",drama horror mystery thriller
1328,"Amityville Curse, The",horror
1329,Blood for Dracula (Andy Warhol's Dracula),horror
1330,April Fool's Day,horror
1331,Audrey Rose,horror
1332,"Believers, The",horror thriller
1333,"Birds, The",horror thriller birds
1334,"Blob, The",horror sci fi
1335,Blood Beach,horror mystery
1336,Body Parts,horror thriller
1337,"Body Snatcher, The",drama horror thriller
1339,Dracula (Bram Stoker's Dracula),fantasy horror romance thriller
1340,"Bride of Frankenstein, The (Bride of Frankenstein)",drama horror sci fi
1341,Burnt Offerings,horror
1342,Candyman,horror thriller
1343,Cape Fear,thriller horror juliette lewis martin scorsese robert de niro remake
1344,Cape Fear,crime drama thriller lawyer
1345,Carrie,drama fantasy horror thriller high school prom stephen king
1346,Cat People,drama fantasy horror
1347,"Nightmare on Elm Street, A",horror thriller
1348,"Nosferatu (Nosferatu, eine Symphonie des Grauens)",horror vampires
1349,Vampire in Venice (Nosferatu a Venezia) (Nosferatu in Venice),horror
1350,"Omen, The",horror mystery thriller demons
1351,Blood and Wine (Blood & Wine),crime drama thriller
1352,Albino Alligator,crime thriller
1353,"Mirror Has Two Faces, The",comedy drama romance personals ads
1354,Breaking the Waves,drama mystery religion
1355,Nightwatch,horror thriller
1356,Star Trek: First Contact,action adventure sci fi thriller borg
1357,Shine,drama romance music
1358,Sling Blade,drama ex con
1359,Jingle All the Way,children comedy
1361,Paradise Lost: The Child Murders at Robin Hood Hills,documentary in netflix queue
1363,"Preacher's Wife, The",drama religion
1365,Ridicule,drama
1366,"Crucible, The",drama arthur miller
1367,101 Dalmatians,adventure children comedy dogs remake
1370,Die Hard 2,action adventure thriller
1371,Star Trek: The Motion Picture,adventure sci fi
1372,Star Trek VI: The Undiscovered Country,action mystery sci fi klingons
1373,Star Trek V: The Final Frontier,action sci fi
1374,Star Trek II: The Wrath of Khan,action adventure sci fi thriller captain kirk
1375,Star Trek III: The Search for Spock,action adventure sci fi
1376,Star Trek IV: The Voyage Home,adventure comedy sci fi whales
1377,Batman Returns,action crime superhero
1378,Young Guns,action comedy western
1379,Young Guns II,action western
1380,Grease,comedy musical romance high school
1381,Grease 2,comedy musical romance high school
1382,Marked for Death,action drama
1385,Under Siege,action drama thriller
1387,Jaws,action horror shark
1388,Jaws 2,horror thriller
1389,Jaws 3-D,action horror shark
1390,My Fellow Americans,comedy
1391,Mars Attacks!,action comedy sci fi
1392,Citizen Ruth,comedy drama
1393,Jerry Maguire,drama romance sports
1394,Raising Arizona,comedy coen brothers
1395,Tin Men,comedy drama
1396,Sneakers,action comedy crime drama sci fi spying
1397,Bastard Out of Carolina,drama
1398,In Love and War,romance war hemingway
1399,Marvin's Room,drama
1401,Ghosts of Mississippi,drama
1405,Beavis and Butt-Head Do America,adventure animation comedy crime
1406,La Cérémonie,crime drama mystery thriller
1407,Scream,comedy horror mystery thriller slasher spoof
1408,"Last of the Mohicans, The",action romance war western hawkeye james fennimore cooper
1409,Michael,comedy drama fantasy romance
1411,Hamlet,crime drama romance shakespeare
1412,Some Mother's Son,drama
1413,"Whole Wide World, The",drama conan
1414,Mother,comedy
1415,"Thieves (Voleurs, Les)",crime drama romance
1416,Evita,drama musical andrew lloyd weber
1417,"Portrait of a Lady, The",drama
1419,Walkabout,adventure drama
1422,Murder at 1600,crime drama mystery thriller
1423,Hearts and Minds,drama in netflix queue vietnam
1425,Fierce Creatures,comedy
1426,Zeus and Roxanne,children
1427,Turbulence,action thriller
1428,Angel Baby,drama
1429,First Strike (Police Story 4: First Strike) (Ging chaat goo si 4: Ji gaan daan yam mo),action adventure comedy thriller
1430,Underworld,comedy thriller
1431,Beverly Hills Ninja,action comedy
1432,Metro,action comedy crime drama thriller
1437,"Cement Garden, The",drama
1438,Dante's Peak,action thriller
1439,Meet Wally Sparks,comedy
1440,Amos & Andrew,comedy
1441,Benny & Joon,comedy romance mental illness not seen
1442,Prefontaine,drama
1445,McHale's Navy,comedy war
1446,Kolya (Kolja),comedy drama in netflix queue
1447,Gridlock'd,crime
1449,Waiting for Guffman,comedy mockumentary
1453,"Beautician and the Beast, The",comedy romance
1454,SubUrbia,comedy drama
1456,"Pest, The",comedy
1457,Fools Rush In,comedy drama romance
1458,Touch,drama fantasy romance
1459,Absolute Power,mystery thriller
1460,That Darn Cat,children comedy mystery
1461,Vegas Vacation (National Lampoon's Las Vegas Vacation),comedy
1464,Lost Highway,crime drama fantasy film noir mystery romance
1465,Rosewood,action drama
1466,Donnie Brasco,crime drama mafia
1468,Booty Call,comedy romance
1473,Best Men,action comedy crime drama
1474,Jungle2Jungle (a.k.a. Jungle 2 Jungle),children comedy jungle
1475,Kama Sutra: A Tale of Love,romance
1476,Private Parts,comedy drama
1477,Love Jones,romance
1479,"Saint, The",action romance sci fi thriller
1480,Smilla's Sense of Snow,drama thriller
1483,Crash,drama thriller
1484,"Daytrippers, The",comedy drama mystery romance
1485,Liar Liar,comedy lawyer
1487,Selena,drama musical
1488,"Devil's Own, The",action drama thriller
1489,Cats Don't Dance,animation children musical
1490,B*A*P*S,comedy
1493,Love and Other Catastrophes,romance
1495,Turbo: A Power Rangers Movie,action adventure children
1496,Anna Karenina,drama romance tolstoy
1497,Double Team,action
1498,Inventing the Abbotts,drama romance
1499,Anaconda,action adventure thriller
1500,Grosse Pointe Blank,comedy crime romance hit men reunion
1502,Kissed,drama romance
1503,8 Heads in a Duffel Bag,comedy
1507,Paradise Road,drama war
1513,Romy and Michele's High School Reunion,comedy reunion
1514,Temptress Moon (Feng Yue),romance
1515,Volcano,action drama thriller
1516,Children of the Revolution,comedy
1517,Austin Powers: International Man of Mystery,action adventure comedy
1518,Breakdown,action thriller
1519,Broken English,drama
1526,Fathers' Day,comedy
1527,"Fifth Element, The",action adventure comedy sci fi
1529,Nowhere,comedy drama
1533,"Promise, The (La promesse)",drama
1537,Shall We Dance? (Shall We Dansu?),comedy drama romance ballroom dance
1541,Addicted to Love,comedy romance
1542,Brassed Off,comedy drama romance in netflix queue
1544,"Lost World: Jurassic Park, The",action adventure sci fi thriller dinosaurs
1545,Ponette,drama death
1546,Schizopolis,comedy
1547,Shiloh,children drama
1549,Rough Magic,drama romance
1550,Trial and Error,comedy romance
1551,Buddy,adventure children drama
1552,Con Air,action adventure thriller
1554,"Pillow Book, The",drama romance
1556,Speed 2: Cruise Control,action romance thriller
1562,Batman & Robin,action adventure fantasy thriller
1564,For Roseanna (Roseanna's Grave),comedy drama romance
1565,Head Above Water,comedy thriller
1566,Hercules,adventure animation children comedy musical
1569,My Best Friend's Wedding,comedy romance romantic comedy wedding weddings
1571,When the Cat's Away (Chacun cherche son chat),comedy romance
1572,"Contempt (Mépris, Le)",drama
1573,Face/Off,action crime drama thriller transplants
1574,Fall,romance
1580,Men in Black (a.k.a. MIB),action comedy sci fi aliens
1581,Out to Sea,comedy
1582,Wild America,adventure children
1583,"Simple Wish, A",children fantasy
1584,Contact,drama sci fi
1585,Love Serenade,comedy
1586,G.I. Jane,action drama military
1587,Conan the Barbarian,action adventure fantasy
1588,George of the Jungle,children comedy
1589,Cop Land,action crime drama thriller
1590,Event Horizon,horror sci fi thriller
1591,Spawn,action adventure sci fi thriller
1592,Air Bud,children comedy
1593,Picture Perfect,comedy romance
1594,In the Company of Men,comedy drama
1596,Career Girls,drama
1597,Conspiracy Theory,drama mystery romance thriller
1598,Desperate Measures,crime drama thriller
1599,Steel,action
1600,She's So Lovely,drama romance
1601,Hoodlum,crime drama film noir
1602,Leave It to Beaver,comedy
1603,Mimic,horror sci fi thriller
1604,Money Talks,action comedy
1605,Excess Baggage,adventure romance
1606,Kull the Conqueror,action adventure
1608,Air Force One,action thriller president
1609,187 (One Eight Seven),drama thriller
1610,"Hunt for Red October, The",action adventure thriller tom clancy
1611,My Own Private Idaho,drama romance
1612,"Kiss Me, Guido",comedy
1613,Star Maps,drama
1614,In & Out,comedy
1615,"Edge, The",adventure drama
1616,"Peacemaker, The",action thriller war
1617,L.A. Confidential,crime film noir mystery thriller police
1619,Seven Years in Tibet,adventure drama war
1620,Kiss the Girls,crime drama mystery thriller
1621,Soul Food,drama
1623,Wishmaster,horror
1624,"Thousand Acres, A",drama
1625,"Game, The",drama mystery thriller mindfuck mystery plot twist psychological suspense twist ending
1626,Fire Down Below,action drama thriller
1627,U Turn,crime drama mystery
1629,"MatchMaker, The",comedy romance
1631,"Assignment, The",action thriller
1633,Ulee's Gold,drama
1635,"Ice Storm, The",drama 1970s
1639,Chasing Amy,comedy drama romance
1641,"Full Monty, The",comedy drama
1642,Indian Summer (a.k.a. Alive & Kicking),comedy drama
1643,"Mrs. Brown (a.k.a. Her Majesty, Mrs. Brown)",drama romance england queen victoria
1644,I Know What You Did Last Summer,horror mystery thriller
1645,The Devil's Advocate,drama mystery thriller lawyers
1646,RocketMan (a.k.a. Rocket Man),children comedy romance sci fi
1647,Playing God,crime drama thriller
1648,"House of Yes, The",comedy drama
1649,"Fast, Cheap & Out of Control",documentary
1650,Washington Square,drama henry james
1652,Year of the Horse,documentary
1653,Gattaca,drama sci fi thriller future intelligent thought provoking
1654,FairyTale: A True Story,children drama fantasy
1655,Phantoms,drama horror thriller
1656,Swept from the Sea,drama romance
1658,"Life Less Ordinary, A",romance thriller
1659,Hurricane Streets,drama
1660,Eve's Bayou,drama
1661,Switchback,crime mystery thriller
1662,Gang Related,crime
1663,Stripes,comedy war military
1665,Bean,comedy
1667,Mad City,action drama
1670,Welcome to Sarajevo,drama war
1671,Deceiver,crime drama thriller
1672,"Rainmaker, The",drama in netflix queue
1673,Boogie Nights,drama
1674,Witness,drama romance thriller amish
1675,Incognito,crime thriller
1676,Starship Troopers,action sci fi
1677,Critical Care,comedy drama
1678,"Joy Luck Club, The",drama romance
1679,Chairman of the Board,comedy
1680,Sliding Doors,drama romance alternate universe
1681,Mortal Kombat: Annihilation,action adventure fantasy
1682,"Truman Show, The",comedy drama sci fi tv
1683,"Wings of the Dove, The",drama romance henry james
1684,Mrs. Dalloway,drama romance
1685,"I Love You, I Love You Not",drama romance
1686,Red Corner,crime thriller
1687,"Jackal, The",action thriller
1688,Anastasia,adventure animation children drama musical
1689,"Man Who Knew Too Little, The",comedy crime thriller
1690,Alien: Resurrection,action horror sci fi
1693,Amistad,drama mystery
1694,"Apostle, The",drama
1695,Artemisia,drama
1696,Bent,drama war
1699,"Butcher Boy, The",comedy drama
1701,Deconstructing Harry,comedy drama
1702,Flubber,children comedy fantasy
1703,For Richer or Poorer,comedy
1704,Good Will Hunting,drama romance inspirational heartwarming
1707,Home Alone 3,children comedy
1711,Midnight in the Garden of Good and Evil,crime drama mystery savannah
1713,Mouse Hunt,children comedy
1717,Scream 2,comedy horror mystery thriller sequel slasher spoof
1718,Stranger in the House,thriller
1719,"Sweet Hereafter, The",drama canada death
1721,Titanic,drama romance shipwreck romance
1722,Tomorrow Never Dies,action adventure thriller
1726,"Postman, The",action adventure drama sci fi kevin costner post apocalyptic
1727,"Horse Whisperer, The",drama romance
1729,Jackie Brown,crime drama thriller
1730,Kundun,drama
1731,Mr. Magoo,comedy
1732,"Big Lebowski, The",comedy crime coen brothers black comedy bowling classic coen brothers comedy crime cult classic cult film dark comedy deadpan drugs funny great dialogue great soundtrack highly quotable imdb top 250 jeff bridges john goodman julianne moore kidnapping marijuana nudity full frontal off beat comedy philip seymour hoffman quirky ransom rug sarcasm satirical steve buscemi violence
1733,Afterglow,drama romance
1734,My Life in Pink (Ma vie en rose),comedy drama
1735,Great Expectations,drama romance charles dickens
1739,3 Ninjas: High Noon On Mega Mountain,action children comedy
1746,Senseless,comedy
1747,Wag the Dog,comedy
1748,Dark City,adventure film noir sci fi thriller amnesia
1752,Hard Rain,action crime thriller
1753,Half Baked,comedy
1754,Fallen,crime drama fantasy thriller
1755,Shooting Fish,comedy romance
1757,Fallen Angels (Duo luo tian shi),drama romance
1759,"Four Days in September (O Que É Isso, Companheiro?)",drama
1760,Spice World,comedy
1762,Deep Rising,action horror sci fi
1767,Music From Another Room,drama romance
1769,"Replacement Killers, The",action crime thriller
1770,B. Monkey,crime romance thriller
1771,Night Flier,horror
1772,Blues Brothers 2000,action comedy musical
1777,"Wedding Singer, The",comedy romance 1980s
1779,Sphere,sci fi thriller good
1783,Palmetto,crime drama mystery romance thriller
1784,As Good as It Gets,comedy drama romance
1785,King of New York,crime thriller
1791,Twilight,crime drama thriller
1792,U.S. Marshals,action crime thriller
1793,Welcome to Woop-Woop,comedy
1794,Love and Death on Long Island,comedy drama
1797,Everest,documentary imax in netflix queue
1798,Hush,thriller
1799,Suicide Kings,comedy crime drama mystery thriller
1801,"Man in the Iron Mask, The",action adventure drama seen more than once
1804,"Newton Boys, The",crime drama
1805,Wild Things,crime drama mystery thriller
1806,Paulie,adventure children comedy
1807,"Cool, Dry Place, A",drama
1809,Fireworks (Hana-bi),crime drama
1810,Primary Colors,comedy drama politics
1812,Wide Awake,children comedy drama
1816,Two Girls and a Guy,comedy drama
1821,"Object of My Affection, The",comedy romance
1824,Homegrown,comedy thriller
1825,The Players Club,comedy drama
1826,Barney's Great Adventure,adventure children
1827,"Big One, The",comedy documentary
1829,Chinese Box,drama romance
1831,Lost in Space,action adventure sci fi
1833,Mercury Rising,action drama thriller
1834,"Spanish Prisoner, The",crime drama mystery thriller twist ending
1835,City of Angels,drama fantasy romance
1836,"Last Days of Disco, The",comedy drama no dvd at netflix
1837,"Odd Couple II, The",comedy
1839,My Giant,comedy
1840,He Got Game,drama
1841,"Gingerbread Man, The",drama thriller
1844,Live Flesh (Carne trémula),drama romance
1845,Zero Effect,comedy mystery thriller
1848,"Borrowers, The",adventure children comedy fantasy
1855,Krippendorf's Tribe,comedy
1856,Kurt & Courtney,documentary
1857,"Real Blonde, The",comedy
1858,Mr. Nice Guy (Yat goh ho yan),action comedy
1859,Taste of Cherry (Ta'm e guilass),drama
1860,Character (Karakter),drama
1862,Species II,horror sci fi
1863,Major League: Back to the Minors,comedy
1866,"Big Hit, The",action comedy crime
1867,Tarzan and the Lost City,action adventure
1870,"Dancer, Texas Pop. 81",comedy drama
1873,"Misérables, Les",crime drama romance war
1875,Clockwatchers,comedy
1876,Deep Impact,drama sci fi thriller
1881,Quest for Camelot,adventure animation children fantasy musical
1882,Godzilla,action sci fi thriller
1883,Bulworth,comedy drama romance
1884,Fear and Loathing in Las Vegas,adventure comedy drama
1885,"Opposite of Sex, The",comedy drama romance
1887,Almost Heroes,adventure comedy western
1888,Hope Floats,comedy drama romance
1889,Insomnia,drama mystery thriller
1891,"Ugly, The",horror thriller
1892,"Perfect Murder, A",thriller
1893,Beyond Silence (Jenseits der Stille),drama in netflix queue
1894,Six Days Seven Nights,adventure comedy romance
1895,Can't Hardly Wait,comedy drama romance
1897,High Art,drama romance
1900,"Children of Heaven, The (Bacheha-Ye Aseman)",comedy drama in netflix queue
1902,Dream for an Insomniac,drama romance generation x
1904,Henry Fool,comedy drama
1906,Mr. Jealousy,comedy romance
1907,Mulan,adventure animation children comedy drama musical romance
1909,"X-Files: Fight the Future, The",action crime mystery sci fi thriller conspiracy
1910,I Went Down,comedy crime drama
1911,Dr. Dolittle,comedy
1912,Out of Sight,comedy crime drama romance thriller heist
1913,Picnic at Hanging Rock,drama mystery australia
1914,Smoke Signals,comedy drama
1916,Buffalo '66 (a.k.a. Buffalo 66),drama romance avant garde romantic comedy elegiac melancholy quirky wry
1917,Armageddon,action romance sci fi thriller space
1918,Lethal Weapon 4,action comedy crime thriller
1919,Madeline,children comedy
1920,Small Soldiers,animation children fantasy war
1921,Pi,drama sci fi thriller hallucinatory mental illness mindfuck paranoid mathematics artsy atmospheric cerebral enigmatic existentialism insanity paranoia surreal tense visually appealing
1922,Whatever,drama
1923,There's Something About Mary,comedy romance ben stiller crude humor goofy
1924,Plan 9 from Outer Space,horror sci fi
1926,"Broadway Melody, The",musical
1927,All Quiet on the Western Front,action drama war
1928,Cimarron,drama western
1929,Grand Hotel,drama romance
1931,Mutiny on the Bounty,adventure drama ships
1932,"Great Ziegfeld, The",drama musical
1933,"Life of Emile Zola, The",drama
1934,You Can't Take It with You,comedy romance
1936,Mrs. Miniver,drama war
1937,Going My Way,comedy drama musical
1938,"Lost Weekend, The",drama alcoholism
1939,"Best Years of Our Lives, The",drama war
1940,Gentleman's Agreement,drama anti semitism judaism
1941,Hamlet,drama
1942,All the King's Men,drama huey long in netflix queue robert penn warren
1944,From Here to Eternity,drama romance war
1945,On the Waterfront,crime drama boxing coulda been a contender
1946,Marty,drama romance
1947,West Side Story,drama musical romance gangs
1948,Tom Jones,adventure comedy romance british
1949,"Man for All Seasons, A",drama
1950,In the Heat of the Night,drama mystery racism
1951,Oliver!,drama musical dickens
1952,Midnight Cowboy,drama prostitution
1953,"French Connection, The",action crime thriller drugs police
1954,Rocky,drama boxing sports
1955,Kramer vs. Kramer,drama divorce
1956,Ordinary People,drama
1957,Chariots of Fire,drama olympics sports
1958,Terms of Endearment,comedy drama
1959,Out of Africa,drama romance adultery africa
1960,"Last Emperor, The",drama china
1961,Rain Man,drama autism
1962,Driving Miss Daisy,drama rasicm
1963,Take the Money and Run,comedy crime
1964,Klute,drama mystery
1965,Repo Man,comedy sci fi
1966,Metropolitan,comedy
1967,Labyrinth,adventure fantasy musical
1968,"Breakfast Club, The",comedy drama
1969,"Nightmare on Elm Street 2: Freddy's Revenge, A",horror
1970,"Nightmare on Elm Street 3: Dream Warriors, A",horror thriller
1971,"Nightmare on Elm Street 4: The Dream Master, A",horror thriller
1972,"Nightmare on Elm Street 5: The Dream Child, A",horror
1973,"Freddy's Dead: The Final Nightmare (Nightmare on Elm Street Part 6: Freddy's Dead, A)",horror
1974,Friday the 13th,horror mystery thriller
1975,Friday the 13th Part 2,horror jason
1976,Friday the 13th Part 3: 3D,horror jason
1977,Friday the 13th Part IV: The Final Chapter,horror jason
1978,Friday the 13th Part V: A New Beginning,horror jason
1979,Friday the 13th Part VI: Jason Lives,horror jason
1980,Friday the 13th Part VII: The New Blood,horror
1981,Friday the 13th Part VIII: Jason Takes Manhattan,horror
1982,Halloween,horror
1983,Halloween II,horror halloween
1984,Halloween III: Season of the Witch,horror halloween
1985,Halloween 4: The Return of Michael Myers,horror
1986,Halloween 5: The Revenge of Michael Myers,horror
1987,Prom Night,horror
1990,Prom Night IV: Deliver Us From Evil,horror
1991,Child's Play,horror thriller
1992,Child's Play 2,horror thriller
1993,Child's Play 3,comedy horror thriller
1994,Poltergeist,horror thriller ghosts
1995,Poltergeist II: The Other Side,horror thriller ghosts
1996,Poltergeist III,horror thriller ghosts
1997,"Exorcist, The",horror mystery demons
1998,Exorcist II: The Heretic,horror
1999,"Exorcist III, The",horror
2000,Lethal Weapon,action comedy crime drama
2001,Lethal Weapon 2,action comedy crime drama
2002,Lethal Weapon 3,action comedy crime drama
2003,Gremlins,comedy horror
2004,Gremlins 2: The New Batch,comedy horror
2005,"Goonies, The",action adventure children comedy fantasy
2006,"Mask of Zorro, The",action comedy romance california mexico
2007,Polish Wedding,comedy
2008,"This World, Then the Fireworks",crime drama film noir
2009,Soylent Green,drama mystery sci fi thriller
2010,Metropolis,drama sci fi
2011,Back to the Future Part II,adventure comedy sci fi time travel
2012,Back to the Future Part III,adventure comedy sci fi western
2013,"Poseidon Adventure, The",action adventure drama
2014,Freaky Friday,children comedy fantasy
2015,"Absent-Minded Professor, The",children comedy fantasy
2016,"Apple Dumpling Gang Rides Again, The",children comedy western
2017,Babes in Toyland,children fantasy musical
2018,Bambi,animation children drama
2019,Seven Samurai (Shichinin no samurai),action adventure drama samurai
2020,Dangerous Liaisons,drama romance adultery
2021,Dune,adventure sci fi
2022,"Last Temptation of Christ, The",drama bible katzanzakis
2023,"Godfather: Part III, The",crime drama mystery thriller al pacino andy garcia classic francis ford coppola mafia
2024,"Rapture, The",drama mystery
2025,Lolita,drama romance
2026,Disturbing Behavior,horror thriller
2027,Jane Austen's Mafia!,comedy crime
2028,Saving Private Ryan,action drama war world war ii
2032,"Barefoot Executive, The",children comedy
2033,"Black Cauldron, The",adventure animation children fantasy
2034,"Black Hole, The",children sci fi
2035,Blackbeard's Ghost,children comedy
2036,Blank Check,children comedy
2037,Candleshoe,adventure children comedy
2038,"Cat from Outer Space, The",children comedy sci fi
2040,"Computer Wore Tennis Shoes, The",children comedy
2041,Condorman,action adventure children comedy
2042,D2: The Mighty Ducks,children comedy
2043,Darby O'Gill and the Little People,adventure children fantasy
2044,"Devil and Max Devlin, The",comedy fantasy
2046,Flight of the Navigator,adventure children sci fi
2048,"Great Mouse Detective, The",action animation children crime
2050,Herbie Goes Bananas,adventure children comedy
2051,Herbie Goes to Monte Carlo,adventure children comedy
2052,Hocus Pocus,children comedy fantasy horror
2053,"Honey, I Blew Up the Kid",children comedy sci fi
2054,"Honey, I Shrunk the Kids",adventure children comedy fantasy sci fi disney
2055,Hot Lead and Cold Feet,action comedy western
2056,In Search of the Castaways,adventure children
2057,"Incredible Journey, The",adventure children
2058,"Negotiator, The",action crime drama mystery thriller police
2059,"Parent Trap, The",children comedy romance twins
2060,BASEketball,comedy
2064,Roger & Me,documentary general motors michigan
2065,"Purple Rose of Cairo, The",comedy drama fantasy romance in netflix queue
2066,Out of the Past,film noir memory
2067,Doctor Zhivago,drama romance war
2068,Fanny and Alexander (Fanny och Alexander),drama fantasy mystery
2069,"Trip to Bountiful, The",drama
2070,Tender Mercies,drama romance western music
2071,And the Band Played On,drama aids in netflix queue
2072,"'burbs, The",comedy
2073,Fandango,comedy
2074,"Night Porter, The (Portiere di notte, Il)",crime drama romance
2075,Mephisto,drama war
2076,Blue Velvet,drama mystery thriller sexuality suburbia
2077,"Journey of Natty Gann, The",adventure children
2078,"Jungle Book, The",animation children comedy musical disney
2080,Lady and the Tramp,animation children comedy romance disney
2081,"Little Mermaid, The",animation children comedy musical romance
2082,"Mighty Ducks, The",children comedy
2083,"Muppet Christmas Carol, The",children comedy musical
2084,Newsies,children musical
2085,101 Dalmatians (One Hundred and One Dalmatians),adventure animation children disney
2087,Peter Pan,animation children fantasy musical
2088,Popeye,adventure comedy musical
2089,"Rescuers Down Under, The",adventure animation children
2090,"Rescuers, The",adventure animation children crime drama
2091,Return from Witch Mountain,children sci fi
2092,"Return of Jafar, The",adventure animation children fantasy musical romance
2093,Return to Oz,adventure children fantasy
2094,"Rocketeer, The",action adventure sci fi
2095,"Shaggy D.A., The",children comedy
2096,Sleeping Beauty,animation children musical
2097,Something Wicked This Way Comes,children drama fantasy mystery thriller carnival ray bradbury
2098,Son of Flubber,children comedy
2099,Song of the South,adventure animation children musical
2100,Splash,comedy fantasy romance mermaid
2102,Steamboat Willie,animation children comedy musical
2103,Tall Tale,adventure children fantasy western
2104,Tex,drama
2105,Tron,action adventure sci fi
2106,Swing Kids,drama war
2107,Halloween H20: 20 Years Later (Halloween 7: The Revenge of Laurie Strode),horror thriller
2108,L.A. Story,comedy romance weather forecaster
2109,"Jerk, The",comedy
2110,Dead Men Don't Wear Plaid,comedy crime thriller
2111,"Man with Two Brains, The",comedy
2112,Grand Canyon,crime drama
2114,"Outsiders, The",drama s e hinton
2115,Indiana Jones and the Temple of Doom,action adventure fantasy archaeology
2116,"Lord of the Rings, The",adventure animation children fantasy tolkein classic
2117,1984 (Nineteen Eighty-Four),drama sci fi
2118,"Dead Zone, The",thriller stephen king
2119,Maximum Overdrive,horror
2120,Needful Things,drama horror
2121,Cujo,horror thriller stephen king
2122,Children of the Corn,horror thriller stephen king
2123,All Dogs Go to Heaven,animation children comedy drama fantasy
2124,"Addams Family, The",children comedy fantasy black comedy christina ricci christopher lloyd family gothic quirky
2125,Ever After: A Cinderella Story,comedy drama romance
2126,Snake Eyes,action crime mystery thriller
2130,Atlantic City,crime drama romance
2131,Autumn Sonata (Höstsonaten),drama
2132,Who's Afraid of Virginia Woolf?,drama
2133,Adventures in Babysitting,adventure comedy
2134,Weird Science,comedy fantasy sci fi
2135,Doctor Dolittle,adventure children musical
2136,"Nutty Professor, The",comedy sci fi
2137,Charlotte's Web,animation children
2138,Watership Down,adventure animation children drama fantasy atmospheric beautiful
2139,"Secret of NIMH, The",adventure animation children drama mice
2140,"Dark Crystal, The",adventure fantasy
2141,"American Tail, An",adventure animation children comedy
2142,"American Tail: Fievel Goes West, An",adventure animation children musical western
2143,Legend,adventure fantasy romance
2144,Sixteen Candles,comedy romance
2145,Pretty in Pink,comedy drama romance 1980s high school
2146,St. Elmo's Fire,drama romance post college
2147,"Clan of the Cave Bear, The",adventure drama fantasy
2148,House,comedy fantasy horror
2149,House II: The Second Story,comedy fantasy horror
2150,"Gods Must Be Crazy, The",adventure comedy
2151,"Gods Must Be Crazy II, The",comedy
2152,Air Bud: Golden Receiver,children comedy
2153,"Avengers, The",action adventure
2154,How Stella Got Her Groove Back,drama romance
2155,"Slums of Beverly Hills, The",comedy drama
2156,"Best Man, The (Testimone dello sposo, Il)",comedy drama romance
2159,Henry: Portrait of a Serial Killer,crime horror thriller
2160,Rosemary's Baby,drama horror thriller atmospheric creepy paranoia scary suspense demons
2161,"NeverEnding Story, The",adventure children fantasy
2162,"NeverEnding Story II: The Next Chapter, The",adventure children fantasy
2163,Attack of the Killer Tomatoes!,comedy horror
2164,Surf Nazis Must Die,action comedy drama horror
2165,Your Friends and Neighbors,comedy drama
2166,Return to Paradise,crime drama romance thriller
2167,Blade,action horror thriller vampires
2169,Dead Man on Campus,comedy
2170,Wrongfully Accused,action comedy
2171,Next Stop Wonderland,comedy drama romance aquarium boston personals ads
2172,"Strike! (a.k.a. All I Wanna Do, The Hairy Bird)",comedy drama
2174,Beetlejuice,comedy fantasy
2175,Déjà Vu,drama romance
2176,Rope,crime drama thriller
2177,Family Plot,comedy thriller
2178,Frenzy,thriller
2179,Topaz,thriller
2180,Torn Curtain,thriller
2181,Marnie,drama mystery romance thriller
2182,"Wrong Man, The",drama film noir thriller
2183,"Man Who Knew Too Much, The",adventure drama mystery thriller
2184,"Trouble with Harry, The",comedy mystery
2185,I Confess,thriller
2186,Strangers on a Train,crime drama film noir thriller murder
2187,Stage Fright,mystery romance thriller theater
2188,54,drama
2190,Why Do Fools Fall In Love?,drama
2193,Willow,action adventure fantasy
2194,"Untouchables, The",action crime drama capone gangsters
2195,Dirty Work,comedy
2196,Knock Off,action
2201,"Paradine Case, The",drama
2202,Lifeboat,drama war survival
2203,Shadow of a Doubt,crime drama thriller small towns
2204,Saboteur,mystery thriller
2205,Mr. & Mrs. Smith,comedy romance
2206,Suspicion,film noir mystery thriller paranoia
2207,Jamaica Inn,drama
2208,"Lady Vanishes, The",drama mystery thriller train
2210,Sabotage,thriller
2211,Secret Agent,thriller
2212,"Man Who Knew Too Much, The",drama thriller
2226,"Ring, The",drama
2227,"Lodger: A Story of the London Fog, The",crime drama thriller
2231,Rounders,drama
2232,Cube,horror mystery sci fi thriller
2236,Simon Birch,drama
2239,Swept Away (Travolti da un insolito destino nell'azzurro mare d'Agosto),comedy drama
2240,My Bodyguard,drama
2241,Class,comedy
2243,Broadcast News,comedy drama romance journalism
2244,"Allnighter, The",comedy romance
2245,Working Girl,comedy drama romance
2247,Married to the Mob,comedy mafia
2248,Say Anything...,comedy drama romance in your eyes lloyd dobbler
2249,My Blue Heaven,comedy mafia
2252,Hero,comedy drama
2253,Toys,comedy fantasy
2255,Young Doctors in Love,comedy
2256,Parasite,horror sci fi
2257,No Small Affair,comedy romance
2259,Blame It on Rio,comedy romance
2260,Wisdom,crime drama
2261,One Crazy Summer,comedy
2262,About Last Night...,comedy drama romance
2263,"Seventh Sign, The",drama fantasy thriller
2264,We're No Angels,comedy crime
2265,Nothing But Trouble,adventure comedy
2266,"Butcher's Wife, The",comedy romance
2267,Mortal Thoughts,mystery thriller
2268,"Few Good Men, A",crime drama thriller court military
2269,Indecent Proposal,drama romance
2271,Permanent Midnight,drama
2272,One True Thing,drama
2273,Rush Hour,action comedy crime thriller
2275,Six-String Samurai,action adventure sci fi
2278,Ronin,action crime thriller
2279,Urban Legend,horror thriller
2280,Clay Pigeons,crime
2281,Monument Ave.,action crime drama
2282,Pecker,comedy drama
2283,"Sheltering Sky, The",drama
2286,"Fiendish Plot of Dr. Fu Manchu, The",comedy
2287,Them!,horror sci fi thriller
2288,"Thing, The",action horror sci fi thriller
2289,"Player, The",comedy crime drama
2290,Stardust Memories,comedy drama
2291,Edward Scissorhands,drama fantasy romance freaks
2292,Overnight Delivery,comedy romance
2294,Antz,adventure animation children comedy fantasy
2295,"Impostors, The",comedy screwball
2296,"Night at the Roxbury, A",comedy snl
2297,What Dreams May Come,adventure drama fantasy romance
2298,Strangeland,thriller
2300,"Producers, The",comedy broadway
2301,History of the World: Part I,comedy musical
2302,My Cousin Vinny,comedy court
2303,Nashville,drama musical
2304,Love Is the Devil,drama
2306,Holy Man,comedy
2307,One Tough Cop,action crime
2310,"Mighty, The",drama adolescence
2311,2010: The Year We Make Contact,sci fi
2312,Children of a Lesser God,drama death penalty
2313,"Elephant Man, The",drama freaks
2314,Beloved,drama
2315,Bride of Chucky (Child's Play 4),comedy horror thriller
2316,Practical Magic,drama fantasy mystery romance
2318,Happiness,comedy drama
2320,Apt Pupil,drama thriller
2321,Pleasantville,comedy drama fantasy
2322,Soldier,action sci fi war
2323,"Cruise, The",documentary
2324,Life Is Beautiful (La Vita è bella),comedy drama romance war holocaust bittersweet emotional heartwarming poignant sentimental tear jerker tearjerking
2325,Orgazmo,comedy
2327,Tales from the Darkside: The Movie,fantasy horror thriller
2328,Vampires,horror western
2329,American History X,crime drama thought provoking racism edward norton emotional politics
2330,Hands on a Hard Body,comedy documentary
2331,Living Out Loud,comedy drama romance
2332,Belly,crime drama
2333,Gods and Monsters,drama
2334,"Siege, The",action thriller terrorism
2335,"Waterboy, The",comedy football
2336,Elizabeth,drama england
2337,Velvet Goldmine,drama
2338,I Still Know What You Did Last Summer,horror mystery thriller
2339,I'll Be Home For Christmas,comedy romance
2340,Meet Joe Black,romance
2342,Hard Core Logo,comedy drama
2344,Runaway Train,action adventure drama thriller
2346,"Stepford Wives, The",mystery sci fi thriller
2347,"Pope of Greenwich Village, The",drama
2348,Sid and Nancy,drama
2349,Mona Lisa,comedy thriller
2350,Heart Condition,comedy
2351,"Nights of Cabiria (Notti di Cabiria, Le)",drama in netflix queue
2352,"Big Chill, The",comedy drama
2353,Enemy of the State,action thriller
2354,"Rugrats Movie, The",animation children comedy
2355,"Bug's Life, A",adventure animation children comedy pixar
2356,Celebrity,comedy
2357,Central Station (Central do Brasil),drama south america
2358,Savior,drama war
2359,Waking Ned Devine (a.k.a. Waking Ned),comedy
2360,"Celebration, The (Festen)",drama in netflix queue
2361,Pink Flamingos,comedy
2362,Glen or Glenda,drama
2363,Godzilla (Gojira),drama horror sci fi
2364,"Godzilla 1985: The Legend Is Reborn (Gojira) (Godzilla) (Return of Godzilla, The)",action horror sci fi thriller
2365,King Kong vs. Godzilla (Kingukongu tai Gojira),action sci fi
2366,King Kong,action adventure fantasy horror
2367,King Kong,adventure fantasy romance sci fi thriller
2368,King Kong Lives,adventure sci fi
2369,Desperately Seeking Susan,comedy drama romance
2370,"Emerald Forest, The",action adventure drama
2371,Fletch,comedy crime mystery
2372,Fletch Lives,comedy
2373,Red Sonja,action adventure fantasy
2374,Gung Ho,comedy drama
2375,"Money Pit, The",comedy
2376,"View to a Kill, A",action adventure thriller
2377,Lifeforce,horror sci fi
2378,Police Academy,comedy crime
2379,Police Academy 2: Their First Assignment,comedy crime
2380,Police Academy 3: Back in Training,comedy crime
2381,Police Academy 4: Citizens on Patrol,comedy crime
2382,Police Academy 5: Assignment: Miami Beach,comedy crime
2383,Police Academy 6: City Under Siege,comedy crime
2384,Babe: Pig in the City,adventure children drama
2385,Home Fries,comedy romance
2387,Very Bad Things,comedy crime dark comedy dark humor
2388,Steam: The Turkish Bath (Hamam),drama romance
2389,Psycho,crime horror thriller
2390,Little Voice,comedy in netflix queue
2391,"Simple Plan, A",crime drama thriller heist
2392,Jack Frost,children comedy drama
2393,Star Trek: Insurrection,action drama romance sci fi cameo whoopi goldberg space opera star trek
2394,"Prince of Egypt, The",animation musical bible moses
2395,Rushmore,comedy drama
2396,Shakespeare in Love,comedy drama romance england
2398,Miracle on 34th Street,comedy drama
2399,Santa Claus: The Movie,adventure children fantasy
2400,Prancer,children drama fantasy
2401,Pale Rider,western
2402,Rambo: First Blood Part II,action adventure thriller
2403,First Blood (Rambo: First Blood),action adventure drama thriller
2404,Rambo III,action adventure thriller war
2405,"Jewel of the Nile, The",action adventure comedy romance
2406,Romancing the Stone,action adventure comedy romance
2407,Cocoon,comedy sci fi
2408,Cocoon: The Return,comedy sci fi
2409,Rocky II,action drama
2410,Rocky III,action drama boxing
2411,Rocky IV,action drama boxing
2412,Rocky V,action drama boxing
2413,Clue,comedy crime mystery thriller
2414,Young Sherlock Holmes,action adventure children fantasy mystery thriller
2415,Violets Are Blue...,drama romance
2416,Back to School,comedy
2417,Heartburn,comedy drama
2418,Nothing in Common,comedy
2419,Extremities,drama thriller
2420,"Karate Kid, The",drama martial arts
2421,"Karate Kid, Part II, The",action adventure drama martial arts
2422,"Karate Kid, Part III, The",action adventure children drama martial arts
2423,Christmas Vacation (National Lampoon's Christmas Vacation),comedy christmas
2424,You've Got Mail,comedy romance e mail remake
2425,"General, The",crime
2427,"Thin Red Line, The",action drama war
2428,"Faculty, The",horror sci fi
2429,Mighty Joe Young,action adventure drama fantasy thriller
2430,Mighty Joe Young,adventure children drama
2431,Patch Adams,comedy drama doctors bad
2432,Stepmom,drama
2433,"Civil Action, A",drama
2435,Hurlyburly,drama
2436,Tea with Mussolini,comedy drama war
2439,Affliction,drama
2442,Hilary and Jackie,drama in netflix queue
2443,Playing by Heart,drama romance
2445,At First Sight,drama
2446,In Dreams,horror thriller
2447,Varsity Blues,comedy drama
2448,Virus,horror sci fi
2450,Howard the Duck,adventure comedy sci fi
2451,"Gate, The",horror
2453,"Boy Who Could Fly, The",drama fantasy
2454,"Fly, The",horror mystery sci fi
2455,"Fly, The",drama horror sci fi thriller
2456,"Fly II, The",horror sci fi
2457,Running Scared,action comedy
2458,Armed and Dangerous,comedy crime
2459,"Texas Chainsaw Massacre, The",horror
2460,"Texas Chainsaw Massacre 2, The",horror
2462,Texas Chainsaw Massacre: The Next Generation (a.k.a. The Return of the Texas Chainsaw Massacre),horror
2463,Ruthless People,comedy kidnapping
2465,Deadly Friend,horror
2467,"Name of the Rose, The (Name der Rose, Der)",crime drama mystery thriller religion
2468,Jumpin' Jack Flash,action comedy romance thriller
2469,Peggy Sue Got Married,comedy drama
2470,Crocodile Dundee,adventure comedy australia
2471,Crocodile Dundee II,action adventure comedy australia
2472,Tough Guys,comedy
2473,Soul Man,comedy
2474,"Color of Money, The",drama
2475,52 Pick-Up,action mystery thriller
2476,Heartbreak Ridge,action war
2477,Firewalker,adventure
2478,¡Three Amigos!,comedy western
2481,My Name Is Joe,drama romance
2482,Still Crazy,comedy romance
2483,"Day of the Beast, The (Día de la Bestia, El)",adventure comedy thriller
2485,She's All That,comedy romance
2488,Peeping Tom,drama horror thriller
2490,Payback,action thriller
2491,Simply Irresistible,comedy romance food
2492,20 Dates,comedy romance
2493,"Harmonists, The",drama
2494,"Last Days, The",documentary holocaust hungary
2495,"Fantastic Planet, The (Planète sauvage, La)",animation sci fi
2496,Blast from the Past,comedy romance
2497,Message in a Bottle,romance
2498,My Favorite Martian,comedy sci fi
2500,Jawbreaker,comedy
2501,October Sky,drama
2502,Office Space,comedy crime stapler workplace
2503,"Apple, The (Sib)",drama
2504,200 Cigarettes,comedy drama
2505,8MM,drama mystery thriller nicolas cage
2506,"Other Sister, The",comedy drama romance disability
2511,"Long Goodbye, The",crime film noir
2512,"Ballad of Narayama, The (Narayama bushiko)",drama
2513,Pet Sematary,horror
2514,Pet Sematary II,comedy horror
2515,Children of the Corn II: The Final Sacrifice,horror
2516,Children of the Corn III,horror
2517,Christine,horror stephen king
2518,Night Shift,comedy
2520,Airport,drama
2521,Airport 1975,action drama thriller
2522,Airport '77,drama
2523,Rollercoaster,drama thriller
2524,"Towering Inferno, The",action adventure drama thriller
2525,Alligator,action horror sci fi
2526,Meteor,sci fi
2527,Westworld,action sci fi thriller western
2528,Logan's Run,action adventure sci fi
2529,Planet of the Apes,action drama sci fi twist ending
2530,Beneath the Planet of the Apes,action sci fi
2531,Battle for the Planet of the Apes,action sci fi
2532,Conquest of the Planet of the Apes,action sci fi
2533,Escape from the Planet of the Apes,action sci fi
2534,Avalanche,action
2535,Earthquake,action drama thriller
2537,Beyond the Poseidon Adventure,adventure
2538,Dancemaker,documentary
2539,Analyze This,comedy
2540,"Corruptor, The",action crime drama thriller
2541,Cruel Intentions,drama
2542,"Lock, Stock & Two Smoking Barrels",comedy crime thriller
2544,"School of Flesh, The (École de la chair, L')",drama romance
2546,"Deep End of the Ocean, The",drama
2548,"Rage: Carrie 2, The",horror
2549,Wing Commander,action sci fi
2550,"Haunting, The",horror thriller ghosts
2551,Dead Ringers,drama horror thriller
2552,My Boyfriend's Back,comedy
2553,Village of the Damned,horror sci fi thriller evil children
2554,Children of the Damned,horror sci fi thriller evil children
2555,Baby Geniuses,comedy
2557,I Stand Alone (Seul contre tous),drama thriller
2558,Forces of Nature,comedy romance
2559,"King and I, The",animation children
2560,Ravenous,horror thriller
2561,True Crime,crime thriller
2563,Dangerous Beauty,drama
2565,"King and I, The",drama musical romance siam
2566,Doug's 1st Movie,animation children
2567,EDtv,comedy
2568,"Mod Squad, The",action crime
2570,"Walk on the Moon, A",drama romance
2571,"Matrix, The",action sci fi thriller martial arts sci fi alternate universe philosophy post apocalyptic
2572,10 Things I Hate About You,comedy romance shakespeare sort of
2573,Tango,drama musical
2574,"Out-of-Towners, The",comedy
2575,"Dreamlife of Angels, The (Vie rêvée des anges, La)",drama
2577,Metroland,comedy drama
2579,Following,crime mystery thriller black and white christopher nolan directorial debut mindfuck not linear twist ending
2580,Go,comedy crime
2581,Never Been Kissed,comedy romance high school
2582,Twin Dragons (Shuang long hui),action comedy
2583,Cookie's Fortune,comedy drama southern us
2585,"Lovers of the Arctic Circle, The (Los Amantes del Círculo Polar)",drama romance
2586,Goodbye Lover,comedy crime thriller
2587,Life,comedy crime drama
2589,Friends & Lovers,comedy drama romance
2590,Hideous Kinky,drama
2593,"Monster, The (Mostro, Il)",comedy
2594,Open Your Eyes (Abre los ojos),drama romance sci fi thriller
2596,SLC Punk!,comedy drama
2597,Lost & Found,comedy romance
2598,Pushing Tin,comedy golfing
2599,Election,comedy
2600,eXistenZ,action sci fi thriller virtual reality
2605,Entrapment,crime thriller
2606,Idle Hands,comedy horror
2607,Get Real,drama romance
2609,"King of Masks, The (Bian Lian)",drama
2611,"Winslow Boy, The",drama
2612,Mildred Pierce,drama film noir motherhood
2613,Night of the Comet,comedy horror sci fi
2614,Chopping Mall (a.k.a. Killbots),action horror sci fi
2615,My Science Project,adventure sci fi
2616,Dick Tracy,action crime comic book
2617,"Mummy, The",action adventure comedy fantasy horror thriller
2618,"Castle, The",comedy
2620,This Is My Father,drama romance
2622,William Shakespeare's A Midsummer Night's Dream,comedy fantasy
2623,Trippin',comedy
2624,After Life (Wandafuru raifu),drama fantasy
2625,Black Mask (Hak hap),action adventure crime sci fi thriller
2628,Star Wars: Episode I - The Phantom Menace,action adventure sci fi prequel the force
2629,"Love Letter, The",comedy romance
2630,Besieged (a.k.a. L' Assedio),drama
2632,"Saragossa Manuscript, The (Rekopis znaleziony w Saragossie)",adventure drama mystery
2633,"Mummy, The",horror romance
2634,"Mummy, The",horror
2639,Mommie Dearest,drama
2640,Superman,action adventure sci fi superhero
2641,Superman II,action sci fi superhero
2642,Superman III,action adventure sci fi superhero
2643,Superman IV: The Quest for Peace,action adventure sci fi
2644,Dracula,horror
2648,Frankenstein,drama horror sci fi in netflix queue
2651,Frankenstein Meets the Wolf Man,horror
2652,"Curse of Frankenstein, The",horror
2654,"Wolf Man, The",drama fantasy horror
2655,Howling II: Your Sister Is a Werewolf,horror
2656,Tarantula,horror sci fi
2657,"Rocky Horror Picture Show, The",comedy horror musical sci fi
2659,It Came from Hollywood,comedy documentary
2660,"Thing from Another World, The",horror sci fi aliens
2661,It Came from Outer Space,sci fi
2662,"War of the Worlds, The",action drama sci fi classic
2664,Invasion of the Body Snatchers,horror sci fi thriller 1950s
2665,Earth vs. the Flying Saucers,sci fi
2668,Swamp Thing,horror sci fi
2669,Pork Chop Hill,war
2670,Run Silent Run Deep,war
2671,Notting Hill,comedy romance
2672,"Thirteenth Floor, The",drama sci fi thriller
2674,"Loss of Sexual Innocence, The",drama fantasy
2676,Instinct,drama thriller
2677,Buena Vista Social Club,documentary musical in netflix queue
2681,Free Enterprise,comedy romance sci fi
2682,Limbo,drama
2683,Austin Powers: The Spy Who Shagged Me,action adventure comedy
2686,"Red Violin, The (Violon rouge, Le)",drama mystery
2687,Tarzan,adventure animation children drama
2688,"General's Daughter, The",crime drama mystery thriller
2690,"Ideal Husband, An",comedy romance
2691,"Legend of 1900, The (a.k.a. The Legend of the Pianist on the Ocean) (Leggenda del pianista sull'oceano)",drama
2692,Run Lola Run (Lola rennt),action crime alternate endings
2693,Trekkies,documentary star trek
2694,Big Daddy,comedy adam sandler
2695,"Boys, The",drama
2696,"Dinner Game, The (Dîner de cons, Le)",comedy
2697,My Son the Fanatic,comedy drama romance
2698,Zone 39,sci fi
2699,Arachnophobia,comedy horror spiders
2700,"South Park: Bigger, Longer and Uncut",animation comedy musical adult humor controversial crude humor free speech parody satire south park trey parker
2701,Wild Wild West,action comedy sci fi western
2702,Summer of Sam,drama
2706,American Pie,comedy romance best comedy chris klein dumb jason biggs not funny pizza beer seann william scott teen
2707,Arlington Road,thriller
2708,"Autumn Tale, An (Conte d'automne)",romance
2709,Muppets From Space,children comedy
2710,"Blair Witch Project, The",drama horror thriller claims to be true video
2712,Eyes Wide Shut,drama mystery thriller sexuality
2713,Lake Placid,horror thriller
2716,Ghostbusters (a.k.a. Ghost Busters),action comedy sci fi ghosts
2717,Ghostbusters II,comedy fantasy sci fi ghosts
2718,Drop Dead Gorgeous,comedy
2719,"Haunting, The",horror thriller remake
2720,Inspector Gadget,action adventure children comedy
2722,Deep Blue Sea,action horror sci fi thriller
2723,Mystery Men,action comedy fantasy superhero
2724,Runaway Bride,comedy romance
2725,Twin Falls Idaho,drama
2726,"Killing, The",crime film noir heist
2727,Killer's Kiss,crime film noir
2728,Spartacus,action drama romance war crucifixion rome slavery
2729,Lolita,drama romance
2730,Barry Lyndon,drama romance war
2731,"400 Blows, The (Les quatre cents coups)",crime drama emotional gentle heartwarming lyrical reflective
2732,Jules and Jim (Jules et Jim),drama romance
2733,Vibes,adventure comedy romance
2734,"Mosquito Coast, The",adventure drama thriller
2735,"Golden Child, The",action adventure comedy fantasy mystery
2736,Brighton Beach Memoirs,comedy
2737,Assassination,action drama thriller
2738,Crimes of the Heart,comedy drama
2739,"Color Purple, The",drama
2740,"Kindred, The",horror sci fi
2741,No Mercy,action crime thriller
2742,Ménage (Tenue de soirée),comedy drama
2743,Native Son,drama
2744,Otello,drama
2745,"Mission, The",drama missionary priest
2746,Little Shop of Horrors,comedy horror musical
2747,"Little Shop of Horrors, The",comedy horror
2748,Allan Quatermain and the Lost City of Gold,action adventure comedy
2749,"Morning After, The",drama mystery
2750,Radio Days,comedy drama nostalgia radio
2751,From the Hip,comedy drama
2752,Outrageous Fortune,comedy mystery
2754,Deadtime Stories,horror
2757,Frances,drama
2759,Dick,comedy
2761,"Iron Giant, The",adventure animation children drama sci fi robots animation
2762,"Sixth Sense, The",drama horror mystery atmospheric bruce willis ghosts imdb top 250 mindfuck stylized twist ending i see dead people
2763,"Thomas Crown Affair, The",action mystery
2764,"Thomas Crown Affair, The",crime drama romance thriller
2765,"Acid House, The",comedy drama
2766,"Adventures of Sebastian Cole, The",comedy drama
2769,"Yards, The",crime drama
2770,Bowfinger,comedy
2771,Brokedown Palace,drama
2772,Detroit Rock City,comedy
2774,Better Than Chocolate,comedy romance
2775,Head On,drama
2779,Heaven Can Wait,comedy
2782,Pit and the Pendulum,horror
2784,"Masque of the Red Death, The",horror
2786,Haunted Honeymoon,comedy
2787,Cat's Eye,horror stephen king
2788,Monty Python's And Now for Something Completely Different,comedy
2789,Damien: Omen II,horror
2790,"Final Conflict, The (a.k.a. Omen III: The Final Conflict)",horror thriller
2791,Airplane!,comedy aviation spoof
2792,Airplane II: The Sequel,comedy
2793,"American Werewolf in Paris, An",comedy horror romance thriller
2794,European Vacation (aka National Lampoon's European Vacation),adventure comedy romance
2795,National Lampoon's Vacation,comedy
2796,Funny Farm,comedy
2797,Big,comedy drama fantasy romance children
2798,Problem Child,children comedy
2799,Problem Child 2,comedy
2800,Little Nemo: Adventures in Slumberland,adventure animation children drama fantasy
2801,Oscar and Lucinda (a.k.a. Oscar & Lucinda),drama romance gambling
2802,Tequila Sunrise,action drama romance thriller
2803,"Pelican Brief, The",crime drama mystery romance thriller lawyers
2804,"Christmas Story, A",children comedy christmas
2805,Mickey Blue Eyes,comedy romance
2806,Teaching Mrs. Tingle,comedy thriller
2807,Universal Soldier: The Return,action sci fi
2808,Universal Soldier,action sci fi
2810,Perfect Blue,animation horror mystery thriller
2812,In Too Deep,action thriller
2813,"Source, The",documentary
2815,Iron Eagle,action war
2816,Iron Eagle II,action war
2817,Aces: Iron Eagle III,action
2818,Iron Eagle IV,action war
2819,Three Days of the Condor (3 Days of the Condor),drama mystery romance thriller
2820,Hamlet,drama
2822,Medicine Man,adventure romance
2824,On the Ropes,documentary drama
2826,"13th Warrior, The",action adventure fantasy
2827,"Astronaut's Wife, The",horror sci fi thriller aliens
2828,Dudley Do-Right,children comedy
2829,"Muse, The",comedy
2835,Chill Factor,action adventure comedy thriller
2836,Outside Providence,comedy
2837,Bedrooms & Hallways,comedy romance
2839,West Beirut (West Beyrouth),drama
2840,Stigmata,drama thriller
2841,Stir of Echoes,horror mystery thriller
2843,"Black Cat, White Cat (Crna macka, beli macor)",comedy romance
2844,"Minus Man, The",drama mystery
2846,"Adventures of Milo and Otis, The (Koneko monogatari)",adventure children comedy drama
2847,Only Angels Have Wings,adventure drama romance
2848,"Othello (Tragedy of Othello: The Moor of Venice, The)",drama
2851,Saturn 3,adventure sci fi thriller
2852,"Soldier's Story, A",drama
2856,I Saw What You Did,thriller
2857,Yellow Submarine,adventure animation comedy fantasy musical
2858,American Beauty,drama romance
2859,Stop Making Sense,documentary musical
2860,Blue Streak,comedy
2861,For Love of the Game,comedy drama
2862,Caligula,drama
2863,"Hard Day's Night, A",adventure comedy musical beatles
2865,Sugar Town,comedy
2866,"Buddy Holly Story, The",drama
2867,Fright Night,comedy horror thriller
2868,Fright Night Part II,horror
2870,Barefoot in the Park,comedy
2871,Deliverance,adventure drama thriller river
2872,Excalibur,adventure fantasy england king arthur
2874,"Pajama Game, The",comedy musical romance
2875,Sommersby,drama mystery romance
2876,Thumbelina,animation children fantasy
2877,Tommy,musical
2878,Hell Night,horror
2879,Armour of God II: Operation Condor (Operation Condor) (Fei ying gai wak),action adventure comedy
2880,Armour of God (Long xiong hu di),action adventure comedy
2881,Double Jeopardy,action crime drama thriller
2882,Jakob the Liar,drama
2883,Mumford,comedy drama
2884,Dog Park,comedy romance
2885,Guinevere,drama romance
2886,"Adventures of Elmo in Grouchland, The",children comedy
2887,Simon Sez,action comedy
2888,Drive Me Crazy,comedy romance
2889,"Mystery, Alaska",comedy drama
2890,Three Kings,action adventure comedy drama war
2891,"Happy, Texas",comedy
2892,New Rose Hotel,action drama
2893,Plunkett & MaCleane,action adventure drama
2894,Romance,drama romance
2896,Alvarez Kelly,western
2897,And the Ship Sails On (E la nave va),comedy war
2898,"Dark Half, The",horror mystery
2899,Gulliver's Travels,adventure animation children
2900,Monkey Shines,horror sci fi
2901,Phantasm,horror sci fi
2902,Psycho II,horror mystery thriller
2903,Psycho III,horror thriller
2905,Sanjuro (Tsubaki Sanjûrô),action adventure drama in netflix queue
2906,Random Hearts,drama romance
2907,Superstar,comedy
2908,Boys Don't Cry,drama
2912,"Limey, The",crime drama thriller
2915,Risky Business,comedy prostitution
2916,Total Recall,action adventure sci fi thriller
2917,Body Heat,crime thriller
2918,Ferris Bueller's Day Off,comedy high school
2919,"Year of Living Dangerously, The",drama romance war academy award best supporting actress indonesia journalism
2921,High Plains Drifter,western
2922,Hang 'Em High,crime drama western
2924,Drunken Master (Jui kuen),action comedy
2925,"Conformist, The (Conformista, Il)",drama
2926,Hairspray,comedy drama
2927,Brief Encounter,drama romance adultery
2928,"Razor's Edge, The",drama
2929,Reds,drama romance
2930,Return with Honor,documentary
2931,Time of the Gypsies (Dom za vesanje),comedy crime drama fantasy
2932,Days of Heaven,drama
2935,"Lady Eve, The",comedy romance gambling
2936,Sullivan's Travels,adventure comedy romance
2937,"Palm Beach Story, The",comedy screwball
2939,Niagara,drama thriller in netflix queue
2940,Gilda,drama film noir mystery romance nightclub
2941,South Pacific,musical romance war island
2942,Flashdance,drama romance
2943,Indochine,drama romance vietnam
2944,"Dirty Dozen, The",action drama war
2946,Help!,comedy musical
2947,Goldfinger,action adventure thriller
2948,From Russia with Love,action adventure thriller
2949,Dr. No,action adventure thriller
2950,"Blue Lagoon, The",adventure drama romance
2951,"Fistful of Dollars, A (Per un pugno di dollari)",action western bad
2952,Sydney (Hard Eight),crime drama thriller gambling
2953,Home Alone 2: Lost in New York,children comedy family funny macaulay culkin sequel
2956,Someone to Watch Over Me,action crime thriller
2959,Fight Club,action crime drama thriller dark comedy psychology thought provoking twist ending violence action atmospheric based on a book brad pitt challenging chuck palahniuk classic clever complicated consumerism crime dark david fincher disturbing double life edward norton fighting great acting helena bonham carter imaginary friend imdb top 250 mental illness mind blowing mindfuck narrated nudity topless palahnuik philosophical philosophy postmodern powerful ending psychological psychological thriller quirky satirical schizophrenia social commentary societal criticism stylized surreal terrorism twist violent
2961,"Story of Us, The",comedy drama
2962,Fever Pitch,comedy romance
2964,Julien Donkey-Boy,drama
2965,"Omega Code, The",action
2966,"Straight Story, The",adventure drama brothers lawn mower
2967,"Bad Seed, The",drama thriller evil children
2968,Time Bandits,adventure comedy fantasy sci fi time travel
2969,"Man and a Woman, A (Un homme et une femme)",drama romance
2970,Fitzcarraldo,adventure drama
2971,All That Jazz,drama fantasy musical
2972,Red Sorghum (Hong gao liang),drama war
2973,Crimes and Misdemeanors,comedy crime drama
2974,Bats,horror thriller
2975,"Best Man, The",comedy drama
2976,Bringing Out the Dead,drama
2977,Crazy in Alabama,comedy drama
2978,Three to Tango,comedy romance
2979,Body Shots,drama
2982,"Guardian, The",horror thriller
2983,"Ipcress File, The",thriller
2984,On Any Sunday,documentary
2985,RoboCop,action crime drama sci fi thriller
2986,RoboCop 2,action crime sci fi thriller
2987,Who Framed Roger Rabbit?,adventure animation children comedy crime fantasy mystery live action animation
2988,Melvin and Howard,drama
2989,For Your Eyes Only,action adventure thriller
2990,Licence to Kill,action adventure thriller
2991,Live and Let Die,action adventure thriller
2992,Rawhead Rex,horror thriller
2993,Thunderball,action adventure thriller
2995,House on Haunted Hill,horror thriller
2996,Music of the Heart,drama
2997,Being John Malkovich,comedy drama fantasy
3000,Princess Mononoke (Mononoke-hime),action adventure animation drama fantasy anime adventure atmospheric fantasy world studio ghibli surreal
3002,My Best Fiend (Mein liebster Feind),documentary
3003,Train of Life (Train de vie),comedy drama romance war
3004,"Bachelor, The",comedy romance
3005,"Bone Collector, The",thriller
3006,"Insider, The",drama thriller tobacco true story
3007,American Movie,documentary in netflix queue
3008,Last Night,drama sci fi
3010,Rosetta,drama
3011,"They Shoot Horses, Don't They?",drama dance marathon
3013,Bride of Re-Animator,comedy horror
3014,Bustin' Loose,comedy
3015,Coma,thriller
3016,Creepshow,horror
3017,Creepshow 2,horror
3018,Re-Animator,comedy horror sci fi
3019,Drugstore Cowboy,crime drama
3020,Falling Down,action drama
3021,"Funhouse, The",horror
3022,"General, The",comedy war
3024,Piranha,horror sci fi
3028,"Taming of the Shrew, The",comedy shakespeare
3029,Nighthawks,action drama
3030,Yojimbo,action adventure samurai
3031,Repossessed,comedy
3032,"Omega Man, The",action drama sci fi thriller
3033,Spaceballs,comedy sci fi
3034,Robin Hood,adventure animation children comedy musical
3035,Mister Roberts,comedy drama war
3036,"Quest for Fire (Guerre du feu, La)",adventure drama
3037,Little Big Man,western
3038,"Face in the Crowd, A",drama
3039,Trading Places,comedy class dan aykroyd
3040,Meatballs,comedy camp
3041,Meatballs Part II,comedy
3042,Meatballs III,comedy
3043,Meatballs 4,comedy
3044,Dead Again,mystery romance thriller memory music
3045,Peter's Friends,comedy drama
3046,"Incredibly True Adventure of Two Girls in Love, The",comedy romance
3048,Under the Rainbow,comedy
3051,Anywhere But Here,comedy drama
3052,Dogma,adventure comedy fantasy irreverent jay and silent bob kevin smith satire religion
3053,"Messenger: The Story of Joan of Arc, The",drama war
3054,Pokémon: The First Movie,adventure animation children fantasy sci fi
3055,Felicia's Journey,thriller
3056,Oxygen,crime drama thriller
3057,Where's Marlowe?,comedy
3060,"Commitments, The",comedy drama musical in netflix queue
3061,Holiday Inn,comedy musical
3062,"Longest Day, The",action drama war
3063,Poison Ivy,drama thriller
3064,Poison Ivy: New Seduction,drama thriller
3066,Tora! Tora! Tora!,action drama war
3067,Women on the Verge of a Nervous Breakdown (Mujeres al borde de un ataque de nervios),comedy drama
3068,"Verdict, The",drama mystery
3070,"Adventures of Buckaroo Banzai Across the 8th Dimension, The",adventure comedy sci fi
3071,Stand and Deliver,comedy drama high school
3072,Moonstruck,comedy romance new york
3073,"Sandpiper, The",drama romance
3074,Jeremiah Johnson,western
3075,Repulsion,drama horror
3076,Irma la Douce,comedy
3077,42 Up,documentary in netflix queue up series
3078,Liberty Heights,drama
3079,Mansfield Park,comedy drama romance
3081,Sleepy Hollow,fantasy horror mystery romance ichabod crane
3082,"World Is Not Enough, The",action adventure thriller
3083,All About My Mother (Todo sobre mi madre),drama
3086,Babes in Toyland,children comedy fantasy musical
3087,Scrooged,comedy fantasy romance christmas new york
3088,Harvey,comedy fantasy
3089,Bicycle Thieves (a.k.a. The Bicycle Thief) (a.k.a. The Bicycle Thieves) (Ladri di biciclette),drama
3090,Matewan,drama
3091,Kagemusha,drama war
3093,McCabe & Mrs. Miller,drama western
3094,Maurice,drama romance
3095,"Grapes of Wrath, The",drama depression dust bowl
3096,My Man Godfrey,comedy
3097,"Shop Around the Corner, The",comedy drama romance remade
3098,"Natural, The",drama baseball sports
3099,Shampoo,comedy drama romance
3100,"River Runs Through It, A",drama
3101,Fatal Attraction,drama thriller adultery
3102,Jagged Edge,crime romance thriller
3103,Stanley & Iris,drama romance
3104,Midnight Run,action comedy crime thriller
3105,Awakenings,drama mystery
3106,Come See the Paradise,drama romance
3107,Backdraft,action drama
3108,"Fisher King, The",comedy drama fantasy romance homeless
3109,"River, The",drama
3111,Places in the Heart,drama racism
3112,'night Mother,drama
3113,End of Days,action fantasy horror mystery thriller
3114,Toy Story 2,adventure animation children comedy fantasy animation disney funny original pixar sequel tom hanks
3115,Flawless,drama men in drag
3117,Ride with the Devil,drama romance war
3120,"Distinguished Gentleman, The",comedy
3125,"End of the Affair, The",drama graham greene
3127,Holy Smoke,comedy drama
3129,Sweet and Lowdown,comedy drama
3130,Bonfire of the Vanities,comedy crime drama
3132,Daddy Long Legs,comedy drama
3134,Grand Illusion (La grande illusion),drama war downbeat poignant
3135,"Great Santini, The",drama fatherhood
3138,Stealing Home,drama
3141,"Two Jakes, The",drama
3142,U2: Rattle and Hum,documentary musical
3143,Hell in the Pacific,drama war
3145,Cradle Will Rock,drama
3146,Deuce Bigalow: Male Gigolo,comedy
3147,"Green Mile, The",crime drama stephen king
3148,"Cider House Rules, The",drama
3150,"War Zone, The",drama thriller
3152,"Last Picture Show, The",drama black and white
3153,"7th Voyage of Sinbad, The",action adventure fantasy
3155,Anna and the King,drama romance
3156,Bicentennial Man,drama romance sci fi
3157,Stuart Little,children comedy fantasy
3158,"Emperor and the Assassin, The (Jing ke ci qin wang)",drama
3159,Fantasia 2000,animation children musical imax
3160,Magnolia,drama l a
3161,Onegin,drama romance
3162,Simpatico,comedy drama
3163,Topsy-Turvy,comedy drama musical
3165,Boiling Point,action drama
3167,Carnal Knowledge,comedy drama
3168,Easy Rider,adventure drama
3169,The Falcon and the Snowman,crime drama thriller
3171,Room at the Top,drama
3173,Any Given Sunday,drama
3174,Man on the Moon,comedy drama andy kaufman
3175,Galaxy Quest,adventure comedy sci fi spoof
3176,"Talented Mr. Ripley, The",drama mystery thriller based on a book creepy disturbing jude law murder obsession psychology secrets serial killer suspense europe
3177,Next Friday,comedy
3178,"Hurricane, The",drama boxing
3179,Angela's Ashes,drama
3181,Titus,drama shakespeare
3182,"Mr. Death: The Rise and Fall of Fred A. Leuchter, Jr.",documentary
3183,"Third Miracle, The",drama
3185,Snow Falling on Cedars,drama
3186,"Girl, Interrupted",drama asylum based on a true story brittany murphy mental hospital psychology winona ryder
3189,My Dog Skip,children drama
3190,Supernova,adventure sci fi thriller
3192,"Terrorist, The (a.k.a. Malli) (Theeviravaathi)",drama in netflix queue
3194,"Way We Were, The",drama romance
3196,Stalag 17,drama war
3197,"Presidio, The",action crime romance thriller
3198,Papillon,crime drama
3200,"Last Detail, The",comedy drama
3201,Five Easy Pieces,drama
3203,Dead Calm,thriller
3204,"Boys from Brazil, The",action mystery thriller
3206,Against All Odds,romance
3208,Loaded Weapon 1 (National Lampoon's Loaded Weapon 1),action comedy
3210,Fast Times at Ridgemont High,comedy drama romance high school
3211,"Cry in the Dark, A",drama a dingo ate my baby australia
3213,Batman: Mask of the Phantasm,animation children
3214,American Flyers,drama
3217,"Star Is Born, A",drama
3219,Pacific Heights,mystery thriller
3221,"Draughtsman's Contract, The",drama
3223,"Zed & Two Noughts, A",drama
3224,Woman in the Dunes (Suna no onna),drama
3225,Down to You,comedy romance
3230,"Odessa File, The",thriller
3235,Where the Buffalo Roam,comedy
3238,Eye of the Beholder,thriller
3240,"Big Tease, The",comedy
3241,"Cup, The (Phörpa)",comedy
3243,Encino Man,comedy
3244,"Goodbye Girl, The",comedy romance
3246,Malcolm X,drama
3247,Sister Act,comedy crime nuns
3248,Sister Act 2: Back in the Habit,comedy
3249,"Hand That Rocks the Cradle, The",drama thriller
3250,Alive,drama in netflix queue
3251,Agnes of God,drama mystery
3252,Scent of a Woman,drama
3253,Wayne's World,comedy
3254,Wayne's World 2,comedy
3255,"League of Their Own, A",comedy drama
3256,Patriot Games,action crime drama thriller
3257,"Bodyguard, The",drama romance thriller
3258,Death Becomes Her,comedy fantasy plastic surgery
3259,Far and Away,adventure drama romance ireland
3260,Howards End,drama e m forster
3261,Singles,comedy drama romance
3262,Twin Peaks: Fire Walk with Me,crime drama mystery thriller
3263,White Men Can't Jump,comedy drama basketball
3264,Buffy the Vampire Slayer,action comedy horror
3265,Hard-Boiled (Lat sau san taam),action crime drama thriller gun fu heroic bloodshed
3266,Man Bites Dog (C'est arrivé près de chez vous),comedy crime drama thriller black comedy crazy dark dark comedy dark humor serial killer
3267,"Mariachi, El",action crime thriller western
3268,Stop! Or My Mom Will Shoot,action comedy
3269,Forever Young,drama romance sci fi
3270,"Cutting Edge, The",comedy drama romance figure skating
3271,Of Mice and Men,drama
3272,Bad Lieutenant,crime drama
3273,Scream 3,comedy horror mystery thriller slasher spoof
3274,Single White Female,drama thriller
3275,"Boondock Saints, The",action crime drama thriller
3276,Gun Shy,comedy
3280,"Baby, The",horror
3281,"Brandon Teena Story, The",documentary sexuality
3283,Minnie and Moskowitz,action
3284,They Might Be Giants,comedy mystery romance
3285,"Beach, The",adventure drama
3286,Snow Day,comedy
3287,"Tigger Movie, The",animation children
3289,Not One Less (Yi ge dou bu neng shao),drama
3294,Eaten Alive,horror
3295,Raining Stones,drama
3296,To Sir with Love,drama
3298,Boiler Room,crime drama thriller
3299,Hanging Up,comedy drama
3300,Pitch Black,horror sci fi thriller
3301,"Whole Nine Yards, The",comedy crime
3302,Beautiful People,comedy
3303,Black Tar Heroin: The Dark End of the Street,documentary
3306,"Circus, The",comedy big top circus
3307,City Lights,comedy drama romance blind
3308,"Flamingo Kid, The",comedy drama
3310,"Kid, The",comedy drama orphans
3313,Class Reunion,comedy
3315,Happy Go Lovely,musical
3316,Reindeer Games,action thriller
3317,Wonder Boys,comedy drama writing
3323,Chain of Fools,comedy crime
3324,Drowning Mona,comedy
3325,"Next Best Thing, The",comedy drama
3326,What Planet Are You From?,comedy sci fi
3327,Beyond the Mat,documentary
3328,Ghost Dog: The Way of the Samurai,crime drama
3329,The Year My Voice Broke,drama romance
3330,Splendor in the Grass,drama romance adolescence sexuality
3331,My Tutor,drama
3334,Key Largo,crime drama film noir thriller
3338,For All Mankind,documentary in netflix queue
3341,Born Yesterday,comedy remade
3342,Birdy,drama war
3344,Blood Feast,horror
3345,"Charlie, the Lonesome Cougar",adventure children
3347,Never Cry Wolf,adventure drama
3350,"Raisin in the Sun, A",drama
3353,"Closer You Get, The",comedy romance
3354,Mission to Mars,sci fi
3355,"Ninth Gate, The",fantasy horror mystery thriller
3357,East-West (Est-ouest),drama romance
3358,Defending Your Life,comedy drama fantasy romance
3359,Breaking Away,comedy drama
3360,Hoosiers (a.k.a. Best Shot),drama romance basketball
3361,Bull Durham,comedy drama romance
3362,Dog Day Afternoon,crime drama
3363,American Graffiti,comedy drama
3364,"Asphalt Jungle, The",crime film noir
3365,"Searchers, The",drama western
3368,"Big Country, The",romance western
3370,Betrayed,drama thriller
3372,"Bridge at Remagen, The",action war
3374,Daughters of the Dust,drama
3378,"Ogre, The (Unhold, Der)",drama
3379,On the Beach,drama
3384,"Taking of Pelham One Two Three, The",action crime subway
3385,Volunteers,comedy peace corp
3386,JFK,drama mystery thriller politics president
3387,Who's Harry Crumb?,comedy mystery
3388,Harry and the Hendersons,children comedy
3389,Let's Get Harry,action adventure
3390,Shanghai Surprise,adventure crime drama romance
3391,Who's That Girl?,comedy
3392,She-Devil,comedy
3393,Date with an Angel,comedy fantasy romance
3394,Blind Date,comedy romance
3395,Nadine,comedy
3396,"Muppet Movie, The",adventure children comedy musical
3397,"Great Muppet Caper, The",children comedy
3398,"Muppets Take Manhattan, The",children comedy musical
3400,We're Back! A Dinosaur's Story,adventure animation children fantasy
3401,Baby... Secret of the Lost Legend,adventure sci fi
3402,Turtle Diary,comedy drama romance
3403,Raise the Titanic,drama thriller
3404,Titanic,action drama
3405,"Night to Remember, A",action drama
3406,Captain Horatio Hornblower R.N.,action adventure drama war
3408,Erin Brockovich,drama scandal true story
3409,Final Destination,drama thriller
3410,Soft Fruit,comedy drama
3412,"Bear, The (Ours, L')",adventure children drama
3414,Love Is a Many-Splendored Thing,drama romance war
3415,"Mirror, The (Zerkalo)",drama
3417,"Crimson Pirate, The",adventure comedy
3418,Thelma & Louise,adventure crime drama
3420,...And Justice for All,drama thriller lawyers
3421,Animal House,comedy college toga
3422,She's Gotta Have It,comedy romance
3423,School Daze,drama
3424,Do the Right Thing,drama racism great cinematography
3425,Mo' Better Blues,drama musical
3426,Jungle Fever,drama romance
3428,"Champ, The",drama
3429,Creature Comforts,animation comedy aardman
3430,Death Wish,action crime drama
3431,Death Wish 2,action drama
3432,Death Wish 3,action drama
3433,Death Wish 4: The Crackdown,action drama
3434,Death Wish 5: The Face of Death,action drama
3435,Double Indemnity,crime drama film noir insurance
3436,Dying Young,drama romance
3438,Teenage Mutant Ninja Turtles,action children comedy fantasy sci fi
3439,Teenage Mutant Ninja Turtles II: The Secret of the Ooze,action children fantasy
3440,Teenage Mutant Ninja Turtles III,action adventure children comedy fantasy
3441,Red Dawn,action drama war
3442,Band of the Hand,action crime drama
3444,Bloodsport,action
3445,Eyes of Laura Mars,mystery thriller
3446,Funny Bones,comedy drama
3447,"Good Earth, The",drama pearl s buck
3448,"Good Morning, Vietnam",comedy drama war
3449,"Good Mother, The",drama
3450,Grumpy Old Men,comedy
3451,Guess Who's Coming to Dinner,drama hepburn and tracy interracial marriage prejudice racism
3452,Romeo Must Die,action crime romance thriller
3453,Here on Earth,drama romance
3454,Whatever It Takes,comedy romance
3455,Buddy Boy,drama thriller
3456,"Color of Paradise, The (Rang-e khoda)",drama in netflix queue
3459,Gothic,drama horror
3461,Lord of the Flies,adventure drama thriller island
3462,Modern Times,comedy drama romance factory
3466,Heart and Souls,comedy fantasy
3467,Hud,drama western
3468,"Hustler, The",drama pool
3469,Inherit the Wind,drama court evolution religion
3470,Dersu Uzala,adventure drama
3471,Close Encounters of the Third Kind,adventure drama sci fi
3473,Jonah Who Will Be 25 in the Year 2000 (Jonas qui aura 25 ans en l'an 2000),comedy
3474,Retroactive,sci fi thriller
3475,"Place in the Sun, A",drama romance class
3476,Jacob's Ladder,horror mystery
3477,Empire Records,comedy drama
3478,"Bamba, La",drama
3479,Ladyhawke,adventure fantasy romance
3480,Lucas,drama romance
3481,High Fidelity,comedy drama romance music nick hornby
3483,"Road to El Dorado, The",animation children
3484,"Skulls, The",thriller
3489,Hook,adventure comedy fantasy peter pan
3492,"Son of the Sheik, The",adventure comedy romance
3494,True Grit,adventure drama western
3496,Madame Sousatzka,drama
3497,Max Dugan Returns,comedy
3498,Midnight Express,drama in netflix queue
3499,Misery,drama horror thriller claustrophobic horror scary stephen king suspenseful tense thriller
3500,Mr. Saturday Night,comedy drama
3501,Murphy's Romance,comedy romance
3502,My Life,drama death
3503,Solaris (Solyaris),drama mystery sci fi
3504,Network,comedy drama journalism
3505,No Way Out,drama mystery thriller
3506,North Dallas Forty,comedy drama
3507,"Odd Couple, The",comedy in netflix queue
3508,"Outlaw Josey Wales, The",action adventure drama thriller western
3510,Frequency,drama thriller
3511,Ready to Rumble,comedy
3512,Return to Me,drama romance transplants
3513,Rules of Engagement,drama thriller
3514,Joe Gould's Secret,drama
3515,Me Myself I,comedy romance alternate endings
3516,"Bell, Book and Candle",comedy fantasy romance
3519,Force 10 from Navarone,action drama war
3521,Mystery Train,comedy drama
3524,Arthur,comedy romance
3525,Bachelor Party,comedy
3526,Parenthood,comedy drama families
3527,Predator,action sci fi thriller aliens sci fi scifi cult arnold schwarzenegger dialogue guns jesse ventura macho
3528,"Prince of Tides, The",drama romance psychiatrist
3529,"Postman Always Rings Twice, The",crime thriller
3531,All the Vermeers in New York,comedy drama romance
3534,28 Days,drama
3535,American Psycho,crime horror mystery thriller
3536,Keeping the Faith,comedy drama romance priest rabbi
3537,Where the Money Is,comedy drama
3538,East is East,comedy
3539,"Filth and the Fury, The",documentary
3543,Diner,comedy drama
3544,Shakes the Clown,comedy
3545,Cabaret,drama musical
3546,What Ever Happened to Baby Jane?,drama horror thriller show business
3548,Auntie Mame,comedy drama 1920s
3549,Guys and Dolls,comedy musical romance gambling
3550,The Hunger,horror
3551,Marathon Man,crime drama thriller
3552,Caddyshack,comedy golf
3553,Gossip,drama thriller
3554,Love and Basketball,drama romance
3555,U-571,action thriller war
3556,"Virgin Suicides, The",drama romance sofia coppola 1970s suicide
3557,Jennifer 8,mystery thriller
3559,Limelight,comedy drama romance in netflix queue
3563,"Crow: Salvation, The",action horror
3564,"Flintstones in Viva Rock Vegas, The",children comedy
3565,Where the Heart Is,comedy drama
3566,"Big Kahuna, The",comedy drama business religion
3567,Bossa Nova,comedy drama romance
3568,Smiling Fish and Goat on Fire,comedy romance
3569,"Idiots, The (Idioterne)",comedy drama
3571,Time Code,comedy drama
3572,Carnosaur,horror sci fi
3573,Carnosaur 2,horror sci fi
3574,Carnosaur 3: Primal Species,horror sci fi
3576,"Hidden, The",action horror sci fi
3577,Two Moon Junction,drama romance
3578,Gladiator,action adventure drama ancient rome epic history imdb top 250 revenge rome russell crowe romans
3580,Up at the Villa,drama
3581,Human Traffic,comedy
3584,Breathless,action drama romance thriller
3586,The Idolmaker,drama romance
3587,Inferno,horror
3590,"Lords of Flatbush, The",comedy drama
3591,Mr. Mom,comedy drama
3592,"Time Masters (Maîtres du temps, Les)",animation sci fi
3593,Battlefield Earth,action sci fi
3594,Center Stage,drama musical
3596,Screwed,comedy
3597,Whipped,comedy
3598,Hamlet,crime drama romance thriller
3599,Anchors Aweigh,comedy musical
3604,Gypsy,musical
3606,On the Town,comedy musical romance
3608,Pee-wee's Big Adventure,adventure comedy pee wee herman
3609,Regret to Inform,documentary
3614,Honeymoon in Vegas,comedy romance
3615,Dinosaur,adventure animation children
3616,Loser,comedy romance
3617,Road Trip,comedy
3618,Small Time Crooks,comedy crime
3619,"Hollywood Knights, The",comedy
3622,"Twelve Chairs, The",comedy
3623,Mission: Impossible II,action adventure thriller
3624,Shanghai Noon,action adventure comedy western
3625,Better Living Through Circuitry,documentary
3626,8 ½ Women (a.k.a. 8 1/2 Women) (a.k.a. Eight and a Half Women),comedy
3627,Carnival of Souls,horror thriller
3628,Flying Tigers,action drama romance war
3629,"Gold Rush, The",adventure comedy romance mining
3632,Monsieur Verdoux,comedy crime
3633,On Her Majesty's Secret Service,action adventure romance thriller
3634,Seven Days in May,thriller
3635,"Spy Who Loved Me, The",action adventure thriller
3637,Vagabond (Sans toit ni loi),drama
3638,Moonraker,action adventure sci fi thriller
3639,"Man with the Golden Gun, The",action adventure thriller
3640,"King in New York, A",comedy drama
3641,"Woman of Paris, A",drama
3643,"Fighting Seabees, The",action drama war
3646,Big Momma's House,comedy
3648,"Abominable Snowman, The (Abominable Snowman of the Himalayas, The)",horror sci fi
3649,American Gigolo,drama
3652,"City of the Living Dead (a.k.a. Gates of Hell, The) (Paura nella città dei morti viventi)",horror
3653,"Endless Summer, The",documentary
3654,"Guns of Navarone, The",action adventure drama war
3655,Blow-Out (La grande bouffe),drama
3658,Quatermass and the Pit,horror sci fi
3660,Puppet Master,horror sci fi thriller
3661,Puppet Master II,horror sci fi thriller
3662,Puppet Master III: Toulon's Revenge,horror sci fi thriller
3663,Puppet Master 4,horror sci fi thriller
3664,Puppet Master 5: The Final Chapter,horror sci fi thriller
3667,Rent-A-Cop,action comedy crime
3668,Romeo and Juliet,drama romance
3669,Stay Tuned,comedy
3671,Blazing Saddles,comedy western dark humor easygoing silly
3672,Benji,adventure children
3673,Benji the Hunted,adventure children
3674,For the Love of Benji,adventure children comedy drama
3675,White Christmas,comedy musical romance christmas
3676,Eraserhead,drama horror in netflix queue art house atmospheric creepy cryptic dark disturbing dreamlike enigmatic fucked up gruesome hallucinatory insane paranoid strange surreal weird
3677,Baraka,documentary
3678,"Man with the Golden Arm, The",drama
3679,"Decline of Western Civilization, The",documentary musical
3680,"Decline of Western Civilization Part II: The Metal Years, The",documentary
3681,For a Few Dollars More (Per qualche dollaro in più),action drama thriller western
3682,Magnum Force,action crime drama thriller
3683,Blood Simple,crime drama film noir coen brothers
3684,"Fabulous Baker Boys, The",drama romance
3685,Prizzi's Honor,comedy drama romance
3686,Flatliners,horror sci fi thriller
3687,Light Years (Gandahar),adventure animation fantasy sci fi
3688,Porky's,comedy
3689,Porky's II: The Next Day,comedy
3690,Porky's Revenge,comedy
3691,Private School,comedy
3692,Class of Nuke 'Em High,comedy horror
3693,"Toxic Avenger, The",comedy horror
3694,"Toxic Avenger, Part II, The",comedy horror
3695,"Toxic Avenger Part III: The Last Temptation of Toxie, The",comedy horror
3696,Night of the Creeps,comedy horror sci fi thriller
3697,Predator 2,action sci fi thriller
3698,"Running Man, The",action sci fi
3699,Starman,adventure drama romance sci fi
3700,"Brother from Another Planet, The",drama sci fi
3701,Alien Nation,crime drama sci fi thriller
3702,Mad Max,action adventure sci fi
3703,"Road Warrior, The (Mad Max 2)",action adventure sci fi thriller
3704,Mad Max Beyond Thunderdome,action adventure sci fi
3705,Bird on a Wire,action comedy romance
3706,Angel Heart,film noir horror mystery thriller
3707,9 1/2 Weeks (Nine 1/2 Weeks),drama romance
3708,Firestarter,horror thriller
3709,Sleepwalkers,horror
3710,Action Jackson,action comedy crime thriller
3711,Sarafina!,drama
3712,Soapdish,comedy television
3713,"Long Walk Home, The",drama
3714,Clara's Heart,drama
3715,Burglar,comedy crime
3716,Fatal Beauty,action comedy crime drama
3717,Gone in 60 Seconds,action crime
3719,Love's Labour's Lost,comedy romance
3720,Sunshine,drama
3723,Hamlet,drama shakespeare
3724,Coming Home,drama war vietnam
3725,American Pop,animation musical
3726,Assault on Precinct 13,action thriller
3727,Near Dark,horror western
3728,One False Move,crime drama film noir thriller
3729,Shaft,action crime drama thriller
3730,"Conversation, The",drama mystery spying
3731,Cutter's Way,drama thriller
3732,"Fury, The",horror
3733,"Paper Chase, The",drama
3735,Serpico,crime drama police
3736,"Ace in the Hole (Big Carnival, The)",drama
3737,Lonely Are the Brave,drama western
3738,"Sugarland Express, The",drama
3739,Trouble in Paradise,comedy romance
3740,Big Trouble in Little China,action adventure comedy fantasy
3741,Badlands,crime drama thriller
3742,Battleship Potemkin,drama war
3743,Boys and Girls,comedy romance
3744,Shaft,action crime thriller
3745,Titan A.E.,action adventure animation children sci fi
3746,Butterfly (La lengua de las mariposas),drama
3747,Jesus' Son,drama
3751,Chicken Run,animation children comedy
3752,"Me, Myself & Irene",adventure comedy
3753,"Patriot, The",action drama war
3754,"Adventures of Rocky and Bullwinkle, The",adventure animation children comedy fantasy
3755,"Perfect Storm, The",drama thriller
3756,"Golden Bowl, The",drama
3758,Communion,drama sci fi thriller
3760,"Kentucky Fried Movie, The",comedy
3761,"Blood In, Blood Out",action crime drama thriller
3763,F/X,action crime thriller
3764,F/X2 (a.k.a. F/X 2 - The Deadly Art of Illusion),action crime thriller
3765,"Hot Spot, The",crime drama romance
3766,Missing in Action,action war
3767,Missing in Action 2: The Beginning,action war
3768,Braddock: Missing in Action III,action war
3769,Thunderbolt and Lightfoot,action
3770,Dreamscape,horror sci fi thriller
3771,The Golden Voyage of Sinbad,action adventure fantasy
3773,House Party,comedy
3774,House Party 2,comedy drama romance
3783,Croupier,crime drama
3784,"Kid, The",comedy fantasy
3785,Scary Movie,comedy horror
3786,But I'm a Cheerleader,comedy
3787,Shower (Xizao),comedy
3788,Blow-Up (Blowup),drama mystery
3789,"Pawnbroker, The",drama
3790,Groove,drama
3791,Footloose,drama
3792,Duel in the Sun,drama romance western
3793,X-Men,action adventure sci fi action comic book hugh jackman marvel superhero
3794,Chuck & Buck,comedy drama
3795,"Five Senses, The",drama
3797,"In Crowd, The",thriller
3798,What Lies Beneath,drama horror mystery
3799,Pokémon the Movie 2000,animation children
3801,Anatomy of a Murder,drama mystery court
3802,Freejack,action sci fi
3806,Mackenna's Gold,western
3807,Sinbad and the Eye of the Tiger,adventure fantasy
3808,"Two Women (Ciociara, La)",drama war
3809,What About Bob?,comedy
3810,White Sands,drama thriller
3811,Breaker Morant,drama war court
3812,Everything You Always Wanted to Know About Sex * But Were Afraid to Ask,comedy
3813,Interiors,drama
3814,Love and Death,comedy
3816,"Official Story, The (La historia oficial)",drama missing children
3819,Tampopo,comedy
3821,Nutty Professor II: The Klumps,comedy
3822,"Girl on the Bridge, The (Fille sur le pont, La)",drama romance
3823,Wonderland,drama
3824,Autumn in New York,drama romance
3825,Coyote Ugly,comedy drama romance
3826,Hollow Man,horror sci fi thriller
3827,Space Cowboys,action adventure comedy sci fi
3830,Psycho Beach Party,comedy horror thriller
3831,Saving Grace,comedy
3832,"Black Sabbath (Tre volti della paura, I)",horror
3833,"Brain That Wouldn't Die, The",horror sci fi
3834,Bronco Billy,adventure drama romance
3835,"Crush, The",thriller
3836,Kelly's Heroes,action comedy war
3837,Phantasm II,action fantasy horror sci fi thriller
3838,Phantasm III: Lord of the Dead,horror
3839,Phantasm IV: Oblivion,horror
3840,Pumpkinhead,horror
3841,Air America,action comedy
3843,Sleepaway Camp,horror
3844,Steel Magnolias,drama diabetes
3845,And God Created Woman (Et Dieu... créa la femme),drama
3846,Easy Money,comedy
3847,"Ilsa, She Wolf of the SS",horror
3849,The Spiral Staircase,horror mystery thriller disability
3851,I'm the One That I Want,comedy
3852,"Tao of Steve, The",comedy
3855,"Affair of Love, An (Liaison pornographique, Une)",drama romance
3857,Bless the Child,thriller
3858,Cecil B. DeMented,comedy
3859,"Eyes of Tammy Faye, The",documentary in netflix queue televangelist
3861,"Replacements, The",comedy
3862,About Adam,comedy
3863,"Cell, The",drama horror thriller
3864,Godzilla 2000 (Gojira ni-sen mireniamu),action adventure sci fi
3865,"Original Kings of Comedy, The",comedy documentary
3868,"Naked Gun: From the Files of Police Squad!, The",action comedy crime romance
3869,"Naked Gun 2 1/2: The Smell of Fear, The",comedy
3870,Our Town,drama
3871,Shane,drama western
3872,"Suddenly, Last Summer",drama
3873,Cat Ballou,comedy western
3877,Supergirl,action adventure fantasy superhero
3879,"Art of War, The",action thriller
3882,Bring It On,comedy
3884,"Crew, The",comedy
3888,Skipped Parts,drama romance
3889,Highlander: Endgame (Highlander IV),action adventure fantasy
3893,Nurse Betty,comedy crime drama romance thriller
3894,Solas,drama
3895,"Watcher, The",crime thriller
3896,"Way of the Gun, The",crime thriller
3897,Almost Famous,drama music journalism rolling stone
3898,Bait,action comedy
3899,Circus,crime drama thriller
3900,Crime and Punishment in Suburbia,comedy drama
3901,Duets,comedy drama
3906,Under Suspicion,crime thriller
3908,Urban Legends: Final Cut,horror
3909,Woman on Top,comedy romance
3910,Dancer in the Dark,drama musical blindness factory
3911,Best in Show,comedy satire dogs
3912,Beautiful,comedy drama
3914,"Broken Hearts Club, The",drama
3915,Girlfight,drama
3916,Remember the Titans,drama
3917,Hellraiser,horror
3918,Hellbound: Hellraiser II,horror
3919,Hellraiser III: Hell on Earth,horror
3920,"Faraway, So Close (In weiter Ferne, so nah!)",drama fantasy mystery romance
3922,Bikini Beach,comedy
3925,Stranger Than Paradise,comedy drama
3926,Voyage to the Bottom of the Sea,adventure sci fi
3927,Fantastic Voyage,adventure sci fi
3928,Abbott and Costello Meet Frankenstein,comedy horror
3929,"Bank Dick, The",comedy
3930,"Creature from the Black Lagoon, The",adventure horror sci fi
3932,"Invisible Man, The",horror sci fi invisibility
3933,"Killer Shrews, The",horror sci fi
3937,Runaway,sci fi thriller
3938,"Slumber Party Massacre, The",horror
3939,Slumber Party Massacre II,horror
3940,Slumber Party Massacre III,horror
3941,Sorority House Massacre,horror
3942,Sorority House Massacre II,horror
3943,Bamboozled,comedy
3945,Digimon: The Movie,adventure animation children
3946,Get Carter,action drama thriller
3947,Get Carter,action crime drama thriller
3948,Meet the Parents,comedy comedy robert de niro
3949,Requiem for a Dream,drama drug abuse depressing psychology
3950,Tigerland,drama
3951,Two Family House,drama in netflix queue
3952,"Contender, The",drama thriller
3953,Dr. T and the Women,comedy romance
3955,"Ladies Man, The",comedy
3957,Billy Jack,action drama
3958,Billy Jack Goes to Washington,drama
3959,"Time Machine, The",action adventure sci fi
3962,Ghoulies II,comedy horror
3963,"Unsinkable Molly Brown, The",musical
3964,"Adventures of Ichabod and Mr. Toad, The",animation children
3965,"Strange Love of Martha Ivers, The",drama film noir
3966,Detour,crime film noir
3967,Billy Elliot,drama ballet
3968,Bedazzled,comedy
3969,Pay It Forward,drama
3971,"Private Eyes, The",comedy mystery
3972,"Legend of Drunken Master, The (Jui kuen II)",action comedy
3973,Book of Shadows: Blair Witch 2,crime horror mystery thriller
3974,"Little Vampire, The",adventure children
3977,Charlie's Angels,action comedy
3978,"Legend of Bagger Vance, The",drama romance
3979,Little Nicky,comedy
3980,Men of Honor,drama
3981,Red Planet,action sci fi thriller
3983,You Can Count on Me,drama romance family
3984,Diamonds Are Forever,action adventure thriller
3985,"Eagle Has Landed, The",drama war
3986,"6th Day, The",action sci fi thriller
3987,Bounce,drama romance
3988,How the Grinch Stole Christmas (a.k.a. The Grinch),children comedy fantasy dr seuss
3989,One Day in September,documentary
3990,Rugrats in Paris: The Movie,animation children comedy
3991,102 Dalmatians,children comedy
3992,Malèna,drama romance war
3993,Quills,drama romance
3994,Unbreakable,drama sci fi superhero atmospheric comics father son relationship mindfuck unique somber
3996,"Crouching Tiger, Hidden Dragon (Wo hu cang long)",action drama romance china martial arts
3997,Dungeons & Dragons,action adventure comedy fantasy
3998,Proof of Life,drama
3999,Vertical Limit,action adventure
4000,"Bounty, The",adventure drama
4002,"Planes, Trains & Automobiles",comedy
4003,She's Having a Baby,comedy
4005,"Living Daylights, The",action adventure thriller
4006,Transformers: The Movie,adventure animation children sci fi
4007,Wall Street,drama business
4008,Born on the Fourth of July,drama war
4009,Talk Radio,drama
4010,Brewster's Millions,comedy
4011,Snatch,comedy crime thriller
4012,Punchline,comedy drama stand up comedy
4014,Chocolat,drama romance
4015,"Dude, Where's My Car?",comedy sci fi bad
4016,"Emperor's New Groove, The",adventure animation children comedy fantasy
4017,Pollock,drama
4018,What Women Want,comedy romance
4019,Finding Forrester,drama writing
4020,"Gift, The",thriller
4021,Before Night Falls,drama
4022,Cast Away,drama
4023,"Family Man, The",comedy drama romance
4024,"House of Mirth, The",romance edith wharton
4025,Miss Congeniality,comedy crime pageant
4027,"O Brother, Where Art Thou?",adventure comedy crime bluegrass
4029,State and Main,comedy drama movies
4030,Dracula 2000,horror
4031,All the Pretty Horses,drama romance western
4032,"Everlasting Piece, An",comedy
4033,Thirteen Days,drama thriller war
4034,Traffic,crime drama thriller drugs based on a tv show
4035,"Claim, The",romance western
4036,Shadow of the Vampire,drama horror
4037,House of Games,crime film noir mystery thriller
4039,Annie,children musical
4040,Don't Tell Mom the Babysitter's Dead,comedy
4041,"Officer and a Gentleman, An",drama romance
4042,"Alamo, The",action drama war western
4043,At Close Range,crime drama
4046,Friendly Persuasion,drama quakers
4047,Gettysburg,drama war
4051,Horrors of Spider Island (Ein Toter Hing im Netz),horror sci fi
4052,Antitrust,crime drama thriller
4053,Double Take,action comedy
4054,Save the Last Dance,drama romance
4055,Panic,drama
4056,"Pledge, The",crime drama mystery thriller
4061,The Man in the Moon,drama romance
4062,Mystic Pizza,comedy drama romance
4063,Prelude to a Kiss,comedy drama romance
4064,Coffy,action crime thriller
4065,Foxy Brown,action crime drama
4066,I'm Gonna Git You Sucka,action comedy
4067,Untamed Heart,drama romance
4068,Sugar & Spice,comedy
4069,"Wedding Planner, The",comedy romance
4074,"Legend of Rita, The (Stille nach dem Schuß, Die)",drama
4077,"With a Friend Like Harry... (Harry, un ami qui vous veut du bien)",drama thriller psychopaths
4078,Amazing Grace and Chuck,drama
4079,Amazon Women on the Moon,comedy sci fi
4080,Baby Boom,comedy
4081,Back to the Beach,comedy
4082,Barfly,comedy drama romance
4083,Best Seller,thriller
4084,Beverly Hills Cop II,action comedy crime thriller
4085,Beverly Hills Cop,action comedy crime drama
4086,"Big Easy, The",action crime mystery romance thriller
4089,Born in East L.A.,comedy
4090,"Brave Little Toaster, The",animation children
4091,Can't Buy Me Love,comedy romance
4092,Cherry 2000,romance sci fi
4093,Cop,thriller
4102,Eddie Murphy Raw,comedy documentary
4103,Empire of the Sun,action adventure drama war
4104,Ernest Goes to Camp,comedy
4105,"Evil Dead, The",fantasy horror thriller zombies
4109,Flowers in the Attic,drama thriller
4110,"Fourth Protocol, The",thriller
4111,Gardens of Stone,drama war
4113,"Glass Menagerie, The",drama tennessee williams
4115,Hiding Out,comedy
4116,Hollywood Shuffle,comedy
4117,Hope and Glory,drama in netflix queue
4121,Innerspace,action adventure comedy sci fi
4123,Ishtar,comedy
4124,Jaws: The Revenge,horror thriller
4125,Leonard Part 6,comedy sci fi
4126,Less Than Zero,drama
4127,"Like Father, Like Son",comedy
4128,"Lost Boys, The",comedy horror thriller
4129,Made in Heaven,fantasy romance
4130,Maid to Order,comedy fantasy
4131,Making Mr. Right,comedy romance sci fi
4132,Mannequin,comedy romance
4133,Masters of the Universe,action adventure fantasy sci fi
4135,"Monster Squad, The",adventure comedy horror
4138,My Demon Lover,comedy horror demons
4139,No Man's Land,crime drama
4141,Head Over Heels,comedy romance
4142,Left Behind: The Movie,action adventure drama thriller
4143,Valentine,horror mystery
4144,In the Mood For Love (Fa yeung nin wa),drama romance atmospheric beautiful bittersweet dreamy elegant heartbreaking intimate loneliness long takes longing melancholic melancholy moody nocturnal romantic unique visually appealing visually stunning
4146,"Million Dollar Hotel, The",drama mystery romance
4147,Nico and Dani (Krámpack),comedy drama romance
4148,Hannibal,horror thriller
4149,Saving Silverman (Evil Woman),comedy romance
4152,Vatel,drama
4153,Down to Earth,comedy fantasy romance
4154,Recess: School's Out,animation children
4155,Sweet November,drama romance
4156,Company Man,comedy
4157,"Price of Milk, The",comedy drama fantasy romance
4158,Monkeybone,animation comedy fantasy
4159,3000 Miles to Graceland,action thriller
4160,"Widow of St. Pierre, The (Veuve de Saint-Pierre, La)",drama romance death penalty
4161,"Mexican, The",action comedy
4164,"Caveman's Valentine, The",drama homeless new york
4166,Series 7: The Contenders,action drama reality tv
4167,15 Minutes,thriller
4168,Get Over It,comedy romance
4171,Long Night's Journey Into Day,documentary eugene o neill
4174,Avalon,drama in netflix queue
4175,Gray's Anatomy,comedy drama
4178,Of Mice and Men,drama
4180,Reform School Girls,action drama
4181,Tapeheads,comedy
4184,"Bishop's Wife, The",comedy drama romance christmas
4187,Lilies of the Field,drama
4189,"Greatest Story Ever Told, The",drama bible religion
4190,Elmer Gantry,drama preacher religion
4191,Alfie,comedy drama romance sexuality
4193,"Fantasticks, The",musical
4194,I Know Where I'm Going!,drama romance war in netflix queue
4195,"Abominable Dr. Phibes, The",horror mystery
4197,Real Life,comedy
4198,Battle Beyond the Stars,sci fi
4200,Double Impact,action
4202,Fuzz,drama
4203,Harley Davidson and the Marlboro Man,action crime drama
4204,Losin' It,comedy virginity
4205,Mermaids,comedy drama romance
4207,Navy Seals,action adventure war
4210,Manhunter,action crime drama horror thriller hannibal lecter serial killer
4211,Reversal of Fortune,drama von bulow
4212,Death on the Nile,crime mystery
4214,Revenge of the Nerds,comedy college
4215,Revenge of the Nerds II: Nerds in Paradise,comedy
4217,4 Little Girls,documentary
4218,River's Edge,crime drama in netflix queue
4219,Girls Just Want to Have Fun,comedy
4220,"Longest Yard, The",comedy
4221,Necessary Roughness,comedy football
4223,Enemy at the Gates,drama war ed harris jude law rachel weisz sniper world war ii
4224,Exit Wounds,action thriller
4225,"Dish, The",comedy
4226,Memento,mystery thriller dark mindfuck nonlinear psychology twist ending mystery psychological backwards memory cerebral dreamlike
4228,Heartbreakers,comedy crime romance
4229,Say It Isn't So,comedy romance
4231,Someone Like You,comedy romance
4232,Spy Kids,action adventure children comedy spying
4233,Tomcats,comedy
4234,"Tailor of Panama, The",drama thriller
4235,Amores Perros (Love's a Bitch),drama thriller
4236,Keep the River on Your Right: A Modern Cannibal Tale,documentary
4237,"Gleaners & I, The (Les glaneurs et la glaneuse)",documentary
4238,Along Came a Spider,action crime mystery thriller
4239,Blow,crime drama
4240,Just Visiting,comedy fantasy
4241,Pokémon 3: The Movie,animation children
4242,Beautiful Creatures,comedy crime drama thriller
4243,Brigham City,crime drama mystery
4246,Bridget Jones's Diary,comedy drama romance singletons
4247,Joe Dirt,adventure comedy mystery romance
4248,Josie and the Pussycats,comedy
4251,Chopper,drama thriller
4252,"Circle, The (Dayereh)",drama
4254,Crocodile Dundee in Los Angeles,comedy drama
4255,Freddy Got Fingered,comedy
4256,"Center of the World, The",drama
4259,"Luzhin Defence, The",drama romance nabokov
4260,"Visit, The",drama
4262,Scarface,action crime drama al pacino
4263,Days of Wine and Roses,drama alcoholism
4265,Driven,action thriller
4267,One Night at McCool's,comedy
4268,Town & Country,comedy
4270,"Mummy Returns, The",action adventure comedy thriller
4273,Under the Sand,drama
4275,Krull,action adventure fantasy sci fi
4276,Lost in America,comedy
4278,Triumph of the Will (Triumph des Willens),documentary
4280,"World According to Garp, The",comedy drama romance
4282,Fellini Satyricon,drama fantasy
4284,Frankie and Johnny,comedy
4285,Frankie and Johnny,comedy romance
4289,"City of Women, The (Città delle donne, La)",comedy drama
4290,For the Boys,comedy drama musical
4291,Nine to Five (a.k.a. 9 to 5),comedy crime
4292,Norma Rae,drama union
4293,Summer Rental,comedy
4294,"5,000 Fingers of Dr. T, The",children fantasy musical
4296,Love Story,drama romance death
4297,Pelle the Conqueror (Pelle erobreren),drama
4298,Rififi (Du rififi chez les hommes),crime film noir thriller
4299,"Knight's Tale, A",action comedy romance
4300,Bread and Roses,drama
4304,Startup.com,documentary
4305,Angel Eyes,romance thriller
4306,Shrek,adventure animation children comedy fantasy romance fairy tales
4307,"Fast Food, Fast Women",comedy romance
4308,Moulin Rouge,drama musical romance
4310,Pearl Harbor,action drama romance war
4312,Himalaya (Himalaya - l'enfance d'un chef),adventure drama in netflix queue
4313,"Man Who Cried, The",drama
4316,Ice Castles,drama figure skating
4317,Love Potion #9,comedy romance
4321,City Slickers,comedy western
4322,Eight Men Out,drama
4323,"Horse Soldiers, The",adventure war western
4325,"Night, The (Notte, La)",drama
4326,Mississippi Burning,crime drama thriller race rasicm
4327,"Magnificent Seven, The",adventure western
4329,Rio Bravo,western
4333,Throw Momma from the Train,comedy crime strangers on a train
4334,Yi Yi,drama
4337,"Sand Pebbles, The",drama romance war
4338,Twelve O'Clock High,drama war
4339,Von Ryan's Express,action adventure drama war
4340,"Animal, The",comedy
4342,Big Eden,drama romance
4343,Evolution,comedy sci fi really bad seann william scott
4344,Swordfish,action crime drama
4345,"Anniversary Party, The",drama
4347,Divided We Fall (Musíme si pomáhat),comedy drama holocaust
4349,Catch-22,comedy war
4350,Forgotten Silver,comedy documentary
4351,Point Break,action crime thriller
4353,Uncommon Valor,action war
4354,Unlawful Entry,crime thriller
4355,Youngblood,action drama
4356,Gentlemen Prefer Blondes,comedy musical romance in netflix queue
4357,How to Marry a Millionaire,comedy drama romance
4359,"Seven Year Itch, The",comedy adultery
4361,Tootsie,comedy romance men in drag
4366,Atlantis: The Lost Empire,adventure animation children fantasy
4367,Lara Croft: Tomb Raider,action adventure
4368,Dr. Dolittle 2,comedy
4369,"Fast and the Furious, The",action crime thriller
4370,A.I. Artificial Intelligence,adventure drama sci fi android s cyborg s artificial intelligence bittersweet steven spielberg robots
4371,Baby Boy,crime drama
4372,Crazy/Beautiful,drama romance
4373,Pootie Tang,comedy
4374,Let It Snow,comedy romance
4378,Sexy Beast,crime drama
4380,"Princess and the Warrior, The (Krieger und die Kaiserin, Der)",drama romance accident
4381,"Closet, The (Placard, Le)",comedy
4383,"Crimson Rivers, The (Rivières pourpres, Les)",crime drama mystery thriller
4384,Lumumba,drama
4386,Cats & Dogs,children comedy
4387,Kiss of the Dragon,action
4388,Scary Movie 2,comedy
4389,Lost and Delirious,drama
4390,Rape Me (Baise-moi),crime drama thriller
4392,Alice,comedy drama fantasy romance
4393,Another Woman,drama
4394,Beach Blanket Bingo,comedy musical
4395,Big Deal on Madonna Street (I Soliti Ignoti),comedy crime
4396,"Cannonball Run, The",action comedy race
4397,Cannonball Run II,action comedy
4399,"Diary of a Chambermaid (Journal d'une femme de chambre, Le)",comedy drama
4402,Dr. Goldfoot and the Bikini Machine,comedy
4403,"Fall of the House of Usher, The (House of Usher)",horror
4404,Faust,drama fantasy horror in netflix queue
4406,"Man Who Shot Liberty Valance, The",crime drama western
4407,Salvador,drama thriller war
4408,September,drama
4409,Shadows and Fog,comedy drama mystery thriller
4410,Something Wild,comedy crime drama
4412,"Thing with Two Heads, The",comedy horror sci fi
4419,All That Heaven Allows,drama romance
4420,"Barefoot Contessa, The",drama
4422,Cries and Whispers (Viskningar och rop),drama
4424,"Garden of the Finzi-Continis, The (Giardino dei Finzi-Contini, Il)",drama
4426,Kiss Me Deadly,film noir
4427,"Lion in Winter, The",drama
4428,"Misfits, The",comedy drama romance western
4429,Moby Dick,drama
4432,Sweet Smell of Success,drama film noir
4433,Written on the Wind,drama
4434,"10th Victim, The (La decima vittima)",action comedy sci fi thriller
4436,Obsession,mystery thriller
4437,Suspiria,horror
4438,"Fist of Fury (Chinese Connection, The) (Jing wu men)",action drama romance thriller
4439,Christiane F. (a.k.a. We Children from Bahnhof Zoo) (Christiane F. - Wir Kinder vom Bahnhof Zoo),drama
4440,"Big Boss, The (Fists of Fury) (Tang shan da xiong)",action thriller
4441,Game of Death,action
4442,"Last Dragon, The",action comedy drama
4443,Outland,action sci fi thriller
4444,"Way of the Dragon, The (a.k.a. Return of the Dragon) (Meng long guo jiang)",action crime
4445,T-Rex: Back to the Cretaceous,adventure documentary imax
4446,Final Fantasy: The Spirits Within,adventure animation fantasy sci fi sci fi
4447,Legally Blonde,comedy romance lawyers
4448,"Score, The",action drama heist boring
4449,Adanggaman,drama
4450,Bully,crime drama thriller
4451,Jump Tomorrow,comedy drama romance
4452,Made,comedy
4453,Michael Jordan to the Max,documentary imax
4454,More,animation drama sci fi imax claymation creativity dystopia free to download imagination no dialogue social commentary
4458,Africa: The Serengeti,documentary imax
4459,Alaska: Spirit of the Wild,documentary imax
4462,18 Again!,comedy fantasy
4463,1969,drama war
4464,"Accidental Tourist, The",comedy drama romance
4465,"Accused, The",drama rape
4466,Above the Law,action crime drama
4467,"Adventures of Baron Munchausen, The",adventure comedy fantasy
4470,Ariel,drama
4471,Arthur 2: On the Rocks,comedy romance
4473,Bat*21,drama war
4474,Beaches,comedy drama musical
4475,"Beast of War, The (Beast, The)",drama war
4476,Big Business,comedy twins
4477,Big Top Pee-Wee,adventure children comedy circus
4478,Biloxi Blues,comedy drama
4480,"Blob, The",horror sci fi
4482,"Bright Lights, Big City",drama
4483,Caddyshack II,comedy
4484,Camille Claudel,drama
4487,Cocktail,drama romance
4488,Colors,action crime drama
4489,Coming to America,comedy romance africa immigrants
4490,"Couch Trip, The",comedy
4492,Critters,comedy sci fi
4495,Crossing Delancey,comedy romance new york
4496,D.O.A.,film noir mystery thriller
4497,Dead Heat,action comedy horror sci fi
4498,"Dead Pool, The",action crime thriller
4499,Dirty Rotten Scoundrels,comedy
4500,Drowning by Numbers,comedy drama
4502,Ernest Saves Christmas,children comedy
4504,Feds,comedy
4505,For Keeps,drama romance
4506,Frantic,crime mystery thriller
4508,Gorillas in the Mist,drama
4509,"Great Outdoors, The",comedy
4511,High Spirits,comedy
4516,Johnny Be Good,comedy
4517,Lady in White (a.k.a. The Mystery of the Lady in White),horror mystery thriller
4518,The Lair of the White Worm,comedy horror
4519,"Land Before Time, The",adventure animation children fantasy
4520,License to Drive,comedy
4521,Little Nikita,drama
4522,Masquerade,mystery romance thriller
4523,Milagro Beanfield War,comedy drama fantasy
4524,Moon Over Parador,comedy
4526,My Stepmother Is an Alien,comedy romance sci fi aliens
4527,"Night in the Life of Jimmy Reardon, A",comedy romance
4529,Bagdad Cafe (Out of Rosenheim),comedy drama
4531,Red Heat,action
4533,"Return of the Living Dead, The",comedy horror sci fi
4534,Return to Snowy River (a.k.a. The Man From Snowy River II),adventure drama western
4535,"Man from Snowy River, The",drama romance western
4537,Running on Empty,drama hippies
4541,"Serpent and the Rainbow, The",horror
4544,Short Circuit 2,comedy sci fi
4545,Short Circuit,comedy sci fi robots
4546,"Vanishing, The (Spoorloos)",drama thriller kidnapping remade
4552,"Tetsuo, the Ironman (Tetsuo)",action horror sci fi thriller artsy atmospheric gritty hallucinatory surreal visually stunning
4553,They Live,action sci fi thriller
4557,Tucker: The Man and His Dream,drama
4558,Twins,comedy twins
4562,Without a Clue,comedy mystery
4563,Young Einstein,comedy
4564,Always,drama fantasy romance
4565,American Ninja,action adventure
4568,Best of the Best,action
4571,Bill & Ted's Excellent Adventure,adventure comedy sci fi time travel
4572,Black Rain,action crime drama
4573,Blaze,comedy drama
4574,Blind Fury,action thriller
4577,Casualties of War,drama war
4578,Chances Are,comedy romance
4580,Cyborg,action sci fi
4581,Dad,drama
4583,Disorganized Crime,action comedy
4584,Dream a Little Dream,comedy drama romance
4585,"Dream Team, The",comedy
4587,Earth Girls Are Easy,comedy musical sci fi
4589,Eddie and the Cruisers,drama musical mystery
4591,Erik the Viking,adventure comedy fantasy
4593,Family Business,comedy
4594,Farewell to the King,action war
4595,Fat Man and Little Boy,drama
4597,Gleaming the Cube,action drama mystery
4599,Great Balls of Fire!,drama
4600,Gross Anatomy (a.k.a. A Cut Above),comedy drama doctors
4602,Harlem Nights,comedy crime romance
4603,Her Alibi,comedy romance
4605,How to Get Ahead in Advertising,comedy fantasy
4608,"Innocent Man, An",crime drama
4610,"January Man, The",comedy crime mystery thriller
4611,Johnny Handsome,crime drama
4612,Jesus of Montreal (Jésus de Montréal),drama reciprocal spectator
4613,K-9,action comedy crime
4614,Kickboxer,action
4615,Last Exit to Brooklyn,drama
4616,Lean on Me,drama
4617,Let It Ride,comedy
4619,Little Monsters,comedy
4621,Look Who's Talking,comedy romance babies
4622,Loverboy,comedy
4623,Major League,comedy baseball
4624,Meet the Feebles,animation comedy musical
4625,Millennium,drama sci fi thriller
4626,Miracle Mile,drama romance sci fi
4628,New York Stories,comedy drama
4629,Next of Kin,action crime thriller
4630,No Holds Barred,action
4632,"Package, The",action thriller
4634,Penn & Teller Get Killed,adventure comedy
4635,Pink Cadillac,action comedy drama
4636,"Punisher, The",action
4638,Jurassic Park III,action adventure sci fi thriller dinosaurs
4639,America's Sweethearts,comedy romance hollywood movie business
4640,Brother,action crime thriller
4641,Ghost World,comedy drama adolescence
4642,Hedwig and the Angry Inch,comedy drama musical
4643,Planet of the Apes,action adventure drama sci fi
4644,Bread and Tulips (Pane e tulipani),comedy drama romance
4645,Cure,crime horror thriller
4646,Greenfingers,comedy drama
4649,Wet Hot American Summer,comedy
4653,"Return of the Musketeers, The",adventure comedy
4654,Road House,action drama
4658,Santa Sangre,drama horror mystery thriller
4660,Scenes from the Class Struggle in Beverly Hills,comedy
4661,Sea of Love,crime drama thriller
4662,"See No Evil, Hear No Evil",comedy crime
4663,She's Out of Control,comedy
4666,Skin Deep,comedy
4670,"Stepfather, The",horror thriller
4671,Sweetie,drama
4672,"Tall Guy, The",comedy romance
4673,Tango & Cash,action comedy crime thriller
4675,Three Fugitives,action comedy
4676,Troop Beverly Hills,comedy
4677,Turner & Hooch,comedy crime dogs
4678,UHF,comedy television
4679,Uncle Buck,comedy
4681,"War of the Roses, The",comedy drama
4683,"Wizard, The",adventure children comedy drama
4686,Weekend at Bernie's II,adventure comedy
4687,Billy Liar,comedy
4688,Black Robe,adventure drama in netflix queue
4689,"Cat o' Nine Tails, The (Gatto a nove code, Il)",mystery thriller
4690,"Cotton Club, The",crime musical
4695,Who'll Stop the Rain,crime drama
4697,Basket Case,comedy horror
4699,Original Sin,drama romance thriller
4700,"Princess Diaries, The",children comedy romance
4701,Rush Hour 2,action comedy
4703,Chocolat,drama
4704,Hatari!,adventure comedy
4705,"Cage aux Folles, La",comedy
4708,Marat/Sade,drama musical reciprocal spectator
4709,Paint Your Wagon,comedy musical western
4710,"Shootist, The",drama western
4711,Theremin: An Electronic Odyssey,documentary
4713,Altered States,drama sci fi
4714,Any Which Way You Can,comedy
4715,"Awakening, The",horror
4717,"Battle Creek Brawl (Big Brawl, The)",action comedy
4718,American Pie 2,comedy
4719,Osmosis Jones,action animation comedy crime drama romance thriller
4720,"Others, The",drama horror mystery thriller
4721,American Outlaws,action comedy western
4722,All Over the Guy,comedy
4723,"Deep End, The",drama
4725,Session 9,horror thriller mental hospital psychology suspense well done
4727,Captain Corelli's Mandolin,drama romance war
4728,Rat Race,comedy
4732,Bubble Boy,comedy
4733,"Curse of the Jade Scorpion, The",comedy
4734,Jay and Silent Bob Strike Back,adventure comedy
4735,Ghosts of Mars,horror sci fi thriller
4736,Summer Catch,comedy drama romance
4738,Happy Accidents,romance sci fi
4740,Maybe Baby,comedy romance
4741,Together (Tillsammans),comedy drama romance
4743,Tortilla Soup,comedy romance
4744,Jeepers Creepers,horror
4745,O,drama
4748,3 Ninjas,action children comedy
4749,3 Ninjas Kick Back,action children comedy
4750,3 Ninjas Knuckle Up,action children
4754,"Wicker Man, The",drama horror mystery thriller
4756,"Musketeer, The",action adventure drama romance
4757,Rock Star,comedy drama musical
4759,Two Can Play That Game,comedy drama
4765,L.I.E.,drama
4766,"Our Lady of the Assassins (Virgen de los sicarios, La)",crime drama romance
4769,Into the Arms of Strangers: Stories of the Kindertransport,documentary
4770,"Glass House, The",thriller
4771,Hardball,drama
4772,Dinner Rush,drama
4773,Haiku Tunnel,comedy
4774,Big Trouble,comedy crime
4775,Glitter,drama musical romance
4776,Training Day,crime drama thriller
4777,"American Astronaut, The",comedy musical sci fi
4780,Liam,drama
4782,Sidewalks of New York,comedy romance
4783,"Endurance: Shackleton's Legendary Antarctic Expedition, The",documentary
4784,"French Lieutenant's Woman, The",drama
4785,"Great Silence, The (Grande silenzio, Il)",drama western
4786,"Legend of Hell House, The",horror thriller
4787,Little Man Tate,drama prodigies
4788,Moscow Does Not Believe in Tears (Moskva slezam ne verit),drama romance
4789,Phantom of the Paradise,comedy fantasy horror musical thriller
4792,13 Ghosts,horror
4794,Opera,crime horror mystery
4795,Father Goose,adventure comedy romance war
4796,"Grass Is Greener, The",comedy romance
4798,Indiscreet,comedy romance
4799,"It's a Mad, Mad, Mad, Mad World",action adventure comedy crime
4800,King Solomon's Mines,action adventure drama romance thriller
4801,"Little Foxes, The",drama family
4802,Operation Petticoat,action comedy romance war
4803,Play Misty for Me,drama thriller
4804,Pocketful of Miracles,comedy drama
4808,"Vanishing, The",mystery thriller remake
4809,Silkwood,drama nuclear disaster union
4810,I Never Promised You a Rose Garden,drama
4811,Quadrophenia,drama musical
4812,SpaceCamp,adventure sci fi nasa space
4813,When Worlds Collide,sci fi
4814,Don't Say a Word,thriller
4815,Hearts in Atlantis,drama
4816,Zoolander,comedy ben stiller comedy david bowie goofy mindless one liners will ferrell
4818,Extreme Days,action adventure comedy drama
4821,Joy Ride,adventure thriller
4822,Max Keeble's Big Move,children comedy
4823,Serendipity,comedy romance wedding
4825,"Swamp, The (Ciénaga, La)",comedy drama
4826,"Big Red One, The",action adventure drama war
4827,"Boogeyman, The",horror
4828,"Party, The (Boum, La)",comedy romance
4830,Brubaker,crime drama
4831,Can't Stop the Music,comedy musical
4833,"Changeling, The",horror mystery thriller
4835,Coal Miner's Daughter,drama loretta lynn
4836,"Competition, The",drama romance
4840,"Last Metro, The (Dernier métro, Le)",drama romance
4844,Bandits,comedy crime romance
4845,Corky Romano,comedy crime
4846,Iron Monkey (Siu nin Wong Fei-hung ji: Tit Ma Lau),action comedy
4847,Fat Girl (À ma soeur!),drama
4848,Mulholland Drive,crime drama film noir mystery thriller
4849,My First Mister,comedy drama
4850,Spriggan (Supurigan),action animation sci fi
4852,Bones,horror
4855,Dirty Harry,action crime thriller
4857,Fiddler on the Roof,drama musical judaism tradition
4860,Making the Grade,comedy
4862,Not Without My Daughter,drama
4863,Female Trouble,comedy crime
4864,Titanica,documentary imax
4865,From Hell,crime horror mystery thriller
4866,"Last Castle, The",action
4867,Riding in Cars with Boys,comedy drama
4871,Focus,drama
4873,Waking Life,animation drama fantasy
4874,K-PAX,drama fantasy mystery sci fi aliens psychiatrist
4876,Thirteen Ghosts (a.k.a. Thir13en Ghosts),horror thriller
4877,Better Than Sex,comedy romance
4878,Donnie Darko,drama mystery sci fi thriller atmospheric cult film dreamlike hallucinatory psychological surreal time travel jake gyllenhaal mental illness psychology social commentary teen thought provoking cerebral enigmatic mindfuck philosophy quirky weird
4879,High Heels and Low Lifes,action comedy crime drama
4880,Life as a House,drama
4881,"Man Who Wasn't There, The",crime drama coen brothers
4883,"Town is Quiet, The (Ville est tranquille, La)",drama
4885,Domestic Disturbance,thriller
4886,"Monsters, Inc.",adventure animation children comedy fantasy
4887,"One, The",action sci fi thriller
4888,Tape,drama
4889,Heist,crime drama
4890,Shallow Hal,comedy fantasy romance
4893,When a Stranger Calls,horror thriller
4896,Harry Potter and the Sorcerer's Stone (a.k.a. Harry Potter and the Philosopher's Stone),adventure children fantasy everything you want is here alan rickman harry potter humorous magic wizards
4898,Novocaine,comedy crime mystery thriller
4899,Black Knight,adventure comedy fantasy
4900,Out Cold,comedy
4901,Spy Game,action crime drama thriller
4902,"Devil's Backbone, The (Espinazo del diablo, El)",drama fantasy horror thriller war ghosts
4903,In the Bedroom,drama
4909,"Incredible Shrinking Woman, The",comedy sci fi
4911,Jabberwocky,adventure comedy fantasy
4912,Funny Girl,drama musical romance
4914,Breathless (À bout de souffle),crime drama romance
4915,"Beastmaster, The",action adventure fantasy
4916,Midway,drama war
4917,MacArthur,drama
4919,Subway,crime drama romance thriller
4920,"Now, Voyager",drama romance psychology
4921,Little Women,drama romance
4925,"Cheap Detective, The",comedy
4926,Everybody's Famous! (Iedereen beroemd!),comedy drama musical
4927,"Last Wave, The",fantasy mystery thriller
4928,That Obscure Object of Desire (Cet obscur objet du désir),drama
4929,"Toy, The",comedy
4932,Dressed to Kill,mystery thriller
4936,Fame,drama musical
4939,"Final Countdown, The",action sci fi
4941,Flash Gordon,action adventure sci fi
4942,"Angry Red Planet, The",sci fi
4945,"Enforcer, The",crime
4946,"Eye for an Eye, An",action crime thriller
4947,"Gauntlet, The",action
4951,Lord of the Flies,adventure drama thriller
4952,Morons From Outer Space,comedy sci fi
4953,"People That Time Forgot, The",adventure sci fi
4954,Ocean's Eleven (a.k.a. Ocean's 11),comedy crime
4956,"Stunt Man, The",action adventure comedy drama romance thriller
4957,Sudden Impact,crime thriller
4958,Behind Enemy Lines,action drama war
4959,"Affair of the Necklace, The",drama
4961,Pornstar: The Legend of Ron Jeremy,documentary
4962,Texas Rangers,adventure western
4963,Ocean's Eleven,crime thriller heist
4964,Baran,adventure drama romance
4965,"Business of Strangers, The",action drama thriller
4966,"Incredible Shrinking Man, The",sci fi thriller
4967,No Man's Land,drama war
4969,And Then There Were None,crime mystery in netflix queue
4970,"Blue Angel, The (Blaue Engel, Der)",drama nightclub singers
4971,Moscow on the Hudson,comedy drama
4973,"Amelie (Fabuleux destin d'Amélie Poulain, Le)",comedy romance whimsical
4974,Not Another Teen Movie,comedy
4975,Vanilla Sky,mystery romance sci fi thriller
4976,Iris,drama
4977,Kandahar (Safar e Ghandehar),drama
4978,Lantana,drama mystery thriller
4979,"Royal Tenenbaums, The",comedy drama new york
4980,Bill & Ted's Bogus Journey,adventure comedy fantasy sci fi time travel
4981,Clockwise,comedy
4985,Sheena,action adventure fantasy
4987,Spacehunter: Adventures in the Forbidden Zone,action adventure sci fi
4988,White Water Summer,adventure
4989,How High,comedy
4990,Jimmy Neutron: Boy Genius,adventure animation children comedy
4991,Joe Somebody,comedy drama romance
4992,Kate & Leopold,comedy romance
4993,"Lord of the Rings: The Fellowship of the Ring, The",adventure fantasy fantasy high fantasy magic mythology tolkien wizards tolkein
4994,"Majestic, The",comedy drama romance
4995,"Beautiful Mind, A",drama romance mathematics
4998,"Defiant Ones, The",adventure crime drama thriller racism
5004,"Party, The",comedy
5007,Topkapi,adventure comedy thriller
5008,Witness for the Prosecution,drama mystery thriller agatha christie court
5009,Ali,drama
5010,Black Hawk Down,action drama war
5011,Charlotte Gray,drama romance
5012,Yentl,drama musical romance cross dressing judaism
5013,Gosford Park,comedy drama mystery
5014,I Am Sam,drama
5015,Monster's Ball,drama romance race
5016,"Shipping News, The",drama
5021,Murder by Death,comedy crime mystery thriller
5023,"Waterdance, The",drama
5025,Orange County,comedy
5026,"Brotherhood of the Wolf (Pacte des loups, Le)",action mystery thriller
5027,Another 48 Hrs.,action comedy crime drama thriller
5028,What Time Is It There? (Ni neibian jidian),drama
5033,"Russia House, The",drama thriller
5034,"Truly, Madly, Deeply",drama romance ghost
5039,Dragonslayer,action adventure fantasy
5040,Conan the Destroyer,action adventure fantasy
5041,Fire and Ice,animation fantasy
5046,Impostor,action drama sci fi thriller
5047,Kung Pow: Enter the Fist,action comedy
5048,Snow Dogs,adventure children comedy
5049,48 Hrs.,action comedy crime drama
5051,Italian for Beginners (Italiensk for begyndere),comedy drama romance
5053,Blankman,comedy
5054,Brainstorm,sci fi thriller
5055,Dragon: The Bruce Lee Story,action drama
5059,Little Dieter Needs to Fly,documentary
5060,M*A*S*H (a.k.a. MASH),comedy drama war
5062,Seconds,mystery sci fi thriller
5063,One-Eyed Jacks,western
5064,The Count of Monte Cristo,action adventure drama thriller dumas revenge remake
5065,"Mothman Prophecies, The",drama fantasy horror mystery thriller
5066,"Walk to Remember, A",drama romance
5068,Beijing Bicycle (Shiqi sui de dan che),drama
5069,Escaflowne: The Movie (Escaflowne),action adventure animation drama fantasy
5071,Maelström,drama romance
5072,Metropolis,animation sci fi
5073,"Son's Room, The (Stanza del figlio, La)",drama
5074,Storytelling,comedy drama
5075,Waydowntown,comedy
5076,"Adventures of Huck Finn, The",adventure children comedy drama
5077,Cousins,comedy romance
5080,Slackers,comedy
5081,Birthday Girl,drama romance
5083,Rare Birds,comedy drama
5088,"Going Places (Valseuses, Les)",comedy crime drama irreverent
5092,Big Fat Liar,children comedy
5093,Collateral Damage,action thriller
5094,Rollerball,action sci fi
5095,"Scotland, Pa.",comedy crime
5096,Baby's Day Out,comedy
5099,Heidi,children drama
5102,Rookie of the Year,comedy fantasy
5103,"Sandlot, The",children comedy drama
5105,Don't Look Now,drama horror thriller
5106,Crossroads,comedy musical romance
5107,Hart's War,drama war
5108,John Q,crime drama thriller
5109,Return to Never Land,adventure animation children
5110,Super Troopers,comedy crime mystery
5111,"Good Son, The",drama thriller
5112,Last Orders,drama
5113,After the Fox (Caccia alla volpe),comedy crime
5114,"Bad and the Beautiful, The",drama movie business
5116,Designing Woman,comedy
5120,Sleuth,comedy mystery thriller in netflix queue
5121,Stroszek,comedy drama
5127,Dragonfly,drama fantasy mystery romance thriller
5128,Queen of the Damned,fantasy horror
5131,How to Kill Your Neighbor's Dog,comedy drama
5134,Mean Machine,comedy drama
5135,Monsoon Wedding,comedy romance india
5136,Wendigo,drama horror
5137,Scratch,documentary
5139,"Bad News Bears, The",comedy baseball
5146,Vampire Hunter D: Bloodlust (Banpaia hantâ D),animation fantasy horror sci fi
5147,Wild Strawberries (Smultronstället),drama
5151,40 Days and 40 Nights,comedy romance
5152,We Were Soldiers,action drama war
5155,"Big Bird Cage, The",action
5156,"Big Doll House, The",action
5159,Ferngully: The Last Rainforest,animation children comedy musical
5165,Zombie (a.k.a. Zombie 2: The Dead Are Among Us) (Zombi 2),horror
5168,Royal Wedding,comedy musical romance
5170,All About the Benjamins,action comedy crime
5171,"Time Machine, The",action adventure sci fi
5177,"Magnificent Ambersons, The",drama romance
5178,Fun,crime drama
5181,Hangar 18,action sci fi thriller
5187,Hopscotch,comedy
5189,Humanoids from the Deep,horror sci fi
5197,Little Darlings,drama
5198,"Long Good Friday, The",drama thriller
5202,Mon oncle d'Amérique,drama
5205,Motel Hell,comedy horror
5209,Ffolkes,action adventure thriller
5212,"Octagon, The",action
5213,"Oh, God! Book II",comedy religion
5214,"Oh, God!",comedy fantasy
5218,Ice Age,adventure animation children comedy
5219,Resident Evil,action horror sci fi thriller
5220,Showtime,action comedy
5221,Harrison's Flowers,drama
5222,Kissing Jessica Stein,comedy romance
5224,Promises,documentary in netflix queue
5225,And Your Mother Too (Y tu mamá también),drama romance
5226,All the Right Moves,drama romance
5231,Road to Morocco,comedy
5237,Taps,drama
5238,Return of the Secaucus 7,drama in netflix queue
5239,Rude Boy,documentary drama
5240,Running Scared,action drama
5241,Seems Like Old Times,comedy romance
5244,Shogun Assassin,action adventure
5246,Smokey and the Bandit II,action comedy
5247,Smokey and the Bandit,action comedy
5248,Smokey and the Bandit III,action comedy
5250,Stir Crazy,comedy
5254,Blade II,action horror thriller great movie wesley snipes
5255,Sorority Boys,comedy
5256,Stolen Summer,drama
5258,George Washington,drama
5264,Clockstoppers,action adventure sci fi thriller
5265,Death to Smoochy,comedy crime drama
5266,Panic Room,thriller crime
5267,"Rookie, The",drama
5268,No Such Thing,drama fantasy romance
5269,"Piano Teacher, The (La pianiste)",drama
5272,Time Out (L'emploi du temps),drama
5275,Boxcar Bertha,drama
5278,Fraternity Vacation,comedy romance
5279,Impromptu,comedy romance
5282,High Crimes,thriller
5283,National Lampoon's Van Wilder,comedy
5284,Crush,comedy romance
5285,Lucky Break,comedy crime
5288,"Atomic Cafe, The",documentary war
5291,Rashomon (Rashômon),crime drama mystery black and white samurai in netflix queue
5292,Slap Shot,comedy
5293,Changing Lanes,drama thriller
5294,Frailty,crime drama thriller religion
5296,"Sweetest Thing, The",comedy romance
5297,"Cat's Meow, The",drama thriller
5298,Human Nature,comedy romance
5299,My Big Fat Greek Wedding,comedy romance
5300,3:10 to Yuma,action adventure drama thriller western
5303,Joe Versus the Volcano,comedy romance
5304,"Rome, Open City (a.k.a. Open City) (Roma, città aperta)",drama war in netflix queue
5307,Taking Care of Business,comedy
5308,Three Men and a Baby,comedy
5309,Three Men and a Little Lady,comedy romance
5311,"Watcher in the Woods, The",children horror mystery thriller
5312,Murder by Numbers,crime thriller
5313,The Scorpion King,action adventure fantasy thriller
5316,Enigma,romance thriller world war ii
5319,Nine Queens (Nueve reinas),crime thriller
5321,"Triumph of Love, The",comedy
5322,World Traveler,drama
5323,Jason X,horror sci fi thriller
5324,Life or Something Like It,comedy romance
5325,Dogtown and Z-Boyz,documentary
5328,Rain,drama romance
5329,"Salton Sea, The",crime drama thriller
5333,Bob le Flambeur,crime drama
5334,Cadillac Man,comedy crime
5337,Delirious,comedy
5338,Full Moon in Blue Water,drama
5339,Husbands and Wives,comedy drama
5341,Lenny,drama
5345,Triumph of the Spirit,drama
5346,Wild Orchid,drama romance
5347,Deuces Wild,drama
5348,Hollywood Ending,comedy drama
5349,Spider-Man,action adventure sci fi thriller superhero
5353,Butterflies Are Free,comedy drama blind
5356,"Giant Spider Invasion, The",horror sci fi
5357,Iron Will,adventure
5358,Mountains of the Moon,adventure
5361,White Fang,adventure
5363,"New Guy, The",comedy
5364,Unfaithful,drama thriller
5365,"Lady and the Duke, The (Anglaise et le duc, L')",drama romance
5372,Calamity Jane,musical western
5373,"Cranes Are Flying, The (Letyat zhuravli)",drama romance war
5375,"Harvey Girls, The",comedy musical western
5377,About a Boy,comedy drama romance nick hornby
5378,Star Wars: Episode II - Attack of the Clones,action adventure sci fi imax
5379,"Believer, The",drama anti semitism judaism
5380,"Importance of Being Earnest, The",comedy drama romance
5382,Every Which Way But Loose,comedy
5384,I Want to Live!,crime drama
5385,"Last Waltz, The",documentary
5387,Enough,drama thriller
5388,Insomnia,action crime drama mystery thriller al pacino atmospheric hilary swank robin williams insomnia thought provoking
5389,Spirit: Stallion of the Cimarron,adventure animation children western
5390,CQ,drama
5391,Thirteen Conversations About One Thing (a.k.a. 13 Conversations),drama
5397,Monkey Business,comedy sci fi
5398,Requiem for a Heavyweight,drama boxing
5400,"Sum of All Fears, The",drama thriller
5401,Undercover Brother,comedy
5404,84 Charing Cross Road,drama romance books
5409,Rapid Fire,action
5410,Silent Running,drama sci fi
5414,Bad Company,action comedy crime
5415,Divine Secrets of the Ya-Ya Sisterhood,comedy drama
5416,Cherish,comedy drama thriller
5417,"Fast Runner, The (Atanarjuat)",drama fantasy
5418,"Bourne Identity, The",action mystery thriller
5419,Scooby-Doo,adventure children comedy fantasy mystery
5420,Windtalkers,action drama war
5421,"Dangerous Lives of Altar Boys, The",drama
5422,"Emperor's New Clothes, The",comedy
5423,Gangster No. 1,action crime thriller
5424,Harvard Man,crime drama romance thriller
5425,Dark Blue World (Tmavomodrý svet),drama war
5427,Caveman,comedy
5428,Cheech & Chong's The Corsican Brothers,comedy
5433,Silver Bullet (Stephen King's Silver Bullet),adventure drama horror mystery thriller
5434,"Sorry, Wrong Number",drama film noir thriller
5435,Hombre,western
5437,"Manhattan Project, The",comedy sci fi thriller
5438,Men at Work,action comedy
5440,She Wore a Yellow Ribbon,western
5442,V. I. Warshawski,action comedy crime
5443,Juwanna Mann,comedy
5444,Lilo & Stitch,adventure animation children sci fi
5445,Minority Report,action crime mystery sci fi thriller future
5446,Rabbit-Proof Fence,adventure drama australia
5447,Sunshine State,drama
5448,Hey Arnold! The Movie,adventure animation children comedy
5449,Mr. Deeds,comedy romance
5450,Lovely & Amazing,comedy drama romance sisterhood women
5451,Pumpkin,comedy drama romance disability mental illness
5452,Look Who's Talking Now,children comedy romance
5454,Mo' Money,comedy romance
5455,"Object of Beauty, The",comedy drama
5456,Wagons East,comedy western
5458,Like Mike,children comedy fantasy
5459,Men in Black II (a.k.a. MIIB) (a.k.a. MIB 2),action comedy sci fi crappy sequel first was much better sequel
5460,"Powerpuff Girls, The",action animation children comedy
5461,Me Without You,comedy drama
5462,"Crocodile Hunter: Collision Course, The",adventure comedy
5463,Reign of Fire,action adventure fantasy
5464,Road to Perdition,crime drama cinematography tom hanks
5465,All About Lily Chou-Chou (Riri Shushu no subete),crime drama thriller
5466,My Wife is an Actress (Ma Femme est une Actrice),comedy drama romance
5468,20 Million Miles to Earth,sci fi
5470,The Importance of Being Earnest,comedy romance oscar wilde
5471,Perfect,drama romance
5472,1776,children drama musical
5475,Z,drama mystery thriller in netflix queue
5476,Halloween: Resurrection (Halloween 8),horror thriller
5477,Sex and Lucia (Lucía y el sexo),drama romance
5478,Eight Legged Freaks,action comedy horror sci fi
5479,K-19: The Widowmaker,action adventure drama thriller
5480,Stuart Little 2,children comedy
5481,Austin Powers in Goldmember,comedy
5483,"Kid Stays in the Picture, The",documentary movie business
5485,Tadpole,comedy drama romance
5486,Who Is Cletis Tout?,comedy
5489,Nosferatu the Vampyre (Nosferatu: Phantom der Nacht),horror
5490,The Big Bus,action comedy
5493,In Like Flint,action adventure comedy
5497,Our Man Flint,adventure comedy sci fi
5498,Red Beard (Akahige),drama in netflix queue
5499,Robin and Marian,adventure drama romance
5500,Top Secret!,comedy
5501,"Master of Disguise, The",comedy mystery
5502,Signs,horror sci fi thriller aliens
5503,"Last Kiss, The (Ultimo bacio, L')",comedy drama romance
5504,Spy Kids 2: The Island of Lost Dreams,adventure children
5505,"Good Girl, The",comedy drama adultery younger men
5506,Blood Work,crime drama mystery thriller
5507,xXx,action crime thriller
5508,24 Hour Party People,comedy drama musical
5512,Secret Ballot (Raye makhfi),comedy
5513,Martin Lawrence Live: Runteldat,comedy documentary
5515,Songs From the Second Floor (Sånger från andra våningen),drama
5521,"Principal, The",action crime drama
5522,Rollerball,action drama sci fi
5523,"Adventures of Pluto Nash, The",action adventure comedy sci fi
5524,Blue Crush,adventure drama romance
5525,Mostly Martha (Bella Martha),comedy drama romance
5527,Possession,drama romance as byatt books
5528,One Hour Photo,drama thriller photography psychopaths
5529,Serving Sara,comedy romance
5530,Simone (S1m0ne),comedy drama fantasy sci fi
5531,Undisputed,drama
5532,Amy's O (a.k.a. Amy's Orgasm),comedy romance
5537,Satin Rouge,drama musical
5538,"Care Bears Movie, The",animation children fantasy
5539,Care Bears Movie II: A New Generation,animation children
5540,Clash of the Titans,action adventure fantasy romance
5541,Hot Shots!,action comedy romance war
5543,"Swarm, The",action horror sci fi
5544,Time After Time,sci fi thriller
5548,Down and Out in Beverly Hills,comedy homeless
5550,Love Me Tender,musical western
5553,Stakeout,comedy crime romance thriller
5556,FearDotCom (a.k.a. Fear.com) (a.k.a. Fear Dot Com),crime horror thriller
5560,À nous la liberté (Freedom for Us),comedy musical
5562,Snipes,drama thriller
5563,City by the Sea,crime drama
5564,Swimfan,thriller
5568,Johnny Dangerously,comedy
5569,"Last House on the Left, The",crime horror thriller
5570,Thesis (Tesis),drama horror thriller
5572,Barbershop,comedy
5573,Stealing Harvard,comedy crime
5574,"Transporter, The",action crime
5575,Alias Betty (Betty Fisher et autres histoires),crime drama
5577,Igby Goes Down,comedy drama adolescence
5580,Aspen Extreme,action
5581,Betsy's Wedding,comedy
5582,Captain Ron,adventure comedy
5584,Ernest Goes to Jail,comedy
5585,Ernest Scared Stupid,comedy
5588,"Hills Have Eyes, The",horror
5589,Indian Summer,comedy drama
5590,"Mack, The",crime
5591,Monkey Trouble,children comedy
5596,Spaced Invaders,adventure comedy sci fi
5597,Suburban Commando,comedy sci fi
5601,"Yearling, The",children drama animal movie
5602,"Ladykillers, The",comedy crime
5603,"Lavender Hill Mob, The",comedy crime crime heist
5604,"Man in the White Suit, The",comedy sci fi
5607,"Son of the Bride (Hijo de la novia, El)",comedy drama
5608,"Das Experiment (Experiment, The)",drama thriller
5609,Ballistic: Ecks vs. Sever,action thriller
5610,"Banger Sisters, The",comedy drama
5611,"Four Feathers, The",adventure war
5612,Trapped,action thriller
5613,8 Women,comedy crime musical mystery
5614,"His Secret Life (a.k.a. Ignorant Fairies, The) (Fate ignoranti, Le)",drama romance
5615,Invincible,drama
5617,Secretary,comedy drama romance
5618,Spirited Away (Sen to Chihiro no kamikakushi),adventure animation fantasy anime
5619,"Trials of Henry Kissinger, The",documentary
5620,Sweet Home Alabama,comedy romance
5621,"Tuxedo, The",action comedy
5625,Moonlight Mile,drama romance
5628,Wasabi,action comedy crime drama thriller
5629,Jonah: A VeggieTales Movie,animation children musical bible
5630,Red Dragon,crime mystery thriller hannibal lecter
5632,Bloody Sunday,drama
5633,Heaven,drama bombs
5635,"Man from Elysian Fields, The",drama
5636,Welcome to Collinwood,comedy crime
5637,Flirting,drama
5638,Godzilla vs. Mothra (Mosura tai Gojira),action adventure fantasy sci fi
5640,"Godzilla, King of the Monsters! (Kaijû-ô Gojira)",horror sci fi
5643,Powaqqatsi,documentary
5644,"Pride of the Yankees, The",drama baseball lou gehrig
5646,Valmont,drama romance
5649,Horror of Dracula (Dracula),horror
5650,Strange Brew,comedy
5651,"Incredible Mr. Limpet, The",animation comedy war
5657,Flashback,action adventure comedy crime drama
5663,Below,horror
5664,Brown Sugar,romance
5665,Knockaround Guys,action comedy crime
5666,"Rules of Attraction, The",comedy drama romance thriller
5667,Tuck Everlasting,drama fantasy
5668,White Oleander,drama
5669,Bowling for Columbine,documentary violence in america
5670,Comedian,comedy documentary
5672,Pokemon 4 Ever (a.k.a. Pokémon 4: The Movie),adventure animation children fantasy
5673,Punch-Drunk Love,comedy drama romance pudding anger awkward bittersweet hallucinatory quirky sad surreal symbolism tense unconventional unique wistful
5675,Swept Away,comedy romance
5678,Formula 51,action comedy crime thriller
5679,"Ring, The",horror mystery thriller
5680,Auto Focus,crime drama
5682,"Grey Zone, The",drama holocaust
5684,Naqoyqatsi,documentary
5685,Real Women Have Curves,comedy drama girl power
5688,Tully,drama
5689,Billy Bathgate,crime drama
5690,Grave of the Fireflies (Hotaru no haka),animation drama war made me cry orphans beautiful downbeat grim poignant tear jerker tragedy tragic
5693,Saturday Night Fever,comedy drama romance
5694,Staying Alive,comedy drama musical 70mm
5696,Urban Cowboy,drama
5699,Tom Horn,western
5700,The Pumaman,action adventure fantasy sci fi
5704,Without Warning (a.k.a. Alien Warning) (a.k.a. It Came Without Warning),horror sci fi
5706,...All the Marbles,comedy drama
5707,Absence of Malice,drama romance
5710,Banana Joe,comedy
5712,Blow Out,mystery thriller
5720,"Friend Is a Treasure, A (Chi Trova Un Amico, Trova un Tesoro) (Who Finds a Friend Finds a Treasure)",action adventure comedy
5721,"Chosen, The",drama in netflix queue judaism
5723,Continental Divide,comedy romance
5733,"Eyewitness (Janitor, The)",thriller
5735,Faces of Death,documentary horror
5736,Faces of Death 3,documentary horror
5741,"Woman Next Door, The (Femme d'à côté, La)",drama romance
5742,First Monday in October,comedy drama
5745,"Four Seasons, The",comedy drama
5746,Galaxy of Terror (Quest),action horror mystery sci fi
5747,Gallipoli,drama war world war i
5749,Ghost Story,drama horror
5752,Gregory's Girl,comedy romance
5755,Happy Birthday to Me,horror mystery
5764,Looker,drama horror sci fi thriller
5767,Teddy Bear (Mis),comedy crime
5768,Modern Problems,comedy fantasy
5771,My Bloody Valentine,drama horror thriller
5772,My Dinner with André,drama
5773,Neighbors,comedy
5779,Piranha II: The Spawning,horror sci fi
5780,Polyester,comedy
5782,"Professional, The (Le professionnel)",action drama thriller
5784,Ghost Ship,horror
5785,Jackass: The Movie,action comedy documentary
5786,Paid in Full,action drama
5787,"Truth About Charlie, The",mystery thriller
5788,All or Nothing,drama
5791,Frida,drama romance art
5792,Roger Dodger,comedy drama dating
5796,Casino Royale,action adventure comedy
5797,"Company of Wolves, The",fantasy horror
5799,Exodus,drama romance war
5801,"Russians Are Coming, the Russians Are Coming, The",comedy war
5802,"World of Henry Orient, The",comedy teenagers
5803,I Spy,action adventure comedy crime
5804,"Santa Clause 2, The",children comedy fantasy romance
5809,Femme Fatale,crime thriller
5810,8 Mile,drama
5812,Far from Heaven,drama romance salute to douglas sirk
5816,Harry Potter and the Chamber of Secrets,adventure fantasy magic wizards
5817,Ararat,drama war
5818,"Crime of Father Amaro, The (Crimen del padre Amaro, El)",drama romance
5820,Standing in the Shadows of Motown,documentary musical music business
5826,Rio Grande,romance western
5828,Blackrock,drama thriller
5829,Men with Brooms,comedy drama romance
5833,Dog Soldiers,action horror
5836,Houseboat,comedy romance
5838,Madame Bovary,drama
5839,My Father's Glory (La gloire de mon père),adventure drama
5840,"My Mother's Castle (Château de ma mère, Le)",comedy drama
5841,Return to the Blue Lagoon,adventure romance
5843,Toy Soldiers,action drama
5847,Ragtime,drama
5849,I'm Starting From Three (Ricomincio da Tre),comedy
5853,Scanners,horror sci fi thriller
5856,"Do You Remember Dolly Bell? (Sjecas li se, Dolly Bell)",comedy drama romance
5863,Take This Job and Shove It,comedy
5867,Thief,crime drama thriller
5872,Die Another Day,action adventure thriller
5873,The Emperor's Club,drama
5874,Friday After Next,comedy
5875,Personal Velocity,drama short films
5876,"Quiet American, The",drama thriller war graham greene
5878,Talk to Her (Hable con Ella),drama romance coma
5879,Eight Crazy Nights (Adam Sandler's Eight Crazy Nights),animation comedy musical
5880,Extreme Ops,action adventure crime thriller
5881,Solaris,drama romance sci fi
5882,Treasure Planet,adventure animation children sci fi imax
5883,They,horror thriller
5884,Chopper Chicks in Zombietown,comedy horror
5888,Brother (Brat),crime drama
5889,"Cruel Romance, A (Zhestokij Romans)",drama romance
5890,Elling,comedy drama
5891,I Spit on Your Grave (Day of the Woman),horror thriller
5893,"Last Seduction, The",crime drama thriller
5896,New Waterford Girl,comedy
5899,Zulu,action drama war africa
5900,Analyze That,comedy crime
5901,Empire,crime drama
5902,Adaptation,comedy drama romance
5903,Equilibrium,action sci fi thriller
5909,Visitor Q (Bizita Q),comedy drama horror
5912,Hit the Bank (Vabank),comedy crime
5915,Victory (a.k.a. Escape to Victory),action drama war
5919,Android,sci fi
5922,Attila (Attila Flagello di Dio),action
5925,"Beast Within, The",horror
5927,"Best Little Whorehouse in Texas, The",comedy drama musical romance
5929,"Party 2, The (Boum 2, La)",comedy romance
5932,Burden of Dreams,documentary
5938,Deathtrap,comedy crime mystery thriller
5941,Drumline,comedy drama musical romance
5942,"Hot Chick, The",comedy
5943,Maid in Manhattan,comedy romance
5944,Star Trek: Nemesis,action drama sci fi thriller
5945,About Schmidt,comedy drama
5947,Evelyn,drama
5949,Intact (Intacto),thriller
5951,Morvern Callar,drama
5952,"Lord of the Rings: The Two Towers, The",adventure fantasy myth tolkein
5953,Devils on the Doorstep (Guizi lai le),drama war
5954,25th Hour,crime drama crime nightclub
5955,Antwone Fisher,drama
5956,Gangs of New York,crime drama
5957,Two Weeks Notice,comedy romance
5959,Narc,crime drama thriller
5961,Blue Steel,action thriller
5962,Body of Evidence,drama thriller
5963,"Children's Hour, The",drama
5965,"Duellists, The",action war
5968,Miami Blues,comedy crime drama
5969,My Girl 2,comedy drama romance
5970,My Girl,comedy drama romance
5971,My Neighbor Totoro (Tonari no Totoro),animation children drama fantasy anime
5974,"Thief of Bagdad, The",adventure fantasy
5975,War and Peace,drama romance war
5979,Attack of the Crab Monsters,horror sci fi
5980,Black Christmas,horror mystery thriller
5984,"Story of O, The (Histoire d'O)",drama romance
5986,Fat City,drama
5988,Quicksilver,drama
5989,Catch Me If You Can,crime drama crime cheating intelligent leonardo dicaprio lies smart tom hanks twists turns
5990,Pinocchio,children comedy fantasy
5991,Chicago,comedy crime drama musical court jazz murder
5992,"Hours, The",drama romance
5993,Max,drama
5994,Nicholas Nickleby,drama romance dickens
5995,"Pianist, The",drama war holocaust true story holocaust
5999,Heavy Metal 2000,action adventure animation fantasy sci fi
6001,"King of Comedy, The",comedy drama
6002,Love Liza,drama drugs planes widows widowers
6003,Confessions of a Dangerous Mind,comedy crime drama thriller television
6005,Blue Collar Comedy Tour: The Movie,comedy documentary
6006,Just Married,comedy romance
6009,"City of Lost Souls, The (Hyôryuu-gai)",crime drama thriller
6012,"Guy Thing, A",comedy romance
6013,Kangaroo Jack,action comedy
6014,National Security,action comedy
6016,City of God (Cidade de Deus),action adventure crime drama thriller multiple storylines true story crime photography violence not seen
6020,Alice Adams,comedy drama class
6021,"American Friend, The (Amerikanische Freund, Der)",crime drama mystery thriller
6022,American Me,drama
6023,Band of Outsiders (Bande à part),comedy crime drama romance
6025,CB4 - The Movie,comedy
6027,Dogfight,drama romance in netflix queue
6030,Girls! Girls! Girls!,comedy musical
6031,Imitation of Life,drama romance motherhood race
6033,Mystery Date,comedy
6035,Pépé le Moko,crime drama romance
6036,Secret Admirer,comedy romance
6039,"Woman in Red, The",comedy romance
6040,Darkness Falls,horror thriller
6041,Amen.,drama in netflix queue
6042,Blind Spot: Hitler's Secretary (Im toten Winkel - Hitlers Sekretärin),documentary
6044,Blind Date,horror thriller
6049,Ethan Frome,drama
6051,"Harder They Come, The",action crime drama
6055,Sugar Hill,drama
6057,Biker Boyz,action crime drama
6058,Final Destination 2,horror thriller sequel violent
6059,"Recruit, The",action thriller
6060,"Guru, The",comedy romance
6062,Lost in La Mancha,documentary
6063,May,drama horror doll
6064,"Harder They Fall, The",drama film noir
6067,Ordinary Decent Criminal,comedy crime
6070,Tokyo Decadence (Topâzu),drama
6078,Firefox,action sci fi thriller
6086,"I, the Jury",crime drama thriller
6090,Kiss Me Goodbye,comedy ghosts
6093,"Last Unicorn, The",animation children fantasy
6095,Dragon Lord (a.k.a. Dragon Strike) (Long Xiao Ye),action
6100,"Midsummer Night's Sex Comedy, A",comedy romance
6101,Missing,drama mystery thriller chile politics south america
6104,Monty Python Live at the Hollywood Bowl,comedy spoof
6107,"Night of the Shooting Stars (Notte di San Lorenzo, La)",drama war world war ii
6111,Paradise,adventure romance
6116,"Pirate Movie, The",adventure comedy musical
6119,Santa Claus Is a Stinker (Le Père Noël est une ordure),comedy
6122,Richard Pryor Live on the Sunset Strip,comedy documentary
6123,Sunless (Sans Soleil),documentary
6124,Savannah Smiles,comedy
6125,"Secret Policeman's Other Ball, The",comedy documentary musical
6140,Tenebre,horror mystery thriller
6141,They Call Me Bruce? (a.k.a. A Fistful of Chopsticks),comedy
6143,Trail of the Pink Panther,comedy crime
6145,Venom,horror thriller
6148,White Dog,drama horror thriller
6153,Zapped!,comedy sci fi
6155,How to Lose a Guy in 10 Days,comedy romance
6156,Shanghai Knights,action adventure comedy england
6157,Daredevil,action crime bad ben affleck
6158,"Jungle Book 2, The",animation children
6159,All the Real Girls,drama romance adolescence
6162,Gerry,adventure drama
6163,He Loves Me... He Loves Me Not (À la folie... pas du tout),romance thriller obsession
6166,Dennis the Menace,comedy
6169,"Black Stallion Returns, The",adventure children
6170,"Black Stallion, The",adventure children drama horses
6178,"Patch of Blue, A",drama romance blind blindness race
6181,"Red Badge of Courage, The",drama war civil war stephen crane
6182,"Thrill of It All, The",comedy
6183,Pillow Talk,comedy musical romance day and hudson sexuality
6184,"Man Who Fell to Earth, The",drama sci fi
6185,Dark Blue,action crime drama thriller
6186,Gods and Generals,action drama war
6187,"Life of David Gale, The",crime drama thriller
6188,Old School,comedy comedy will ferrell
6192,Open Hearts (Elsker dig for evigt),romance
6193,Poolhall Junkies,comedy drama thriller
6195,Stone Reader,documentary books stones of summer
6196,Cradle 2 the Grave,action crime drama thriller
6197,Spider,drama mystery mental illness
6201,Lady Jane,drama romance england
6202,Late Marriage (Hatuna Meuheret),comedy drama romance
6203,Life Stinks,comedy
6204,"Meteor Man, The",comedy
6210,Volcano High (Whasango),action comedy
6212,Bringing Down the House,comedy
6213,Tears of the Sun,action drama thriller
6214,Irreversible (Irréversible),crime drama mystery thriller dark disturbing
6215,Laurel Canyon,drama
6216,Nowhere in Africa (Nirgendwo in Afrika),drama world war ii
6217,"Safety of Objects, The",drama
6218,Bend It Like Beckham,comedy drama romance soccer
6219,"Hunted, The",action drama thriller
6220,Willard,drama horror thriller
6222,Prozac Nation,drama
6223,Spun,comedy crime drama
6225,King of Kings,drama
6228,"Talk of the Town, The",comedy romance thriller in netflix queue
6232,Born Free,adventure children drama animal movie lions
6234,Equus,drama mystery
6235,Europa Europa (Hitlerjunge Salomon),drama war holocaust world war ii
6237,"Glenn Miller Story, The",drama
6238,Green Card,comedy drama romance immigrants
6239,Journey to the Center of the Earth,adventure children sci fi
6241,Pauline at the Beach (Pauline à la Plage),comedy drama romance
6242,Ringu (Ring),horror mystery thriller television
6244,Salaam Bombay!,drama in netflix queue
6245,Sweet Charity,comedy drama musical romance prostitution
6246,Talent for the Game,drama
6249,Boat Trip,comedy
6250,Dreamcatcher,drama horror sci fi thriller
6251,Piglet's Big Movie,animation children
6252,View from the Top,comedy romance
6254,"Awful Truth, The",comedy romance screwball
6263,Basic,drama thriller war
6264,"Core, The",action drama sci fi thriller
6265,Head of State,comedy
6266,What a Girl Wants,comedy drama romance
6267,Assassination Tango,drama thriller
6268,Raising Victor Vargas,comedy drama romance adolescence
6269,Stevie,documentary big brothers
6270,Akira Kurosawa's Dreams (Dreams),drama fantasy
6271,Day for Night (La Nuit Américaine),comedy drama romance
6273,In a Lonely Place,drama film noir mystery romance l a
6279,"Good Thief, The",crime drama
6280,"Man Apart, A",action crime drama thriller
6281,Phone Booth,drama thriller crime
6283,Cowboy Bebop: The Movie (Cowboy Bebop: Tengoku no Tobira),action animation sci fi thriller amazing artwork anime sci fi
6285,Levity,drama
6286,"Man Without a Past, The (Mies vailla menneisyyttä)",comedy crime drama amnesia
6287,Anger Management,comedy
6288,Better Luck Tomorrow,crime drama gangs
6289,Ghosts of the Abyss,documentary imax titanic
6290,House of 1000 Corpses,horror rob zombie
6291,Lilya 4-Ever (Lilja 4-ever),crime drama prostitution depressing melancholy sad
6294,Bulletproof Monk,action adventure sci fi
6295,Chasing Papi (a.k.a. Papi Chulo),comedy
6296,"Mighty Wind, A",comedy musical mockumentary
6297,Holes,adventure children comedy mystery children
6298,Malibu's Most Wanted,comedy crime
6299,"Winged Migration (Peuple migrateur, Le)",documentary birds
6300,Flickering Lights (Blinkende lygter),action comedy crime
6301,Straw Dogs,drama thriller
6302,Beginning of the End,sci fi
6303,"Andromeda Strain, The",mystery sci fi
6305,Fahrenheit 451,drama sci fi ray bradbury
6306,I Am Trying to Break Your Heart,documentary
6308,Legal Eagles,comedy crime romance lawyers
6310,Memories of Me,comedy drama
6313,Sibling Rivalry,comedy
6314,Undercover Blues,comedy crime
6315,Wildcats,comedy
6316,"Wiz, The",adventure children comedy fantasy musical
6319,"My Father the Hero (Mon père, ce héros.)",comedy drama
6320,Scenes from a Mall,comedy
6322,Confidence,crime thriller
6323,Identity,crime horror mystery thriller john cusack
6324,It Runs in the Family,comedy drama
6327,"Decade Under the Influence, A",documentary 1970s movies
6329,Manic,drama
6330,People I Know,crime drama
6331,Spellbound,documentary spelling bee
6332,"Lizzie McGuire Movie, The",children comedy romance
6333,X2: X-Men United,action adventure sci fi thriller jean grey magneto rogue superhero wolverine
6334,Blue Car,drama teachers
6335,"Dancer Upstairs, The",crime drama thriller
6336,Marooned in Iraq (Gomgashtei dar Aragh),drama
6337,Owning Mahowny,crime drama thriller gambling
6338,Daddy Day Care,children comedy
6339,"Man on the Train (Homme du train, L')",comedy drama trains
6341,"Shape of Things, The",drama art
6342,"Trip, The",comedy drama romance
6344,101 Reykjavik (101 Reykjavík),comedy drama romance
6345,"Chorus Line, A",comedy drama musical
6347,Beat Street,drama musical
6348,Breakin' 2: Electric Boogaloo,musical
6349,Breakin',drama musical
6350,Laputa: Castle in the Sky (Tenkû no shiro Rapyuta),action adventure animation children fantasy sci fi anime
6357,High Society,comedy musical romance
6358,Kiss Me Kate,comedy musical romance
6365,"Matrix Reloaded, The",action adventure sci fi thriller imax
6367,Down with Love,comedy romance ewan mcgregor renee zellweger retro
6368,Cinemania,documentary movies
6370,"Spanish Apartment, The (L'auberge espagnole)",comedy drama romance
6371,Pokémon Heroes,animation children
6373,Bruce Almighty,comedy drama fantasy romance religion classic
6374,"In-Laws, The",comedy
6375,Gigantic (A Tale of Two Johns),documentary in netflix queue they might be giants
6376,Respiro,comedy drama
6377,Finding Nemo,adventure animation children comedy disney fish heartwarming
6378,"Italian Job, The",action crime heist
6379,Wrong Turn,horror thriller
6380,Capturing the Friedmans,documentary child abuse
6382,Together (Han ni Zai Yiki),drama
6383,"2 Fast 2 Furious (Fast and the Furious 2, The)",action crime thriller
6385,Whale Rider,drama girl power
6386,Nevada Smith,western
6387,Once a Thief (Zong heng si hai),action comedy crime thriller
6390,Silk Stockings,musical ninotchka remake
6395,"Crazies, The (a.k.a. Code Name: Trixie)",action drama horror sci fi thriller
6400,Murder on a Sunday Morning (Un coupable idéal),documentary documentary crime
6402,Siam Sunset,comedy
6405,Treasure Island,adventure children
6407,"Walk, Don't Run",comedy romance olympics tokyo
6408,Animals are Beautiful People,comedy documentary
6410,Car Wash,comedy
6412,Destry Rides Again,comedy western
6415,Intervista,comedy drama
6417,Live Wire,action
6422,Shenandoah,drama war western civil war
6424,Oscar,comedy crime mystery romance
6425,"6th Man, The (Sixth Man, The)",comedy
6427,"Railway Children, The",children drama
6428,Two Mules for Sister Sara,comedy war western
6429,Winchester '73,western
6433,"Man with the Movie Camera, The (Chelovek s kino-apparatom)",documentary
6434,"Objective, Burma!",war
6436,This Boy's Life,drama
6440,Barton Fink,drama thriller movie business
6442,Belle époque,comedy romance
6448,"Flight of the Phoenix, The",action adventure drama
6449,From the Terrace,drama
6452,"Long, Hot Summer, The",drama in netflix queue
6453,Man of Aran,documentary
6454,Music Box,drama nazis
6460,"Trial, The (Procès, Le)",drama
6461,"Unforgiven, The",drama western
6464,Good Burger,children comedy
6465,Jubilee,drama
6466,Mississippi Masala,drama romance in netflix queue
6476,Shattered,mystery thriller
6477,"Song of Bernadette, The",drama
6480,Thoroughly Modern Millie,comedy musical
6482,Dumb and Dumberer: When Harry Met Lloyd,comedy
6483,From Justin to Kelly,musical romance
6484,Hollywood Homicide,action crime drama
6493,Alex and Emma,comedy drama romance
6502,28 Days Later,action horror sci fi zombies
6503,Charlie's Angels: Full Throttle,action adventure comedy crime thriller
6506,Fulltime Killer (Chuen jik sat sau),action thriller
6509,Ali: Fear Eats the Soul (Angst essen Seele auf),drama romance
6510,"Bodies, Rest & Motion",drama romance
6514,Ring of Terror,horror
6515,You Only Live Once,crime film noir fugitive
6516,Anastasia,drama in netflix queue
6517,"Babe, The",drama
6523,Mr. Baseball,comedy romance
6527,Scaramouche,adventure romance
6528,Start the Revolution Without Me,comedy
6530,"Tenant, The (Locataire, Le)",drama horror mystery thriller
6533,"What's Up, Doc?",comedy
6534,Hulk,action adventure sci fi dogs eric bana mad scientist marvel
6535,"Legally Blonde 2: Red, White & Blonde",comedy politics
6536,Sinbad: Legend of the Seven Seas,adventure animation children fantasy swashbuckler
6537,Terminator 3: Rise of the Machines,action adventure sci fi
6538,Swimming Pool,drama mystery thriller
6539,Pirates of the Caribbean: The Curse of the Black Pearl,action adventure comedy fantasy swashbuckler
6541,"League of Extraordinary Gentlemen, The (a.k.a. LXG)",action fantasy sci fi captain nemo comic book gothic peta wilson sean connery superhero
6542,"Cuckoo, The (Kukushka)",comedy drama war
6545,I Capture the Castle,drama romance dodie smith
6547,Northfork,drama fantasy flood
6548,Bad Boys II,action comedy crime thriller
6549,How to Deal,comedy drama romance
6550,Johnny English,action comedy thriller
6551,"Anarchist Cookbook, The",comedy romance
6552,Dirty Pretty Things,crime drama thriller immigration
6553,"Embalmer, The (Imbalsamatore, L')",drama
6554,Garage Days,comedy musical
6557,Born to Be Wild,adventure children comedy drama
6558,Curly Sue,comedy drama
6559,Little Giants,children comedy
6560,Loose Cannons,action comedy
6561,"Mouse That Roared, The",comedy war
6563,Masked & Anonymous,comedy drama
6564,Lara Croft Tomb Raider: The Cradle of Life,action adventure comedy romance thriller adventure angelina jolie heroine in tight suit
6565,Seabiscuit,drama horses
6566,Spy Kids 3-D: Game Over,action adventure children
6567,Buffalo Soldiers,comedy crime drama war
6568,Camp,comedy musical
6571,"Mondays in the Sun (Lunes al sol, Los)",drama
6572,Scorched,comedy crime
6573,Avanti!,comedy drama
6574,Eve of Destruction,action sci fi thriller
6577,Kickboxer 2: The Road Back,action drama
6578,"Kiss Me, Stupid",comedy
6579,"One, Two, Three",comedy japan
6581,"Private Life of Sherlock Holmes, The",comedy drama mystery
6582,Remo Williams: The Adventure Begins,action comedy crime thriller
6583,"Blood of Heroes, The (Salute of the Jugger, The)",action sci fi
6584,"What's Up, Tiger Lily?",adventure comedy crime thriller
6586,American Wedding (American Pie 3),comedy
6587,Gigli,comedy crime romance
6588,And Now... Ladies and Gentlemen...,romance thriller
6591,"Magdalene Sisters, The",drama religion
6592,"Secret Lives of Dentists, The",drama marriage
6593,Freaky Friday,children comedy fantasy
6595,S.W.A.T.,action thriller
6596,"Divorce, Le",comedy drama romance
6597,"Princess Blade, The (Shura Yukihime)",action sci fi
6598,Step Into Liquid,documentary
6603,"Double Life, A",crime drama film noir othello
6604,Hawks and Sparrows (Uccellacci e Uccellini),comedy
6609,"Gospel According to St. Matthew, The (Vangelo secondo Matteo, Il)",drama bible
6611,Umberto D.,drama
6612,Brother's Keeper,documentary
6614,I Love You to Death,comedy crime
6615,Freddy vs. Jason,action horror thriller
6616,Grind,action comedy
6617,Open Range,western
6618,Shaolin Soccer (Siu lam juk kau),action comedy
6619,Uptown Girls,comedy
6620,American Splendor,comedy drama cancer
6624,Agent Cody Banks,action adventure children fantasy
6625,Camp Nowhere,adventure children comedy
6628,Hot Dog... The Movie,comedy
6629,House of Wax,crime horror mystery thriller
6631,Man's Best Friend,horror sci fi thriller
6636,"Sure Thing, The",comedy romance road trip
6638,Valley Girl,comedy romance
6639,Wait Until Dark,drama thriller blindness
6643,Tokyo Story (Tôkyô monogatari),drama
6644,"Green Ray, The (Rayon vert, Le)",drama romance
6645,THX 1138,action adventure drama sci fi
6650,Kind Hearts and Coronets,comedy drama family multiple roles murder
6654,Atragon (Kaitei Gunkan),adventure sci fi
6656,Attack of the Puppet People,horror sci fi
6658,10,comedy romance
6659,Tremors,comedy horror sci fi
6660,"Red Shoes, The",drama fantasy musical romance ballet
6662,"Pink Panther, The",comedy crime clousseau
6663,"Pink Panther Strikes Again, The",comedy crime
6664,Commando,action adventure
6665,Dracula,horror romance
6666,"Discreet Charm of the Bourgeoisie, The (Charme discret de la bourgeoisie, Le)",comedy drama fantasy
6667,Waco: The Rules of Engagement,documentary fbi
6668,"Road Home, The (Wo de fu qin mu qin)",drama romance in netflix queue
6669,Ikiru,drama terminal illness meditative philosophical poignant purposefulness
6670,Comic Book Villains,comedy
6671,"Angel at My Table, An",drama
6678,"Handmaid's Tale, The",drama sci fi
6679,Revolution OS,documentary
6684,Death in Venice (Morte a Venezia),drama romance
6686,"Medallion, The",action comedy crime fantasy
6687,My Boss's Daughter,comedy romance
6688,Autumn Spring (Babí léto),comedy drama
6689,"Battle of Shaker Heights, The",comedy drama romance
6691,Dust,drama western
6692,Stoked: The Rise and Fall of Gator,documentary
6695,Jeepers Creepers 2,horror thriller
6696,Bollywood/Hollywood,comedy drama musical romance
6699,Once Upon a Time in the Midlands,drama
6702,Dickie Roberts: Former Child Star,comedy
6705,Party Monster,comedy crime drama thriller
6706,Taking Sides,drama
6707,Cabin Fever,horror thriller
6708,Matchstick Men,comedy crime drama con men fatherhood
6709,Once Upon a Time in Mexico,action adventure crime thriller
6710,Dummy,comedy drama romance vertriloquism
6711,Lost in Translation,comedy drama romance atmospheric japan
6713,Millennium Actress (Sennen joyû),animation drama romance in netflix queue
6715,Children of the Night,horror
6718,Gotcha!,comedy
6720,Kuffs,action comedy crime
6721,Once Upon a Time in China (Wong Fei Hung),action adventure drama
6722,Once Upon a Time in China II (Wong Fei-hung Ji Yi: Naam yi dong ji keung),action romance
6723,Once Upon a Time in China III (Wong Fei-hung tsi sam: Siwong tsangba),action
6724,Paper Moon,comedy crime drama in netflix queue
6731,Day of the Dead,horror sci fi thriller
6732,"Hello, Dolly!",comedy musical romance matchmaker
6734,Memoirs of an Invisible Man,comedy romance sci fi thriller
6744,Once Bitten,comedy horror vampire
6746,Squirm,horror romance
6748,"Brood, The",horror
6750,Anything Else,comedy drama romance
6751,Cold Creek Manor,drama thriller
6752,"Fighting Temptations, The",drama
6753,Secondhand Lions,children comedy drama animal movie
6754,Underworld,action fantasy horror
6755,Bubba Ho-tep,comedy horror
6760,In This World,adventure drama
6763,Duplex,comedy crime
6764,"Rundown, The",action adventure comedy
6765,Under the Tuscan Sun,comedy drama romance
6768,Luther,drama religion
6769,Mambo Italiano,comedy
6770,My Life Without Me,drama romance adultery terminal illness
6772,To Be and to Have (Être et avoir),documentary
6773,"Triplets of Belleville, The (Les triplettes de Belleville)",animation comedy fantasy biking
6774,Videodrome,fantasy horror sci fi thriller
6775,Life and Debt,documentary
6776,Lagaan: Once Upon a Time in India,comedy drama musical romance india
6777,Judgment at Nuremberg,drama
6780,"Brief History of Time, A",documentary
6782,Leningrad Cowboys Go America,comedy musical
6783,"Rules of the Game, The (La règle du jeu)",comedy drama
6785,Seven Brides for Seven Brothers,comedy musical romance western lonesome polecat
6786,Kiss of the Spider Woman,drama in netflix queue
6787,All the President's Men,drama thriller journalism watergate deep throat
6788,Angie,comedy drama romance pregnancy
6789,"Apartment, The (Appartement, L')",drama mystery romance
6790,Avalon,drama fantasy sci fi
6791,Babette's Feast (Babettes gæstebud),drama food
6793,Beethoven,children comedy drama
6794,Beethoven's 2nd,children comedy
6796,Boyz N the Hood,crime drama
6797,Bugsy,crime drama
6798,Bugsy Malone,children comedy crime musical
6800,Cobra,action crime
6803,Phenomena (a.k.a. Creepers),horror mystery thriller
6804,Crimewave,comedy crime
6807,Monty Python's The Meaning of Life,comedy british comedy
6808,Where Eagles Dare,action adventure war
6809,Tightrope,thriller
6810,Sleeping with the Enemy,drama thriller domestic violence
6811,PCU,comedy
6812,"Rookie, The",action comedy thriller
6814,City Heat,action comedy
6816,Three O'Clock High,comedy
6817,"White Hunter, Black Heart",adventure drama
6818,Come and See (Idi i smotri),drama war atmospheric bleak disturbing gritty harsh
6820,Ginger Snaps,drama horror thriller werewolf
6821,More American Graffiti,comedy
6827,It's Pat,comedy
6832,Regarding Henry,drama amnesia
6835,Alien Contamination,action horror sci fi
6836,"Amazing Transparent Man, The",sci fi
6837,Love Affair,comedy drama romance
6849,Scrooge,drama fantasy musical christmas
6850,Leap of Faith,comedy drama
6851,"Gas, Food, Lodging",drama romance
6852,In Cold Blood,crime drama black and white capote crime death penalty murder
6853,Campus Man,comedy
6856,Yankee Doodle Dandy,drama musical biopic
6857,Ninja Scroll (Jûbei ninpûchô),action adventure animation fantasy
6858,Knife in the Water (Nóz w wodzie),drama
6860,Mobsters,crime drama
6862,Out of Time,crime drama thriller
6863,School of Rock,comedy musical school
6867,"Station Agent, The",comedy drama trains
6868,Wonderland,crime drama mystery thriller
6869,Bus 174 (Ônibus 174),crime documentary
6870,Mystic River,crime drama mystery child abuse kidnapping
6872,"House of the Dead, The",action horror
6873,Intolerable Cruelty,comedy romance
6874,Kill Bill: Vol. 1,action crime thriller martial arts revenge
6879,Runaway Jury,drama thriller
6880,"Texas Chainsaw Massacre, The",horror
6881,Pieces of April,comedy drama thanksgiving
6882,Returner (Ritaanaa),action adventure sci fi
6883,Sylvia,drama romance
6884,Veronica Guerin,crime drama thriller
6885,In the Cut,crime drama mystery romance thriller
6886,Beyond Borders,drama romance war
6887,Radio,drama
6888,Scary Movie 3,comedy horror
6889,Brother Bear,adventure animation children
6890,Elephant,drama adolescence violence in america
6893,"Italian Job, The",action comedy crime
6898,Sweet Sixteen,drama
6899,Alien from L.A.,sci fi
6902,Interstate 60,adventure comedy drama fantasy mystery sci fi thriller
6909,"Eye, The (Gin gwai) (Jian gui)",thriller transplants
6911,"Jolson Story, The",musical
6912,You'll Never Get Rich,comedy musical romance rita hayworth can dance
6918,"Unvanquished, The (Aparajito)",drama india
6920,"Cercle Rouge, Le (Red Circle, The)",crime thriller
6927,"Human Stain, The",drama romance thriller
6932,Shattered Glass,crime drama journalism
6934,"Matrix Revolutions, The",action adventure sci fi thriller imax
6935,"Revolution Will Not Be Televised, The (a.k.a. Chavez: Inside the Coup)",documentary
6936,Elf,children comedy fantasy christmas
6938,Billabong Odyssey,documentary big wave surfing
6939,Gloomy Sunday (Ein Lied von Liebe und Tod),drama romance
6942,Love Actually,comedy drama romance
6944,Father of the Bride,comedy remake wedding
6945,My Architect: A Son's Journey,documentary
6946,Looney Tunes: Back in Action,action animation children fantasy
6947,Master and Commander: The Far Side of the World,adventure drama war
6948,Tupac: Resurrection,documentary music business rap
6949,"Big Empty, The",comedy mystery sci fi
6950,"Missing, The",adventure thriller western
6951,"Cat in the Hat, The",children comedy
6952,Gothika,horror thriller
6953,21 Grams,crime drama mystery romance thriller depressing
6954,"Barbarian Invasions, The (Les invasions barbares)",comedy crime drama mystery romance
6957,Bad Santa,comedy crime
6958,"Haunted Mansion, The",children comedy fantasy horror
6959,Timeline,action adventure sci fi
6961,Damage (Fatale),drama
6962,OT: Our Town,documentary
6963,Devil's Playground,documentary amish
6965,Journeys with George,documentary
6966,Darkman,action crime fantasy sci fi thriller
6967,Dead of Night,horror mystery
6969,"Dernier Combat, Le (Last Battle, The)",drama sci fi
6970,Desk Set,comedy romance hepburn and tracy
6971,Europa (Zentropa),drama thriller
6973,Final Analysis,drama romance thriller
6974,"Freshman, The",comedy crime
6975,Funny Games,drama horror thriller
6978,Slacker,comedy drama
6979,WarGames,drama sci fi thriller cold war
6981,"Ordet (Word, The)",drama religion
6982,Forbidden Games (Jeux interdits),drama war
6983,Jane Eyre,drama romance
6984,"Tale of Two Cities, A",drama dickens
6985,"Passion of Joan of Arc, The (Passion de Jeanne d'Arc, La)",drama saint
6986,Ben-Hur: A Tale of the Christ,adventure drama romance
6987,"Cabinet of Dr. Caligari, The (Cabinet des Dr. Caligari., Das)",crime fantasy horror
6989,Gorky Park,crime drama thriller
6990,The Great Train Robbery,action adventure comedy crime drama
6992,Guarding Tess,comedy drama
6993,Hannah and Her Sisters,comedy drama romance family
6994,"Hard Way, The",action comedy
6996,Highlander II: The Quickening,action sci fi
6997,Hoffa,crime drama
6998,House of Cards,drama
6999,Housesitter,comedy romance
7000,Hudson Hawk,action adventure comedy
7001,Invasion of the Body Snatchers,horror mystery sci fi thriller
7004,Kindergarten Cop,action comedy crime thriller
7005,King Ralph,comedy
7007,"Last Boy Scout, The",action comedy crime drama thriller
7008,Last Tango in Paris (Ultimo tango a Parigi),drama romance
7009,Lorenzo's Oil,drama
7010,"Lover, The (Amant, L')",drama romance
7012,Mr. Destiny,comedy fantasy
7013,"Night of the Hunter, The",drama film noir thriller good and evil
7015,Only the Lonely,comedy romance
7016,Over the Top,action drama
7017,Passenger 57,action thriller
7018,Presumed Innocent,crime drama thriller court scott turow
7019,Project X,comedy drama
7020,Proof,comedy drama romance notable nudity
7022,Battle Royale (Batoru rowaiaru),action drama horror thriller based on a book bloody brutal controversial dystopia goretastic satire social commentary survival violence
7023,"Wedding Banquet, The (Xi yan)",comedy drama romance in netflix queue
7024,"Salo, or The 120 Days of Sodom (Salò o le 120 giornate di Sodoma)",drama bleak confrontational disturbing harsh haunting inhumane thought provoking
7025,"Midnight Clear, A",drama war in netflix queue
7026,Summer School,comedy
7027,Silverado,action western
7028,Quick Change,comedy crime
7030,Radio Flyer,drama
7031,"Real McCoy, The",action crime drama thriller
7032,Revenge,drama romance thriller
7033,"Secret of My Succe$s, The (a.k.a. The Secret of My Success)",comedy romance
7034,Show Me Love (Fucking Åmål),drama romance
7036,Teen Wolf,comedy fantasy
7037,High Heels (Tacones lejanos),comedy drama
7038,Things You Can Tell Just by Looking at Her,drama romance
7040,To Live and Die in L.A.,action crime drama thriller
7041,Trapped in Paradise,comedy crime
7044,Wild at Heart,crime drama mystery romance thriller
7045,"Witches, The",children fantasy
7046,"Witches of Eastwick, The",comedy fantasy horror thriller
7047,Year of the Dragon,action crime drama
7048,Nothing to Lose,action adventure comedy crime
7049,Flying Down to Rio,comedy musical romance astaire and rogers
7050,Follow the Fleet,comedy musical romance astaire and rogers
7051,"What's New, Pussycat",comedy
7052,Mary of Scotland,drama
7053,Roberta,comedy musical romance astaire and rogers
7054,Little Women,drama
7055,Swing Time,comedy musical romance astaire and rogers
7056,"Public Enemy, The",action crime drama
7057,"Midsummer Night's Dream, A",comedy fantasy romance
7058,Life with Father,comedy
7059,National Velvet,children drama horses
7060,Jesus Christ Superstar,drama musical
7061,Dark Victory,drama romance terminal illness
7062,Birdman of Alcatraz,drama birds prison
7063,"Aguirre: The Wrath of God (Aguirre, der Zorn Gottes)",adventure drama
7064,Beauty and the Beast (La belle et la bête),drama fantasy
7065,"Birth of a Nation, The",drama war
7067,Juliet of the Spirits (Giulietta degli spiriti),comedy drama fantasy romance
7069,"Macbeth (a.k.a. Tragedy of Macbeth, The)",drama in netflix queue shakespeare
7070,Red River,action adventure western cattle drive
7071,"Woman Under the Influence, A",drama in netflix queue
7072,Stagecoach,action drama romance western
7073,"Shot in the Dark, A",comedy crime mystery clousseau
7074,"Navigator, The",comedy
7075,"Court Jester, The",adventure comedy musical
7076,Bullitt,action crime drama thriller
7078,Jezebel,drama bette davis oscar best actress
7079,"Hunchback of Notre Dame, The",drama disability
7080,42nd Street,drama musical romance
7082,That Touch of Mink,comedy romance
7083,Sweet Dreams,drama
7084,"Play It Again, Sam",comedy romance
7085,Send Me No Flowers,comedy romance
7086,Pygmalion,comedy drama george bernard shaw
7087,"Passage to India, A",adventure drama e m forster
7088,Black Orpheus (Orfeu Negro),drama romance in netflix queue
7089,Amarcord,comedy drama
7090,Hero (Ying xiong),action adventure drama martial arts
7091,Horse Feathers,comedy marx brothers
7092,Anna Karenina,drama romance
7093,"Front Page, The",comedy
7096,Rivers and Tides,documentary
7099,Nausicaä of the Valley of the Wind (Kaze no tani no Naushika),adventure animation drama fantasy sci fi
7101,Doc Hollywood,comedy romance
7102,Dragnet,comedy crime drama
7103,Madhouse,comedy
7104,1941,comedy war
7107,Foul Play,comedy thriller
7108,Crime Story (Zhong an zu),action crime drama
7109,Beyond the Clouds (Al di là delle nuvole),drama romance
7114,"Collector, The",drama horror thriller
7115,Deep Red (Profondo rosso),horror mystery thriller
7116,Diabolique (Les diaboliques),horror mystery thriller
7117,Leprechaun,comedy horror
7118,Wings of Honneamise (Ôritsu uchûgun Oneamisu no tsubasa),animation drama sci fi war
7121,Adam's Rib,comedy romance hepburn and tracy
7122,King of Hearts,comedy drama war
7123,Naked Lunch,drama fantasy mystery sci fi
7124,Grass,documentary
7125,Spring Forward,drama
7127,Run,action drama thriller
7131,"Summer Place, A",drama
7132,"Night at the Opera, A",comedy musical romance marx brothers opera
7134,"Element of Crime, The (Forbrydelsens Element)",drama thriller
7137,"Cooler, The",comedy drama romance
7139,In America,drama romance immigrants
7141,My Flesh and Blood,documentary in netflix queue
7142,Honey,drama romance
7143,"Last Samurai, The",action adventure drama war
7147,Big Fish,drama fantasy romance dreamlike sentimental surreal tim burton
7149,Something's Gotta Give,comedy drama romance
7150,Stuck on You,comedy
7151,Girl with a Pearl Earring,drama romance
7153,"Lord of the Rings: The Return of the King, The",action adventure drama fantasy adventure ensemble cast fantasy fantasy world great soundtrack lord of the rings scenic stylized tolkien tolkein
7154,Mona Lisa Smile,drama romance
7155,Calendar Girls,comedy
7156,"Fog of War: Eleven Lessons from the Life of Robert S. McNamara, The",documentary war vietnam
7158,House of Sand and Fog,drama real estate
7160,Monster,crime drama serial killer
7161,Cheaper by the Dozen,children comedy
7162,Cold Mountain,drama romance war civil war
7163,Paycheck,action sci fi thriller
7164,Peter Pan,action adventure children fantasy
7165,"Company, The",drama musical
7167,Japanese Story,drama
7169,Chasing Liberty,comedy romance
7171,Aileen: Life and Death of a Serial Killer,documentary
7173,Along Came Polly,comedy romance
7175,Torque,action crime
7176,Crimson Gold (Talaye sorgh),drama
7177,Osama,drama
7178,"Great Gatsby, The",drama
7179,Wuthering Heights,drama romance
7181,Ship of Fools,drama
7184,This Property is Condemned,drama romance
7190,Jane Eyre,drama charlotte bronte
7191,Blame It on the Bellboy,comedy
7192,Only the Strong,action
7193,"Adventures of Ford Fairlane, The",action comedy
7202,Beyond Re-Animator,horror
7205,"Wind and the Lion, The",adventure
7206,Mon Oncle (My Uncle),comedy
7208,Dr. Jekyll and Mr. Hyde,drama horror
7209,"M. Hulot’s Holiday (Mr. Hulot's Holiday) (Vacances de Monsieur Hulot, Les)",comedy
7211,People Will Talk,comedy romance
7212,I Was a Male War Bride,comedy romance cross dressing men in drag
7215,To Have and Have Not,adventure drama romance thriller war
7216,High Sierra,crime drama film noir thriller
7217,Dark Passage,crime drama film noir romance thriller amnesia
7218,"Ox-Bow Incident, The",drama western in netflix queue
7219,They Drive by Night,drama truckers
7222,Reefer Madness (a.k.a. Tell Your Children),comedy drama
7223,D.O.A.,drama film noir mystery
7225,Pumping Iron,documentary
7228,Cool World,animation comedy fantasy
7234,"Strada, La",drama circus
7235,Ichi the Killer (Koroshiya 1),action comedy crime drama horror thriller
7236,"Boy and His Dog, A",sci fi
7238,Ashes and Diamonds (Popiól i diament),drama war
7243,Intolerance: Love's Struggle Throughout the Ages,drama
7245,Tormented,horror thriller
7247,Chitty Chitty Bang Bang,adventure children comedy fantasy musical
7248,"Suriyothai (a.k.a. Legend of Suriyothai, The)",action adventure drama war
7251,Where the Day Takes You,drama
7254,The Butterfly Effect,drama sci fi thriller alternate reality sci fi science fiction time travel
7255,Win a Date with Tad Hamilton!,comedy romance
7256,Touching the Void,adventure documentary mountain climbing
7257,"Big Bounce, The",comedy crime thriller
7258,"Perfect Score, The",comedy crime
7259,You Got Served,drama musical
7260,Latter Days,comedy drama romance
7261,Barbershop 2: Back in Business,comedy
7262,Catch That Kid,action adventure children comedy crime
7263,Miracle,drama
7264,An Amazing Couple,comedy romance
7265,"Dreamers, The",drama
7266,"Lost Skeleton of Cadavra, The",comedy horror sci fi
7282,"Hip Hop Witch, Da",comedy horror thriller
7285,Thirteen,drama adolescence
7292,Best Defense,comedy war
7293,50 First Dates,comedy romance
7294,Welcome to Mooseport,comedy
7297,Kitchen Stories (Salmer fra kjøkkenet),comedy drama
7299,Monsieur Ibrahim (Monsieur Ibrahim et les fleurs du Coran),drama
7301,Diary of a Country Priest (Journal d'un curé de campagne),drama priest religion
7302,"Thief of Bagdad, The",action adventure fantasy
7303,The Diary of Anne Frank,drama war
7304,Allegro non troppo,animation comedy fantasy musical
7305,Black Widow,crime drama mystery thriller
7306,"Herod's Law (Ley de Herodes, La)",comedy crime mystery
7307,Flesh & Blood,action adventure drama war
7308,King Solomon's Mines,adventure comedy
7310,Raw Deal,action
7311,"Goodbye, Mr. Chips",drama romance
7312,"Follow Me, Boys!",comedy drama
7315,Against the Ropes,comedy drama
7316,Confessions of a Teenage Drama Queen,comedy
7317,EuroTrip,adventure comedy
7318,"Passion of the Christ, The",drama religion
7319,Club Dread,comedy horror
7320,Dirty Dancing: Havana Nights,romance
7321,Twisted,thriller
7323,"Good bye, Lenin!",comedy drama cold war
7324,Hidalgo,adventure drama
7325,Starsky & Hutch,action comedy crime thriller
7326,"Reckoning, The",crime drama
7327,Persona,drama
7328,"Passion of Anna, The (Passion, En)",drama
7333,"Corbeau, Le (Raven, The)",crime drama thriller
7335,Pickup on South Street,film noir
7336,"Damned, The (La Caduta degli dei)",drama war
7340,Just One of the Guys,comedy
7344,"Wrong Arm of the Law, The",comedy crime
7345,Agent Cody Banks 2: Destination London,action adventure children comedy
7346,"Girl Next Door, The",comedy romance
7347,Secret Window,mystery thriller
7348,Spartan,thriller
7349,Broken Wings (Knafayim Shvurot),drama
7352,Wilbur Wants to Kill Himself,comedy drama romance
7354,Mad Dog and Glory,comedy drama romance
7357,Peyton Place,drama romance
7360,Dawn of the Dead,action drama horror thriller
7361,Eternal Sunshine of the Spotless Mind,drama romance sci fi alternate reality memory thought provoking jim carrey cult film imagination jim carrey love surreal arthouse artistic atmospheric beautiful bittersweet colourful comedy dreamlike emotional feel good happpiness humane insightful intelligent lovely melancholy mind bending philosophy quirky quirky romantic romantic surrealism
7362,Taking Lives,crime drama thriller
7364,Intermission,comedy crime drama
7366,Jersey Girl,comedy drama romance
7367,"Ladykillers, The",comedy crime
7368,Never Die Alone,crime drama thriller
7369,Scooby-Doo 2: Monsters Unleashed,action adventure children comedy mystery
7371,Dogville,drama mystery thriller grace
7372,Ned Kelly,drama
7373,Hellboy,action adventure fantasy horror
7375,"Prince & Me, The",comedy romance
7376,Walking Tall,action
7377,"United States of Leland, The",crime drama
7379,The Alamo,drama war western
7380,Ella Enchanted,comedy fantasy romance
7381,"Whole Ten Yards, The",action comedy crime
7382,I'm Not Scared (Io non ho paura),drama mystery thriller adolescence crime for katie
7386,"Ten Commandments, The",adventure drama
7387,Dawn of the Dead,action drama horror
7390,Prey for Rock & Roll,drama musical
7394,Those Magnificent Men in Their Flying Machines,action adventure comedy
7395,Cheaper by the Dozen,comedy drama
7396,Scenes From a Marriage (Scener ur ett äktenskap),drama
7411,Munchies,comedy horror
7414,Going in Style,comedy drama
7419,After Hours,comedy thriller
7438,Kill Bill: Vol. 2,action drama thriller revenge
7439,"Punisher, The",action crime thriller comic book
7440,Paper Clips,documentary holocaust
7443,This So-Called Disaster,documentary
7444,13 Going on 30,comedy fantasy romance mark ruffalo
7445,Man on Fire,action crime drama mystery thriller
7448,Envy,comedy
7449,Godsend,drama horror thriller
7450,Laws of Attraction,comedy romance
7451,Mean Girls,comedy clever high school lesbian subtext
7454,Van Helsing,action adventure fantasy horror
7455,"Mudge Boy, The",drama
7457,Breakin' All the Rules,comedy romance
7458,Troy,action adventure drama war
7459,Carandiru,crime drama
7460,Coffee and Cigarettes,comedy drama
7477,Eye See You (D-Tox),horror thriller
7479,Watch on the Rhine,drama world war ii
7481,Enemy Mine,adventure drama sci fi
7482,Enter the Dragon,action crime
7486,Happy Together (a.k.a. Buenos Aires Affair) (Chun gwong cha sit),drama romance
7487,Henry & June,drama
7492,Martin,drama horror
7493,"Three Faces of Eve, The",drama multiple personalities
7541,100 Girls,comedy romance
7560,Fail-Safe,drama thriller war
7561,Paperhouse,fantasy horror thriller
7562,Dobermann,action crime
7564,Kwaidan (Kaidan),horror
7566,28 Up,documentary
7569,You Only Live Twice,action adventure sci fi thriller
7570,Octopussy,action adventure thriller
7572,Wit,drama cancer
7573,Never Say Never Again,action adventure thriller
7579,Pride and Prejudice,comedy drama romance
7581,"Fountainhead, The",drama
7584,Woman of the Year,comedy romance hepburn and tracy marriage
7587,"Samouraï, Le (Godson, The)",crime drama thriller
7614,Oklahoma!,musical romance western rogers and hammerstein
7615,Desert Hearts,drama
7616,Body Double,mystery thriller
7618,Chaplin,drama biopic in netflix queue
7619,"Miracle Worker, The",drama blindness deaf
7620,Monster in a Box,comedy drama
7624,School Ties,drama
7636,Raising Cain,horror thriller
7646,Rose Red,horror mystery thriller stephen king
7647,Noises Off...,comedy
7649,Babylon 5: In the Beginning,adventure sci fi space station
7650,"Witchfinder General (Conquerer Worm, The)",horror
7657,Versus,action comedy fantasy horror
7669,Pride and Prejudice,drama romance
7698,"China Syndrome, The",drama thriller
7700,"Wages of Fear, The (Salaire de la peur, Le)",action adventure drama thriller in netflix queue
7701,Look Who's Talking Too,comedy romance
7702,"Bells of St. Mary's, The",drama
7704,"Delta Force, The",action
7705,Pat and Mike,comedy romance hepburn and tracy sports
7706,Animal Crackers,comedy musical
7707,"He Said, She Said",comedy drama romance
7708,Bedazzled,comedy fantasy
7713,Cat People,drama horror romance thriller sexuality
7714,Camelot,drama musical romance king arthur
7716,"Lonely Guy, The",comedy
7720,"Four Musketeers, The",action adventure comedy romance
7727,Protocol,comedy
7728,"Postman Always Rings Twice, The",crime drama film noir thriller adultery
7730,Matinee,comedy drama
7742,Baxter,drama horror
7743,Explorers,adventure children sci fi
7745,"Scent of Green Papaya, The (Mùi du du xhan - L'odeur de la papaye verte)",drama
7748,Pierrot le fou,crime drama in netflix queue
7749,Weekend (a.k.a. Le Week-end) (Week End),drama
7753,Tuesdays with Morrie,drama
7756,Alexander Nevsky (Aleksandr Nevskiy),action drama war
7757,Jason and the Argonauts,action adventure fantasy
7762,"Tinker, Tailor, Soldier, Spy",drama thriller
7766,Throne of Blood (Kumonosu jô),action drama thriller war macbeth
7767,"Best of Youth, The (La meglio gioventù)",drama
7772,Undercurrent,film noir thriller
7773,"Bang, Bang, You're Dead",drama
7781,Twister,comedy
7782,Sniper,action drama
7786,Genghis Blues,documentary
7789,"11'09""01 - September 11",drama terrorism
7792,"Parallax View, The",thriller in netflix queue
7802,"Warriors, The",action adventure crime thriller
7810,Babylon 5: A Call to Arms,adventure sci fi
7811,Babylon 5: The River of Souls,drama sci fi
7812,Babylon 5: Thirdspace,drama sci fi
7815,True Stories,comedy musical
7820,"Virgin Spring, The (Jungfrukällan)",crime drama
7822,Mogambo,adventure drama romance
7826,"Secret Life of Walter Mitty, The",comedy romance thriller
7831,Another Thin Man,comedy crime drama mystery romance nick and nora charles
7832,"Thin Man Goes Home, The",comedy crime mystery nick and nora charles
7833,Shadow of the Thin Man,comedy crime mystery nick and nora charles
7834,After the Thin Man,comedy crime mystery romance nick and nora charles
7835,Song of the Thin Man,comedy crime drama musical mystery romance nick and nora charles
7839,Love Crazy,comedy
7840,Gunga Din,adventure comedy war
7841,Children of Dune,fantasy sci fi
7842,Dune,drama fantasy sci fi
7843,Lammbock,comedy
7844,"Legend, The (Legend of Fong Sai-Yuk, The) (Fong Sai Yuk)",action comedy
7845,Tremors II: Aftershocks,comedy horror sci fi
7846,Tremors 3: Back to Perfection,comedy horror sci fi
7879,Notorious C.H.O.,comedy
7882,The Plague of the Zombies,horror
7883,I Walked with a Zombie,drama horror
7884,Highway 61,comedy
7888,How to Succeed in Business Without Really Trying,comedy musical
7889,Pat Garrett and Billy the Kid,western
7891,"Last Man on Earth, The (Ultimo uomo della Terra, L')",drama horror sci fi
7894,"Duck, You Sucker",action western
7895,Bring Me the Head of Alfredo Garcia,crime drama thriller
7896,Ride the High Country,adventure drama western
7899,Master of the Flying Guillotine (Du bi quan wang da po xue di zi),action
7900,Frankenstein Must Be Destroyed,drama horror sci fi
7916,Gidget,comedy
7920,Desperate Living,comedy crime
7924,Stray Dog (Nora inu),drama film noir thriller in netflix queue
7925,"Hidden Fortress, The (Kakushi-toride no san-akunin)",action adventure
7926,High and Low (Tengoku to jigoku),crime drama film noir thriller in netflix queue
7930,"People Under the Stairs, The",horror mystery thriller
7932,Dark Days,documentary amtrak homeless independent new york sundance award winner train
7934,Zelig,comedy psychology
7936,Shame (Skammen),drama war austere
7937,"Silence, The (Tystnaden)",drama
7938,Winter Light (Nattvardsgästerna),drama
7939,Through a Glass Darkly (Såsom i en spegel),drama
7940,The Magician,drama
7943,"Killers, The",crime film noir
7944,"Night of the Iguana, The",drama thriller
7951,Nightbreed,fantasy horror
7976,Ken Park,drama
7979,Monterey Pop,documentary musical
7980,"Bridge Too Far, A",action drama war
7981,Infernal Affairs (Mou gaan dou),crime drama thriller police
7982,"Tale of Two Sisters, A (Janghwa, Hongryeon)",drama horror mystery thriller
7983,Broadway Danny Rose,comedy show business
7984,From Beyond,horror sci fi
7986,Robot Jox,sci fi
7987,Dolls,horror
7988,Space Truckers,comedy sci fi
7991,Death Race 2000,action sci fi
7993,"Bucket Of Blood, A",comedy horror
8008,Brigadoon,fantasy musical romance
8010,"Power of One, The",drama
8011,"Weather Underground, The",documentary politics
8012,Kikujiro (Kikujirô no natsu),comedy drama
8014,"Spring, Summer, Fall, Winter... and Spring (Bom yeoreum gaeul gyeoul geurigo bom)",drama in netflix queue
8015,"Phantom Tollbooth, The",adventure animation children fantasy
8016,"Getaway, The",action crime drama thriller
8019,Dark Water (Honogurai mizu no soko kara),drama horror mystery thriller remade
8024,"Thing Called Love, The",comedy drama romance
8025,The Thief,drama
8033,How to Steal a Million,comedy crime romance in netflix queue
8035,"Stendhal Syndrome, The (Sindrome di Stendhal, La)",crime horror thriller
8042,Mean Streets,crime drama
8043,Jack the Bear,comedy drama
8044,I Am a Fugitive from a Chain Gang,crime drama film noir
8045,Hamburger Hill,action drama war
8057,Sweet Bird of Youth,drama
8092,Frankenstein Unbound,drama horror sci fi
8093,Shiri (Swiri),action drama romance thriller
8094,Bad Day at Black Rock,drama thriller western in netflix queue
8117,In China They Eat Dogs (I Kina spiser de hunde),action comedy
8118,Delta Force 2 (Delta Force 2: The Colombian Connection),action adventure thriller war
8119,Crossroads,drama
8121,"Seducing Doctor Lewis (Grande séduction, La)",comedy
8125,Sunrise: A Song of Two Humans,drama romance
8126,Shock Corridor,drama
8128,Au revoir les enfants,drama
8131,Pursuit of Happiness,comedy romance
8132,Gladiator,action drama
8136,Indestructible Man,crime horror sci fi
8137,"Wasp Woman, The",horror sci fi
8138,Attack of the Giant Leeches,horror sci fi
8142,Dead or Alive: Hanzaisha,action crime
8143,Lola Montès,drama
8147,Charly,drama sci fi
8153,Lust for Life,drama van gogh
8154,"Dolce Vita, La",drama
8157,Jin Roh: The Wolf Brigade (Jin-Rô),animation fantasy thriller
8158,Rush,crime drama
8167,Captain Blood,action adventure romance swashbuckler
8169,*batteries not included,children comedy fantasy sci fi
8183,Educating Rita,comedy drama in netflix queue
8188,Sansho the Bailiff (Sanshô dayû),drama not available from netflix
8189,Zazie dans le métro,comedy
8190,"Americanization of Emily, The",comedy drama war in netflix queue
8191,Anne of the Thousand Days,drama anne boleyn
8195,"Avventura, L' (Adventure, The)",drama mystery romance
8196,Beyond the Valley of the Dolls,comedy horror
8197,Hiroshima Mon Amour,drama romance war in netflix queue
8199,Ugetsu (Ugetsu monogatari),drama thriller
8207,"Day of the Jackal, The",crime thriller assassination
8225,Night of the Living Dead,horror
8228,"Maltese Falcon, The (a.k.a. Dangerous Female)",mystery heist
8232,I Love You Again,comedy drama
8235,Safety Last!,action comedy romance clock
8236,While the City Sleeps,drama film noir
8238,Little Murders,comedy crime
8239,Viridiana,comedy drama
8241,Masterminds,action comedy thriller
8253,Lupin III: The Castle Of Cagliostro (Rupan sansei: Kariosutoro no shiro),action adventure animation comedy crime mystery
8254,Arizona Dream,comedy drama fantasy romance
8261,3 Women (Three Women),drama
8264,Grey Gardens,documentary
8266,Purple Rain,drama musical prince
8268,Point of No Return,action thriller
8270,"Hairdresser's Husband, The (Le mari de la coiffeuse)",comedy drama romance
8275,College,comedy in netflix queue
8290,Mitchell,action crime
8293,Used People,comedy drama
8302,"Front Page, The",comedy drama romance
8327,Dolls,drama romance
8331,"Man Who Came to Dinner, The",comedy
8335,Make Way for Tomorrow,drama heartbreaking
8336,"Major and the Minor, The",comedy romance
8337,"Caine Mutiny, The",drama war military
8338,Black Narcissus,drama convent religion
8340,Escape from Alcatraz,drama thriller
8341,Oliver Twist,adventure crime drama dickens
8360,Shrek 2,adventure animation children comedy musical romance ogres
8361,"Day After Tomorrow, The",action adventure drama sci fi thriller
8362,Raising Helen,comedy drama romance
8363,Soul Plane,comedy
8364,Baadasssss! (How to Get the Man's Foot Outta Your Ass),drama
8366,Saved!,comedy drama pregnancy religion
8368,Harry Potter and the Prisoner of Azkaban,adventure fantasy imax magic wizards
8369,Mindhunters,action crime horror mystery thriller
8370,"Blind Swordsman: Zatoichi, The (Zatôichi)",action comedy crime drama
8371,"Chronicles of Riddick, The",action sci fi thriller
8372,Garfield: The Movie,animation children comedy
8373,"Stepford Wives, The",comedy fantasy thriller
8375,"Hunting of the President, The",documentary politics
8376,Napoleon Dynamite,comedy high school
8378,"Doctor, The",drama
8379,"Dresser, The",drama in netflix queue
8380,Father Hood,comedy
8382,Hello Again,comedy death
8383,Hope Springs,comedy romance
8385,Lover Come Back,comedy romance
8387,Police Academy: Mission to Moscow,comedy crime
8391,Big Wednesday,comedy drama
8402,Book of Love,comedy romance
8405,Hour of the Wolf (Vargtimmen),drama horror
8410,Suddenly,crime drama film noir
8424,"Divorcee, The",drama romance divorce
8425,Meet the Applegates,comedy
8426,Robot Carnival (Roboto kânibauru),animation comedy drama fantasy sci fi
8427,Americathon,comedy sci fi
8446,Sands of Iwo Jima,action drama romance war world war ii
8447,This Island Earth,sci fi
8450,Anthony Adverse,adventure romance
8451,Blackboard Jungle,drama
8454,Luna Papa,comedy drama fantasy
8456,Investigation of a Citizen Above Suspicion (Indagine su un cittadino al di sopra di ogni sospetto),crime drama thriller
8458,To Each His Own,drama
8459,"Heiress, The",drama romance
8461,Dragon Seed,drama war
8462,Executive Suite,drama
8463,Johnny Belinda,drama deafness
8464,Super Size Me,comedy documentary drama food mcdonalds
8465,Johnny Eager,crime drama film noir romance
8477,"Jetée, La",romance sci fi post apocalyptic
8481,Northwest Passage,action adventure drama romance thriller western
8482,"Picture of Dorian Gray, The",drama fantasy horror
8484,"Human Condition I, The (Ningen no joken I)",drama war
8487,Please Don't Eat the Daisies,children comedy musical
8491,White Heat,crime drama film noir
8492,"Christmas Carol, A (Scrooge)",drama fantasy
8493,Memphis Belle,action drama war
8494,"Cincinnati Kid, The",drama
8495,Animal Factory,crime drama
8500,Godzilla vs. Mechagodzilla (Gojira tai Mekagojira),action horror sci fi
8501,"Hitcher, The",action thriller
8502,Show Boat,drama musical romance
8506,Fear X,mystery thriller
8507,Freaks,crime drama horror circus
8511,"Immigrant, The",comedy
8512,Silent Movie,comedy
8518,Anna Christie,drama
8521,Dr. Jekyll and Mr. Hyde,drama horror
8526,Around the World in 80 Days,adventure children comedy
8528,Dodgeball: A True Underdog Story,comedy
8529,"Terminal, The",comedy drama romance
8530,Dear Frankie,drama romance ireland
8531,White Chicks,action comedy crime
8532,"Door in the Floor, The",drama
8533,"Notebook, The",drama romance memory loss romance sad
8534,Two Brothers (Deux frères),adventure children drama
8535,De-Lovely,drama musical
8542,"Day at the Races, A",comedy musical
8571,Bob & Carol & Ted & Alice,comedy drama
8574,"Claymation Christmas Celebration, A",animation children comedy musical
8575,"Happenstance (Battement d'ailes du papillon, Le)",comedy drama
8577,Comandante,documentary
8578,Undead,action comedy horror sci fi
8580,Into the Woods,adventure comedy fantasy musical fairy tales in netflix queue
8581,Pirates of Silicon Valley,documentary drama
8582,Manufacturing Consent: Noam Chomsky and the Media,documentary war
8587,Mayor of the Sunset Strip,documentary
8588,Killing Me Softly,drama mystery romance thriller
8591,"Philadelphia Experiment, The",adventure drama sci fi
8593,Juice,action crime drama thriller
8596,Revenge of the Pink Panther,comedy crime
8600,Angels with Dirty Faces,crime drama film noir thriller
8601,Zero de conduite (Zero for Conduct) (Zéro de conduite: Jeunes diables au collège),comedy drama
8604,Taxi,action comedy
8605,Taxi 3,action comedy
8607,Tokyo Godfathers,adventure animation drama in netflix queue
8609,Our Hospitality,comedy in netflix queue
8610,All of Me,comedy fantasy
8611,"Farmer's Daughter, The",comedy
8614,Overboard,comedy romance
8617,Butterfield 8,drama
8620,"Exterminating Angel, The (Ángel exterminador, El)",comedy drama fantasy mystery
8622,Fahrenheit 9/11,documentary politics terrorism
8623,Roxanne,comedy romance
8626,Dr. Terror's House of Horrors,horror sci fi
8632,Secret Society,comedy
8633,"Last Starfighter, The",action adventure comedy sci fi
8636,Spider-Man 2,action adventure sci fi imax doc ock
8638,Before Sunset,drama romance generation x
8640,King Arthur,action adventure drama war
8641,Anchorman: The Legend of Ron Burgundy,comedy hilarious steve carell will ferrell stupid awesome comedy
8643,"Cinderella Story, A",comedy romance
8644,"I, Robot",action adventure sci fi thriller
8645,"Maria Full of Grace (Maria, Llena eres de gracia)",crime drama drugs immigrants
8650,Long Day's Journey Into Night,drama
8656,"Short Film About Killing, A (Krótki film o zabijaniu)",crime drama
8665,"Bourne Supremacy, The",action crime thriller
8666,Catwoman,action crime fantasy
8667,A Home at the End of the World,drama romance
8670,"Testament of Dr. Mabuse, The (Das Testament des Dr. Mabuse)",crime horror mystery thriller
8677,Flash Gordon Conquers the Universe,action sci fi
8684,"Man Escaped, A (Un  condamné à mort s'est échappé ou Le vent souffle où il veut)",adventure drama
8685,"Miracle of Marcelino, The (Marcelino pan y vino)",comedy drama
8690,Slaughterhouse-Five,comedy drama sci fi war
8695,"Bachelor and the Bobby-Soxer, The",comedy court
8711,Mr. Blandings Builds His Dream House,comedy
8712,My Favorite Wife,comedy romance
8713,"New Adventures of Pippi Longstocking, The",adventure children fantasy musical
8714,Night and Day,drama musical cole porter
8718,"Snake Pit, The",drama
8720,"Super, The",comedy
8724,"Leopard, The (Gattopardo, Il)",drama war
8727,"Day of the Locust, The",drama
8730,To End All Wars,action drama war
8738,"Woman Is a Woman, A (femme est une femme, Une)",comedy drama musical romance
8743,Biggles,adventure fantasy sci fi
8748,"Yesterday, Today and Tomorrow (Ieri, oggi, domani)",comedy
8753,Unprecedented: The 2000 Presidential Election,documentary
8754,"Prime of Miss Jean Brodie, The",drama oscar best actress
8755,My Voyage to Italy (Il mio viaggio in Italia),documentary
8765,This Gun for Hire,crime film noir thriller in netflix queue
8771,Sherlock Holmes: Terror by Night,crime mystery thriller
8772,"Spy Who Came in from the Cold, The",drama thriller
8773,Sherlock Holmes and the Secret Weapon,crime mystery thriller
8774,Sherlock Holmes: The Woman in Green,mystery
8778,Sherlock Holmes: Dressed to Kill,crime mystery
8781,"Manchurian Candidate, The",thriller
8782,Thunderbirds,action adventure fantasy sci fi
8783,"Village, The",drama mystery thriller atmospheric good soundtrack m night shyamalan
8784,Garden State,comedy drama romance psychology
8795,Musa the Warrior (Musa),action adventure drama war
8796,"Funny Thing Happened on the Way to the Forum, A",comedy musical rome
8798,Collateral,action crime drama thriller
8799,Little Black Book,comedy romance
8800,Code 46,romance sci fi
8804,"Story of Women (Affaire de femmes, Une)",drama
8807,Harold and Kumar Go to White Castle,adventure comedy
8808,"Princess Diaries 2: Royal Engagement, The",comedy romance
8809,Danny Deckchair,comedy romance australia
8810,AVP: Alien vs. Predator,action horror sci fi thriller
8813,We Don't Live Here Anymore,drama
8814,Without a Paddle,comedy
8815,Exorcist: The Beginning,horror thriller
8827,"Bill Cosby, Himself",comedy documentary stand up
8830,Anacondas: The Hunt for the Blood Orchid,adventure drama horror sci fi thriller
8831,Suspect Zero,crime thriller
8832,Warriors of Heaven and Earth (Tian di ying xiong),action adventure drama
8833,Vanity Fair,drama romance
8835,Paparazzi,drama thriller
8836,Wicker Park,drama romance thriller
8838,Alice Doesn't Live Here Anymore,drama romance in netflix queue
8840,Who's That Knocking at My Door?,drama
8844,Camera Buff (Amator),drama
8848,"Vitelloni, I (a.k.a. The Young and the Passionate)",drama
8860,Cellular,action crime drama mystery thriller
8861,Resident Evil: Apocalypse,action horror sci fi thriller
8864,Mr. 3000,comedy drama
8865,Sky Captain and the World of Tomorrow,action adventure sci fi
8866,Wimbledon,comedy romance
8869,First Daughter,comedy romance
8870,"Forgotten, The",drama mystery sci fi thriller
8873,"Motorcycle Diaries, The (Diarios de motocicleta)",adventure drama
8874,Shaun of the Dead,comedy horror zombies
8875,"Come Back, Little Sheba",drama alcoholism marriage
8879,Murder on the Orient Express,crime mystery thriller agatha christie oscar best supporting actress train
8880,Mask,drama disability
8894,Orca: The Killer Whale,action drama horror thriller
8905,1492: Conquest of Paradise,adventure drama
8906,Cannibal Holocaust,horror
8907,Shark Tale,animation children comedy
8908,Ladder 49,action drama thriller
8910,I Heart Huckabees,comedy
8911,Raise Your Voice,romance
8912,Taxi,action comedy
8914,Primer,drama sci fi time travel
8915,Stage Beauty,drama
8916,Shall We Dance?,comedy romance
8917,Team America: World Police,action adventure animation comedy
8918,Eulogy,comedy crime drama
8919,P.S.,comedy drama fantasy romance
8920,"Country Girl, The",drama oscar best actress
8921,"Rose Tattoo, The",drama romance
8928,"Fearless Vampire Killers, The",comedy horror
8933,"Decline of the American Empire, The (Déclin de l'empire américain, Le)",comedy drama
8934,Bebe's Kids,animation children comedy
8937,Friday Night Lights,action drama
8938,Tarnation,documentary parenthood psychology
8939,"Final Cut, The",sci fi thriller
8943,Being Julia,comedy drama stage
8946,Surviving Christmas,comedy
8947,"Grudge, The",horror mystery thriller
8948,Alfie,comedy drama romance
8949,Sideways,comedy drama romance wine
8950,The Machinist,drama mystery thriller christian bale creepy powerful ending psychology schizophrenia twist ending
8951,Vera Drake,drama abortion
8952,Falling Angels,drama
8954,Lightning in a Bottle,documentary
8955,Undertow,crime drama thriller
8957,Saw,horror mystery thriller brutal clever disturbing great ending mindfuck surprise ending suspense
8958,Ray,drama biopic
8959,Birth,drama mystery
8961,"Incredibles, The",action adventure animation children comedy disney superhero animation samuel l jackson
8964,Callas Forever,drama
8965,"Polar Express, The",adventure animation children fantasy imax
8966,Kinsey,drama
8967,Seed of Chucky (Child's Play 5),comedy horror
8968,After the Sunset,action adventure comedy crime thriller
8969,Bridget Jones: The Edge of Reason,comedy drama romance
8970,Finding Neverland,drama peter pan
8972,National Treasure,action adventure drama mystery thriller
8973,Bad Education (La mala educación),drama thriller
8974,"SpongeBob SquarePants Movie, The",adventure animation children comedy
8977,Alexander,action adventure drama war
8978,Christmas with the Kranks,children comedy
8979,Guerrilla: The Taking of Patty Hearst,documentary hearst
8981,Closer,drama romance
8982,I Am David,drama
8983,House of Flying Daggers (Shi mian mai fu),action drama romance martial arts
8984,Ocean's Twelve,action comedy crime thriller
8985,Blade: Trinity,action fantasy horror thriller
8987,Bush's Brain,documentary
8989,Damn Yankees!,comedy musical
8998,That's Entertainment,documentary in netflix queue
9004,D.A.R.Y.L.,adventure children sci fi
9005,Fire in the Sky,drama mystery sci fi
9008,"Invisible Man Returns, The",horror sci fi
9010,Love Me If You Dare (Jeux d'enfants),drama romance cruel characters
9018,Control Room,documentary war journalism
25746,"Hunchback of Notre Dame, The",drama horror
25750,Sherlock Jr.,comedy fantasy romance
25752,"Freshman, The",comedy
25753,Greed,drama gold
25757,"Jazz Singer, The",drama musical romance
25769,"Steamboat Bill, Jr.",comedy romance
25771,"Andalusian Dog, An (Chien andalou, Un)",fantasy mindfuck surreal surrealism
25773,Little Caesar,crime drama
25782,Boudu Saved From Drowning (Boudu sauvé des eaux),comedy
25788,Scarface,crime drama
25795,Dinner at Eight,comedy drama romance
25797,Gold Diggers of 1933,musical
25805,"Atalante, L'",comedy drama romance
25825,Fury,drama film noir revenge
25826,Libeled Lady,comedy romance
25827,Mr. Deeds Goes to Town,comedy romance
25833,Camille,drama romance
25834,Captains Courageous,adventure drama
25841,Stage Door,drama show business
25850,Holiday,comedy drama romance
25855,"Roaring Twenties, The",crime drama thriller in netflix queue
25856,Wuthering Heights,drama romance
25865,"Letter, The",drama film noir in netflix queue
25870,Here Comes Mr. Jordan,comedy fantasy romance
25886,Random Harvest,drama romance made me cry
25887,Tales of Manhattan,comedy drama
25898,Day of Wrath (Vredens dag),drama
25905,"Miracle of Morgan's Creek, The",comedy romance
25906,Mr. Skeffington,drama romance
25923,Great Expectations,drama
25927,"Stranger, The",drama film noir thriller
25937,Easter Parade,musical romance
25940,"Lady from Shanghai, The",drama film noir mystery mirrors
25946,"Three Musketeers, The",action adventure drama romance
25947,Unfaithfully Yours,comedy
25952,"Letter to Three Wives, A",comedy drama in netflix queue
25959,Annie Get Your Gun,comedy musical romance western
25962,King Solomon's Mines,action adventure romance
25963,"Young and the Damned, The (Olvidados, Los)",crime drama
25996,"Star Is Born, A",drama musical
25999,The Wild One,drama
26002,Confidential Report,crime drama mystery thriller
26003,Night and Fog (Nuit et brouillard),crime documentary war
26038,Teacher's Pet,comedy romance
26048,"Human Condition II, The (Ningen no joken II)",drama war
26052,Pickpocket,crime drama
26059,When a Woman Ascends the Stairs (Onna ga kaidan wo agaru toki),drama
26073,"Human Condition III, The (Ningen no joken III)",drama war
26078,Advise and Consent,drama
26082,Harakiri (Seppuku),drama
26084,"Music Man, The",children comedy musical romance
26085,Mutiny on the Bounty,adventure drama romance not available from netflix
26095,"Carabineers, The (Carabiniers, Les)",comedy drama war
26116,"Hush... Hush, Sweet Charlotte",horror thriller
26122,Onibaba,drama horror war
26124,Robinson Crusoe on Mars,sci fi
26131,"Battle of Algiers, The (La battaglia di Algeri)",drama war in netflix queue
26133,"Charlie Brown Christmas, A",animation children comedy
26142,Major Dundee,adventure war western
26147,"Thousand Clowns, A",comedy drama romance
26150,Andrei Rublev (Andrey Rublyov),drama war
26151,Au Hasard Balthazar,crime drama donkey
26152,Batman,action adventure comedy
26158,Closely Watched Trains (Ostre sledované vlaky),comedy drama war
26159,Tokyo Drifter (Tôkyô nagaremono),action crime drama
26169,Branded to Kill (Koroshi no rakuin),action crime drama
26171,Play Time (a.k.a. Playtime),comedy
26172,Point Blank,action crime drama thriller
26176,Titicut Follies,documentary drama
26183,Asterix and Cleopatra (Astérix et Cléopâtre),action adventure animation children comedy
26184,"Diamond Arm, The (Brilliantovaya ruka)",action adventure comedy crime thriller
26195,Sympathy for the Devil,documentary musical
26198,"Yours, Mine and Ours",children comedy
26225,"Claire's Knee (Genou de Claire, Le)",comedy romance
26231,Performance,crime drama thriller
26236,"White Sun of the Desert, The (Beloe solntse pustyni)",action adventure comedy drama romance war
26237,Zabriskie Point,drama romance
26242,Duel,action mystery thriller in netflix queue
26249,They Call Me Trinity,comedy western
26258,"Topo, El",fantasy western
26265,Dr. Phibes Rises Again,adventure comedy horror romance
26283,Charley Varrick,crime drama thriller
26285,Dark Star,comedy sci fi thriller
26303,Sisters,horror thriller
26308,Turkish Delight (Turks fruit),drama romance
26313,California Split,comedy drama
26317,Emmanuelle,drama romance
26322,Gone in 60 Seconds,action crime drama
26326,"Holy Mountain, The (Montaña sagrada, La)",drama
26340,"Twelve Tasks of Asterix, The (Les douze travaux d'Astérix)",action adventure animation children comedy fantasy
26344,French Connection II,action crime drama thriller
26347,"Irony of Fate, or Enjoy Your Bath! (Ironiya sudby, ili S legkim parom!)",comedy drama romance
26350,"Passenger, The (Professione: reporter)",drama
26357,Trilogy of Terror,horror thriller
26359,1900 (Novecento),drama war
26365,Futureworld,sci fi thriller
26366,Harlan County U.S.A.,documentary
26375,Silver Streak,action comedy crime
26386,High Anxiety,comedy thriller
26391,"New York, New York",drama musical romance
26394,"Turning Point, The",drama romance
26399,Five Deadly Venoms,action
26401,Last Hurrah for Chivalry (Hao xia),action drama
26409,"Clonus Horror, The",horror sci fi
26413,Snake in the Eagle's Shadow (Se ying diu sau),action comedy
26422,Hair,comedy drama musical
26429,Love at First Bite,comedy horror romance
26444,"Hitch Hikers Guide to the Galaxy, The",adventure comedy sci fi
26453,Smiley's People,drama mystery
26464,Blue Thunder,action crime drama
26467,"Day After, The",drama sci fi
26471,Eddie Murphy Delirious,comedy documentary
26472,"Norte, El",adventure drama
26492,Twilight Zone: The Movie,fantasy horror sci fi thriller
26498,Boy Meets Girl,drama
26504,Cloak & Dagger,action adventure children crime mystery thriller
26510,"Ewok Adventure, The (a.k.a. Caravan of Courage: An Ewok Adventure)",adventure children fantasy sci fi
26523,"Silent Night, Deadly Night",horror thriller
26524,"Times of Harvey Milk, The",documentary
26527,What Have I Done to Deserve This? (¿Qué he hecho yo para merecer esto!!),comedy drama
26528,Anne of Green Gables,children drama
26539,Death of a Salesman,drama
26542,Ewoks: The Battle for Endor,adventure children fantasy sci fi
26547,Police Story (Ging chaat goo si),action comedy crime thriller
26554,"Quiet Earth, The",drama mystery sci fi
26555,Spies Like Us,comedy
26562,White Nights,drama
26564,'Round Midnight,drama musical
26567,Club Paradise,comedy
26578,"Sacrifice, The (Offret - Sacraficatio)",drama
26585,"Better Tomorrow, A (Ying hung boon sik)",crime drama thriller
26587,"Decalogue, The (Dekalog)",crime drama romance
26590,G.I. Joe: The Movie,action adventure animation children fantasy sci fi
26593,Hell Comes to Frogtown,action comedy sci fi
26599,"Law of Desire (Ley del deseo, La)",comedy drama romance
26603,Prince of Darkness,fantasy horror sci fi thriller
26606,"Chinese Ghost Story, A (Sinnui yauwan)",action fantasy horror romance
26612,"Better Tomorrow II, A (Ying hung boon sik II)",crime drama thriller
26614,"Bourne Identity, The",action adventure drama mystery thriller
26622,Dominick and Eugene,drama
26629,Killer Klowns from Outer Space,comedy horror sci fi
26630,Moonwalker,musical
26631,Alice (Neco z Alenky),animation fantasy mystery
26645,Life Is a Long Quiet River (La vie est un long fleuve tranquille),comedy
26649,Lonesome Dove,adventure drama western
26662,Kiki's Delivery Service (Majo no takkyûbin),adventure animation children drama fantasy anime
26676,Almost an Angel,comedy
26680,Cry-Baby,comedy musical romance
26681,Bullet in the Head,action drama war
26686,Ghost Dad,comedy fantasy
26693,It,drama fantasy horror mystery thriller
26694,Ju Dou,drama
26695,"Krays, The",drama
26696,Lionheart,action
26700,Nuns on the Run,comedy crime
26701,Patlabor: The Movie (Kidô keisatsu patorebâ: The Movie),action animation crime drama film noir mystery sci fi thriller
26704,State of Grace,crime drama thriller
26712,35 Up,documentary
26713,Days of Being Wild (A Fei jingjyuhn),drama romance
26717,Begotten,drama horror boring psychedelic symbolic
26726,Dutch,comedy
26729,Hearts of Darkness: A Filmmakers Apocalypse,documentary
26732,Johnny Stecchino,comedy
26736,Riki-Oh: The Story of Ricky (Lik Wong),action crime thriller
26741,Mannequin 2: On the Move,comedy fantasy romance
26743,Only Yesterday (Omohide poro poro),animation drama
26745,Other People's Money,comedy drama romance
26750,Quigley Down Under,adventure drama western
26761,Prime Suspect 2,crime drama mystery romance thriller
26764,Captain America,action fantasy sci fi thriller war
26765,City Hunter (Sing si lip yan),action comedy romance
26776,Porco Rosso (Crimson Pig) (Kurenai no buta),adventure animation comedy fantasy romance in netflix queue
26777,"Stolen Children (Ladro di bambini, Il)",drama
26778,Ladybugs,comedy
26782,"Mambo Kings, The",drama musical
26791,Shining Through,drama romance thriller war
26792,Sidekicks,action adventure children comedy
26796,"Heart in Winter, A (Un coeur en hiver)",drama romance
26797,Visions of Light: The Art of Cinematography,documentary
26810,Bad Boy Bubby,drama
26812,Barbarians at the Gate,drama
26819,Fortress,action sci fi
26828,Mr. Nanny,action children comedy
26838,"Snapper, The",comedy drama
26840,Sonatine (Sonachine),action comedy crime drama
26849,"Stand, The",adventure drama fantasy horror sci fi
26854,"Darkman II: Return of Durant, The",action crime horror
26861,Freaked,comedy sci fi
26865,Fist of Legend (Jing wu ying xiong),action drama
26870,Major League II,comedy
26871,My Father the Hero,comedy romance
26875,"Pure Formality, A (Pura formalità, Una)",crime film noir mystery thriller
26887,"Langoliers, The",drama fantasy horror mystery sci fi thriller
26900,"Last Wedding, The (Kivenpyörittäjän kylä)",comedy drama
26901,Last of the Dogmen,adventure western
26903,Whisper of the Heart (Mimi wo sumaseba),animation drama romance
26913,Street Fighter II: The Animated Movie (Sutorîto Faitâ II gekijô-ban),action animation
26928,"Summer's Tale, A (Conte d'été)",comedy drama romance
26940,"Late Shift, The",comedy
26947,Pusher,crime thriller
26958,Emma,romance
26965,"Boxer, The",drama thriller
26974,Gummo,drama
26985,Nirvana,action sci fi
26999,"Lion King II: Simba's Pride, The",adventure animation children musical romance
27002,From the Earth to the Moon,action documentary drama thriller
27003,Beowulf,action horror sci fi
27006,RKO 281,drama
27008,From Dusk Till Dawn 2: Texas Blood Money,comedy crime horror
27020,Gia,drama romance drugs lesbian
27022,Thursday,action crime thriller
27032,Who Am I? (Wo shi shei),action adventure comedy sci fi thriller
27036,Merlin,action adventure drama fantasy romance
27074,Brave New World,sci fi
27075,Addams Family Reunion,children comedy fantasy
27105,Purgatory,fantasy western
27124,Bleeder,drama thriller
27134,Dark Portals: The Chronicles of Vidocq  (Vidocq),action crime fantasy
27140,Candyman 3: Day of the Dead,horror
27155,"Batman/Superman Movie, The",action adventure animation children fantasy sci fi
27156,"Neon Genesis Evangelion: The End of Evangelion (Shin seiki Evangelion Gekijô-ban: Air/Magokoro wo, kimi ni)",action animation drama fantasy sci fi anime end of the world epic mecha psychology
27176,Style Wars,documentary
27178,In July (Im Juli),comedy romance
27186,Kirikou and the Sorceress (Kirikou et la sorcière),adventure animation children fantasy
27193,Taxi 2,action comedy
27246,If These Walls Could Talk 2,drama romance
27251,"10th Kingdom, The",adventure comedy fantasy
27255,"Wind Will Carry Us, The (Bad ma ra khahad bord)",drama
27266,2046,drama fantasy romance sci fi
27306,Bartleby,comedy drama
27311,Batman Beyond: Return of the Joker,action animation crime sci fi thriller
27317,Audition (Ôdishon),drama horror mystery romance thriller
27320,"Nine Lives of Tomas Katz, The",comedy drama fantasy
27328,Monday,action comedy crime fantasy thriller
27329,Paradise Lost 2: Revelations,documentary
27368,Asterix & Obelix: Mission Cleopatra (Astérix & Obélix: Mission Cléopâtre),adventure comedy fantasy
27369,Daria: Is It Fall Yet?,animation comedy
27370,Late Night Shopping,comedy
27373,61*,drama
27397,Joint Security Area (Gongdong gyeongbi guyeok JSA),crime drama mystery thriller war
27408,Ripley's Game,drama thriller
27416,Jalla! Jalla!,comedy drama romance
27420,Teknolust,comedy drama romance sci fi
27426,"Accidental Spy, The (Dak miu mai shing)",action comedy thriller
27434,Darkness,horror mystery
27441,Blood: The Last Vampire,action animation horror
27450,Blueberry,adventure western
27473,American Psycho II: All American Girl,comedy crime horror mystery thriller
27478,Ali G Indahouse,comedy
27480,Dead or Alive 2: Tôbôsha,action crime thriller
27482,Cube 2: Hypercube,horror mystery sci fi
27491,Pulse (Kairo),horror mystery thriller
27513,Dog Days (Hundstage),drama
27523,My Sassy Girl (Yeopgijeogin geunyeo),comedy romance
27537,Nothing,comedy fantasy mystery sci fi
27539,Undertaking Betty (Plots with a View),comedy romance
27549,Dead or Alive: Final,comedy crime drama sci fi thriller
27555,Fubar,comedy
27563,"Happiness of the Katakuris, The (Katakuri-ke no kôfuku)",comedy horror musical
27584,Dead End,comedy horror mystery thriller
27592,Sympathy for Mr. Vengeance (Boksuneun naui geot),crime drama
27595,Jesus Christ Vampire Hunter,action comedy horror musical
27604,Suicide Club (Jisatsu saakuru),horror mystery thriller
27611,Battlestar Galactica,drama sci fi war
27618,"Sound of Thunder, A",action adventure drama sci fi thriller
27619,"Lion King 1½, The",adventure animation children comedy
27627,Oasis,drama romance
27644,Remember Me (Ricordati di me),comedy drama romance
27660,"Animatrix, The",action animation drama sci fi animation anime cyberpunk dark matrix sci fi
27664,"Brown Bunny, The",drama
27667,Ju-on: The Curse,horror
27674,11:14,comedy crime drama mystery thriller
27683,Tremors 4: The Legend Begins,action comedy horror sci fi thriller western
27685,Bring It On Again,comedy
27689,"Crimson Rivers 2: Angels of the Apocalypse (Rivières pourpres II - Les anges de l'apocalypse, Les)",action crime thriller
27692,And Starring Pancho Villa as Himself,action comedy drama war
27695,Nicotina,action comedy drama
27704,Battle Royale 2: Requiem (Batoru rowaiaru II: Chinkonka),action drama thriller war
27705,In Hell,action drama thriller
27706,Lemony Snicket's A Series of Unfortunate Events,adventure children comedy fantasy dark comedy jim carrey meryl streep quirky stylized
27708,Helen of Troy,action adventure drama romance
27716,"Green Butchers, The (Grønne slagtere, De)",comedy crime drama romance
27721,"Very Long Engagement, A (Un long dimanche de fiançailles)",drama mystery romance war
27722,Last Life in the Universe (Ruang rak noi nid mahasan),drama romance
27728,Ghost in the Shell 2: Innocence (a.k.a. Innocence) (Inosensu),action animation drama sci fi thriller
27731,"Cat Returns, The (Neko no ongaeshi)",adventure animation children fantasy in netflix queue
27741,"Twilight Samurai, The (Tasogare Seibei)",drama romance in netflix queue
27744,"Facing Windows (Finestra di fronte, La)",drama romance
27746,Ginger Snaps: Unleashed,horror thriller
27751,'Salem's Lot,drama horror mystery thriller
27762,Comic Book: The Movie,comedy
27768,Intimate Strangers (Confidences trop intimes),drama
27769,Down to the Bone,drama
27772,Ju-on: The Grudge,horror
27773,Old Boy,mystery thriller bizarre claustrophobic depressing disturbing hallucinatory paranoid surreal twisted
27776,Red Lights (Feux rouges),drama
27778,Ginger Snaps Back: The Beginning,fantasy horror
27784,One Missed Call (Chakushin ari),horror mystery
27788,"Jacket, The",drama mystery sci fi thriller
27790,Millions,children comedy crime drama fantasy religion saints
27793,Starship Troopers 2: Hero of the Federation,action horror sci fi war
27801,Ong-Bak: The Thai Warrior (Ong Bak),action thriller
27802,Infernal Affairs 2 (Mou gaan dou II),action crime drama thriller
27803,"Sea Inside, The (Mar adentro)",drama
27808,Spanglish,comedy drama romance adam sandler family sweet
27815,"Chorus, The (Choristes, Les)",drama
27816,Saints and Soldiers,action adventure drama war
27820,"Story of the Weeping Camel, The (Geschichte vom weinenden Kamel, Die)",documentary drama animal movie camels
27821,"Interpreter, The",drama thriller
27822,Open Water,drama thriller
27826,Touch of Pink,comedy drama romance
27829,Slasher,documentary
27830,"Bobby Jones, Stroke of Genius",drama
27831,Layer Cake,crime drama thriller british gangster confusing daniel craig exquisite plotting organized crime stylish tom hardy
27834,"Return, The (Vozvrashcheniye)",drama fatherhood
27837,Flight of the Phoenix,action adventure
27838,Mean Creek,drama thriller revenge
27839,"Ring Two, The",drama horror mystery thriller
27846,"Corporation, The",documentary
27850,"Yes Men, The",documentary
27865,Azumi,action adventure drama thriller
27866,In My Father's Den,drama
27869,Tae Guk Gi: The Brotherhood of War (Taegukgi hwinalrimyeo),action drama war
27873,Metallica: Some Kind of Monster,documentary
27878,Born into Brothels,documentary india
27879,DiG!,documentary
27882,Riding Giants,documentary surfing
27899,What the #$*! Do We Know!? (a.k.a. What the Bleep Do We Know!?),comedy documentary drama
27904,"Scanner Darkly, A",animation drama mystery sci fi thriller
27905,Casshern,action drama fantasy sci fi
27912,Outfoxed: Rupert Murdoch's War on Journalism,documentary
30707,Million Dollar Baby,drama boxing
30745,Gozu (Gokudô kyôfu dai-gekijô: Gozu),comedy crime drama horror mystery
30749,Hotel Rwanda,drama war genocide
30793,Charlie and the Chocolate Factory,adventure children comedy fantasy imax roald dahl
30803,3-Iron (Bin-jip),drama romance
30810,"Life Aquatic with Steve Zissou, The",adventure comedy fantasy heartwarming off beat comedy quirky trippy visually appealing whimsical
30812,"Aviator, The",drama biopic howard hughes movie business
30816,"Phantom of the Opera, The",drama musical romance
30818,Beyond the Sea,drama musical
30820,"Woodsman, The",drama child abuse
30822,In Good Company,comedy drama busniess
30825,Meet the Fockers,comedy ben stiller robert de niro
30846,"Assassination of Richard Nixon, The",crime drama thriller
30848,"Love Song for Bobby Long, A",drama
30850,"Merchant of Venice, The",drama shakespeare
30883,Fat Albert,comedy fantasy
30890,"Keys to the House, The (Chiavi di casa, Le)",drama
30892,In the Realms of the Unreal,animation documentary animation documentary henry darger
30894,White Noise,drama horror mystery sci fi thriller
30898,"Upside of Anger, The",comedy drama romance
30994,Little Miss Marker,comedy drama
31000,Sweet Liberty,comedy
31030,I Remember Mama,children drama motherhood
31038,Smooth Talk,drama romance
31049,Out Cold,comedy thriller
31083,Man Trouble,comedy romance
31086,Battles Without Honor & Humanity (Jingi naki tatakai),crime drama
31101,Stander,action crime drama
31114,Imaginary Heroes,comedy drama
31116,Sergeant York,drama war
31123,Ruby & Quentin (Tais-toi!),comedy crime
31150,Wizards,animation fantasy sci fi war
31162,"Life and Death of Peter Sellers, The",comedy drama
31184,Appleseed (Appurushîdo),action animation fantasy sci fi
31193,"Many Adventures of Winnie the Pooh, The",animation children musical
31221,Elektra,action adventure crime drama
31223,Racing Stripes,children comedy
31225,Coach Carter,drama
31260,Boys Town,drama
31297,Gold Diggers of 1935,comedy musical
31309,Rocco and His Brothers (Rocco e i suoi fratelli),crime drama
31364,Memories of Murder (Salinui chueok),crime drama mystery thriller
31367,"Chase, The",action adventure comedy crime romance thriller
31410,"Downfall (Untergang, Der)",drama war
31420,Assault on Precinct 13,action crime drama thriller
31422,Are We There Yet?,children comedy
31424,Alone in the Dark,action horror sci fi thriller
31427,Hide and Seek,horror mystery thriller
31431,Boogeyman,drama horror mystery thriller
31433,"Wedding Date, The",comedy romance
31435,Rory O'Shea Was Here (Inside I'm Dancing),drama
31437,Nobody Knows (Dare mo shiranai),drama orphans
31445,Employee of the Month,comedy drama
31522,"Marriage of Maria Braun, The (Ehe der Maria Braun, Die)",drama
31545,"Trou, Le (Hole, The) (Night Watch, The)",crime film noir
31553,Double Dragon,action adventure sci fi
31590,Hands Off the Loot (Touchez pas au grisbi),crime drama thriller
31610,Purple Butterfly (Zi hudie),drama
31617,El Cid,action adventure drama romance war
31658,Howl's Moving Castle (Hauru no ugoku shiro),adventure animation fantasy romance anime fantasy world hayao miyazaki studio ghibli 06 oscar nominated best movie animation in netflix queue
31660,Steamboy (Suchîmubôi),action animation drama sci fi
31664,Gorgeous (Boh lee chun),action comedy romance
31685,Hitch,comedy romance
31692,Uncle Nino,comedy
31694,Bride & Prejudice,comedy musical romance
31696,Constantine,action fantasy horror thriller
31698,Son of the Mask,adventure children comedy fantasy
31700,Because of Winn-Dixie,children comedy drama
31702,Turtles Can Fly (Lakposhtha hâm parvaz mikonand),drama war
31737,Bunny Lake Is Missing,mystery thriller
31804,Night Watch (Nochnoy dozor),action fantasy horror mystery sci fi thriller
31851,Sons of the Desert,comedy
31867,Man of the House,action comedy
31878,Kung Fu Hustle (Gong fu),action comedy
31903,Zelary,drama romance marriage
31909,Dr. Giggles,comedy horror
31921,"Seven-Per-Cent Solution, The",adventure comedy crime drama mystery thriller
31923,"Three Musketeers, The",action adventure comedy in netflix queue
31925,Royal Flash,adventure comedy romance
31952,Control (Kontroll),comedy crime drama mystery
31973,Germany Year Zero (Germania anno zero) (Deutschland im Jahre Null),drama war
32009,Tyler Perry's Diary of a Mad Black Woman,comedy drama romance
32011,Cursed,horror thriller
32017,"Pacifier, The",action comedy
32019,Be Cool,comedy crime musical
32022,Gunner Palace,documentary war
32029,Hostage,action crime drama thriller
32031,Robots,adventure animation children comedy fantasy sci fi imax
32058,Class Action,drama
32060,"Cat and the Canary, The",horror mystery
32116,"Oh, God! You Devil",comedy
32139,"Agony and the Ecstasy, The",drama
32160,Twentieth Century,comedy in netflix queue
32179,Elevator to the Gallows (a.k.a. Frantic) (Ascenseur pour l'échafaud),crime drama thriller
32213,Cube Zero,horror mystery sci fi thriller
32234,Julia,drama
32243,Stealing Rembrandt (Rembrandt),action comedy crime
32289,Ice Princess,children comedy drama
32291,Melinda and Melinda,comedy drama
32294,Milk and Honey,drama
32296,Miss Congeniality 2: Armed and Fabulous,adventure comedy crime
32298,Guess Who,comedy romance
32300,D.E.B.S.,action comedy
32302,"League of Ordinary Gentlemen, A",documentary
32314,Incident at Loch Ness,adventure comedy documentary
32371,Call Northside 777,crime drama film noir in netflix queue
32387,"Sword of Doom, The (Dai-bosatsu tôge)",action drama
32392,800 Bullets (800 Balas),comedy crime drama western
32440,If Looks Could Kill,action comedy
32442,Greedy,comedy
32456,"Pom Poko (a.k.a. Raccoon War, The) (Heisei tanuki gassen pompoko)",animation comedy drama fantasy
32460,Knockin' on Heaven's Door,action comedy crime drama
32469,We're No Angels,comedy crime drama
32511,"Touch of Zen, A (Xia nu)",action adventure
32515,Walker,adventure drama war western
32554,Memories (Memorîzu),animation fantasy sci fi thriller
32582,"Wild Parrots of Telegraph Hill, The",documentary birds parrots
32584,"Ballad of Jack and Rose, The",drama fatherhood
32587,Sin City,action crime film noir mystery thriller cult
32589,Beauty Shop,comedy
32596,Sahara,action adventure comedy
32598,Fever Pitch,comedy romance
32600,Eros,drama
32620,Not on the Lips (Pas sur la bouche),comedy musical romance
32632,Electra Glide in Blue,action crime
32649,"Special Day, A (Giornata particolare, Una)",drama war
32657,"Man Who Planted Trees, The (Homme qui plantait des arbres, L')",animation drama
32659,Tanguy,comedy
32666,National Lampoon's Lady Killers (National Lampoon's Gold Diggers),comedy
32728,"Little Girl Who Lives Down the Lane, The",drama mystery thriller
32743,Ringu 0: Bâsudei,drama horror thriller
32770,Brothers (Brødre),drama
32799,Maidens in Uniform (Mädchen in Uniform),drama romance
32862,With Six You Get Eggroll,comedy romance
32875,Holiday (Jour de fête),comedy
32892,Ivan's Childhood (a.k.a. My Name is Ivan) (Ivanovo detstvo),drama war
32898,"Trip to the Moon, A (Voyage dans la lune, Le)",action adventure fantasy sci fi
32906,"Ascent, The (Voskhozhdeniye)",drama war
32914,Carrie,drama horror thriller
32917,Boccaccio '70,comedy fantasy romance
33004,"Hitchhiker's Guide to the Galaxy, The",adventure comedy sci fi
33085,"Amityville Horror, The",horror thriller
33090,Mutant Aliens,animation comedy sci fi
33124,Before the Fall (NaPolA - Elite für den Führer),drama war
33126,"Frisco Kid, The",comedy western
33132,State Property 2,action crime drama
33138,Palindromes,adventure comedy drama
33145,"Lot Like Love, A",comedy drama romance
33148,King's Ransom,comedy crime
33154,Enron: The Smartest Guys in the Room,documentary business money scandal
33158,xXx: State of the Union,action crime thriller
33162,Kingdom of Heaven,action drama romance war david thewlis eva green liam neeson orlando bloom
33164,House of Wax,horror thriller
33166,Crash,crime drama racism
33171,Mysterious Skin,drama mystery
33188,Mischief,comedy romance
33201,Between Your Legs (Entre las piernas),drama mystery romance thriller
33237,San Francisco,drama musical romance
33294,Vampire Hunter D,animation fantasy horror
33310,"Common Thread, A (a.k.a. Sequins) (Brodeuses)",drama romance
33312,"Cocoanuts, The",comedy musical
33421,Dear Wendy,drama
33435,Los Angeles Plays Itself,documentary
33437,Unleashed (Danny the Dog),action crime drama thriller
33493,Star Wars: Episode III - Revenge of the Sith,action adventure sci fi space space opera
33495,Kicking & Screaming,comedy
33499,Monster-in-Law,comedy romance
33558,"Snow Walker, The",adventure drama
33564,Divorce - Italian Style (Divorzio all'italiana),comedy
33615,Madagascar,adventure animation children comedy
33629,Airborne,adventure comedy
33639,Mad Hot Ballroom,children documentary
33644,Dominion: Prequel to the Exorcist,horror thriller
33646,"Longest Yard, The",comedy drama
33649,Saving Face,comedy drama romance
33660,Cinderella Man,drama romance boksdrama boxing
33669,"Sisterhood of the Traveling Pants, The",adventure comedy drama
33672,Lords of Dogtown,action comedy drama
33677,Rock School,documentary
33679,Mr. & Mrs. Smith,action adventure comedy romance
33681,"Adventures of Sharkboy and Lavagirl 3-D, The",action adventure children fantasy
33683,High Tension (Haute tension) (Switchblade Romance),horror thriller
33725,It's All Gone Pete Tong,comedy drama musical
33779,Eddie Izzard: Dress to Kill,comedy
33781,Quo Vadis,drama romance
33794,Batman Begins,action crime imax
33801,Godzilla: Final Wars (Gojira: Fainaru uôzu),action adventure fantasy sci fi
33815,"Perfect Man, The",comedy drama romance
33826,Saint Ralph,comedy drama
33830,Herbie: Fully Loaded,adventure comedy romance
33834,Land of the Dead,action horror thriller
33836,Bewitched,comedy fantasy romance
33838,Rize,documentary
33880,Me and You and Everyone We Know,comedy drama
33893,"Perfect Crime, The (Crimen Ferpecto) (Ferpect Crime)",comedy crime thriller
33896,3 Extremes (Three... Extremes) (Saam gaang yi),horror
33903,"Edukators, The (Die Fetten Jahre sind vorbei)",comedy crime drama romance
33966,Cop and ½,comedy
34018,At the Circus,comedy musical
34048,War of the Worlds,action adventure sci fi thriller
34072,"March of the Penguins (Marche de l'empereur, La)",documentary
34129,Rebound,comedy
34143,Dark Water,drama horror thriller
34148,"Beat That My Heart Skipped, The (battre mon coeur s'est arrêté, De)",drama
34150,Fantastic Four,action adventure sci fi chris evans comic book heroine in tight suit jessica alba sexy female scientist superhero
34153,Murderball,documentary
34162,Wedding Crashers,comedy romance stiller
34164,Happy Endings,comedy drama
34271,Hustle & Flow,crime drama hip hop
34292,Hardware,action horror sci fi
34312,"Calcium Kid, The",comedy
34319,"Island, The",action sci fi thriller
34321,Bad News Bears,children comedy
34323,"Devil's Rejects, The",action crime horror rob zombie
34326,Last Days,drama
34330,November,drama mystery
34332,Sky High,action adventure children comedy
34334,Stealth,action adventure sci fi thriller
34336,Must Love Dogs,comedy romance
34338,"Aristocrats, The",comedy documentary
34359,Georgy Girl,comedy pregnancy
34397,"Order, The",action adventure drama thriller
34405,Serenity,action adventure sci fi predictable firefly
34437,Broken Flowers,comedy drama in netflix queue
34450,Miracles - Mr. Canton and Lady Rose,action comedy crime drama
34482,"Browning Version, The",drama in netflix queue
34520,"Dukes of Hazzard, The",action adventure comedy
34523,The Chumscrubber,comedy drama
34528,Junebug,comedy drama pregnancy
34530,Deuce Bigalow: European Gigolo,comedy
34532,"Skeleton Key, The",drama horror mystery thriller
34534,Four Brothers,action crime drama
34536,The Great Raid,action drama war
34540,Pretty Persuasion,comedy drama
34542,Grizzly Man,documentary animal movie bears
34800,Private Resort,comedy
34811,Pusher II: With Blood on My Hands,action crime drama thriller
35015,Duma,adventure drama animal movie in netflix queue
35347,Animal Farm,animation drama
35807,"Teahouse of the August Moon, The",comedy
35836,"40-Year-Old Virgin, The",comedy romance best picture classic hilarious steve carell
35957,Red Eye,horror thriller
36276,Hidden (a.k.a. Cache) (Caché),drama mystery thriller
36289,Asterix & Obelix vs. Caesar (Astérix et Obélix contre César),adventure children comedy fantasy
36363,Kin-Dza-Dza!,comedy drama sci fi
36397,Valiant,adventure animation children comedy fantasy war
36401,"Brothers Grimm, The",comedy fantasy horror thriller
36477,"Baxter, The",comedy drama romance
36509,"Cave, The",action adventure horror mystery sci fi thriller
36517,"Constant Gardener, The",drama thriller africa business politics
36519,Transporter 2,action crime thriller
36525,Just Like Heaven,comedy fantasy romance
36527,Proof,drama mathematics
36529,Lord of War,action crime drama thriller war wapendrama
36533,Cry_Wolf (a.k.a. Cry Wolf),drama horror mystery thriller
36535,Everything Is Illuminated,comedy drama in netflix queue
36537,Thumbsucker,comedy drama
36708,Family Guy Presents Stewie Griffin: The Untold Story,adventure animation comedy
36850,Police Story 2 (Ging chaat goo si juk jaap),action comedy crime thriller
36931,New Police Story (Xin jing cha gu shi),action crime drama
37211,Go West,comedy musical western
37240,Why We Fight,documentary in netflix queue
37380,Doom,action horror sci fi
37382,Domino,crime drama thriller
37384,Waiting...,comedy restaurant
37386,Aeon Flux,action sci fi
37444,Frankenstein 90,comedy horror romance
37475,"Unfinished Life, An",drama
37477,"Man, The",action comedy crime
37495,Survive Style 5+,fantasy mystery romance thriller
37545,Woyzeck,drama
37720,"Exorcism of Emily Rose, The",crime drama horror thriller
37727,Flightplan,action drama thriller
37729,Corpse Bride,animation comedy fantasy musical romance gothic helena bonham carter johnny depp tim burton visually appealing animation 06 oscar nominated best movie animation
37731,Green Street Hooligans (a.k.a. Hooligans),crime drama
37733,"History of Violence, A",action crime drama thriller in netflix queue
37736,Oliver Twist,drama dickens
37739,"Greatest Game Ever Played, The",drama
37741,Capote,crime drama truman capote
37830,Final Fantasy VII: Advent Children,action adventure animation fantasy sci fi
37844,Roll Bounce,comedy drama romance
37853,Into the Blue,action adventure crime thriller
37857,MirrorMask,adventure children drama fantasy
38038,Wallace & Gromit in The Curse of the Were-Rabbit,adventure animation children comedy 06 oscar nominated best movie animation aardman
38061,Kiss Kiss Bang Bang,comedy crime mystery thriller black comedy clever fast paced dialogue good dialogue robert downey jr witty in netflix queue
38095,"Bittersweet Life, A (Dalkomhan insaeng)",action crime drama
38159,"Short Film About Love, A (Krótki film o milosci)",drama romance
38164,"All This, and Heaven Too",drama romance
38198,Darwin's Nightmare,documentary
38294,Beowulf & Grendel,action adventure drama fantasy
38304,No Direction Home: Bob Dylan,documentary
38388,Goal! The Dream Begins (Goal!),drama
38583,"Wraith, The",action horror sci fi thriller
38798,In Her Shoes,comedy drama sisters
38886,"Squid and the Whale, The",comedy drama divorce
38992,Two for the Money,drama
39183,Brokeback Mountain,drama romance
39231,Elizabethtown,comedy drama romance
39234,North Country,drama courtroom drama in netflix queue
39292,"Good Night, and Good Luck.",crime drama in netflix queue journalism mccarthy hearings morrow
39307,Dreamer: Inspired by a True Story,children drama
39381,"Proposition, The",crime drama western
39400,"Fog, The",action horror mystery thriller
39414,Shopgirl,comedy drama romance
39427,Stay,thriller
39435,"Legend of Zorro, The",action adventure drama western
39444,"Weather Man, The",comedy drama
39446,Saw II,horror thriller
39449,Prime,comedy drama romance
39516,Don't Move (Non ti muovere),drama
39715,American Pie Presents: Band Camp (American Pie 4: Band Camp),comedy
39801,"Great Yokai War, The (Yôkai daisensô)",adventure comedy fantasy horror
39869,Manderlay,drama
40148,Revolver,crime drama thriller
40278,Jarhead,action drama war jake gyllenhaal modern war
40339,Chicken Little,action adventure animation children comedy sci fi
40412,Dead Man's Shoes,crime thriller
40414,Joyeux Noël (Merry Christmas),drama war
40478,Night of the Lepus,horror sci fi thriller
40491,"Match Factory Girl, The (Tulitikkutehtaan tyttö)",comedy drama depression
40578,Sword of the Beast (Kedamono no ken),action drama
40581,Just Friends,comedy romance
40583,Syriana,drama thriller in netflix queue
40597,One-Way Ticket to Mombasa (Menolippu Mombasaan),comedy drama
40614,Derailed,drama thriller
40617,Creep,horror thriller
40629,Pride & Prejudice,drama romance in netflix queue
40697,Babylon 5,sci fi
40723,Wolf Creek,crime horror thriller
40732,"Descent, The",adventure drama horror thriller
40815,Harry Potter and the Goblet of Fire,adventure fantasy thriller imax magic wizards
40819,Walk the Line,drama musical romance johnny cash
40826,Rent,drama musical romance
40851,Zathura,action adventure children fantasy
40870,C.R.A.Z.Y.,drama
40946,Sarah Silverman: Jesus Is Magic,comedy musical
40955,Breakfast on Pluto,comedy drama transvestite
40959,"Ice Harvest, The",action comedy crime thriller
40962,"Yours, Mine and Ours",comedy romance
40966,"Libertine, The",drama
41014,"Bird with the Crystal Plumage, The (Uccello dalle piume di cristallo, L')",crime horror mystery thriller
41285,Match Point,crime drama romance
41527,Paradise Now,crime drama thriller war
41566,"Chronicles of Narnia: The Lion, the Witch and the Wardrobe, The",adventure children fantasy c s lewis
41569,King Kong,action adventure drama fantasy thriller big budget
41571,Memoirs of a Geisha,drama romance
41573,"Family Stone, The",comedy drama romance
41617,Havoc,crime drama romance
41627,Samurai Rebellion (Jôi-uchi: Hairyô tsuma shimatsu),action drama
41712,"Room for Romeo Brass, A",comedy drama
41716,"Matador, The",comedy drama thriller
41724,Wal-Mart: The High Cost of Low Price,documentary
41769,Mozart and the Whale,comedy drama romance
41828,Don't Look Now: We're Being Shot At (La grande vadrouille),comedy war
41863,"Three Burials of Melquiades Estrada, The",adventure crime drama
41997,Munich,action crime drama thriller in netflix queue
42002,"Producers, The",comedy musical in netflix queue
42004,Transamerica,adventure comedy drama
42007,Rumor Has It...,comedy drama romance
42009,Cheaper by the Dozen 2,adventure comedy
42011,Fun with Dick and Jane,comedy crime
42013,"Ringer, The",comedy
42015,Casanova,action adventure comedy drama romance
42018,Mrs. Henderson Presents,comedy drama
42176,"Ear, The (Ucho)",drama thriller
42191,Luxo Jr.,animation children
42285,"Dentist, The",horror thriller
42418,"New World, The",adventure drama romance
42422,Voices of a Distant Star (Hoshi no koe),animation drama romance sci fi love
42556,7 Faces of Dr. Lao,fantasy mystery western
42559,Samurai Assassin (Samurai),action adventure drama
42602,"Boys of Baraka, The",documentary
42632,Lady Vengeance (Sympathy for Lady Vengeance) (Chinjeolhan geumjassi),crime drama mystery thriller brutality
42638,Grand Theft Parsons,comedy drama
42718,District 13 (Banlieue 13),action crime sci fi
42723,Hostel,horror
42725,Grandma's Boy,comedy
42728,Tristan & Isolde,drama romance
42730,Glory Road,drama
42732,Last Holiday,comedy
42734,Hoodwinked!,animation children comedy
42738,Underworld: Evolution,action fantasy horror
42740,Looking for Comedy in the Muslim World,comedy in netflix queue
42761,Casper Meets Wendy,adventure children comedy fantasy
42943,Revolution,adventure drama war
42946,Project A ('A' gai waak),action comedy
43289,"Bird People in China, The (Chûgoku no chôjin)",adventure comedy drama fantasy
43333,Water,drama romance
43376,Sophie Scholl: The Final Days (Sophie Scholl - Die letzten Tage),drama war
43396,"World's Fastest Indian, The",drama
43419,Bandidas,action comedy crime western
43460,Tristram Shandy: A Cock and Bull Story,comedy drama
43549,Helter Skelter,action crime drama horror
43556,Annapolis,drama
43558,Big Momma's House 2,action comedy crime
43560,Nanny McPhee,children comedy fantasy
43677,"Tuskegee Airmen, The",drama war
43679,Final Destination 3,horror mystery thriller
43684,Something New,comedy drama romance
43708,Block Party (a.k.a. Dave Chappelle's Block Party),comedy documentary
43744,Imagine Me & You,comedy drama romance
43836,"Pink Panther, The",adventure comedy crime
43869,Curious George,adventure animation children comedy
43871,Firewall,crime drama thriller
43904,When a Stranger Calls,horror thriller
43908,London,drama
43912,Freedomland,crime drama
43914,Winter Passing,drama
43917,Eight Below,action adventure drama romance
43919,Date Movie,comedy romance
43921,Running Scared,action crime thriller
43928,Ultraviolet,action fantasy sci fi thriller
43930,Just My Luck,comedy romance
43932,Pulse,action drama fantasy horror mystery sci fi thriller
43936,16 Blocks,crime thriller
44004,Failure to Launch,comedy romance
44020,Ultimate Avengers,action animation children sci fi
44022,Ice Age 2: The Meltdown,adventure animation children comedy
44189,Ask the Dust,drama romance
44191,V for Vendetta,action sci fi thriller imax
44193,She's the Man,comedy romance
44195,Thank You for Smoking,comedy drama
44197,Find Me Guilty,comedy crime drama
44199,Inside Man,crime drama thriller
44204,Tsotsi,crime drama
44225,Aquamarine,children comedy fantasy
44238,Leprechaun 2,comedy fantasy horror
44241,Leprechaun 3,comedy fantasy horror
44243,Leprechaun 4: In Space,comedy fantasy horror sci fi
44301,Lights in the Dusk (Laitakaupungin valot),crime drama
44397,"Hills Have Eyes, The",drama horror thriller
44399,"Shaggy Dog, The",adventure children comedy fantasy
44511,Unknown White Male,documentary
44555,"Lives of Others, The (Das leben der Anderen)",drama romance thriller
44597,Youth of the Beast (Yaju no seishun),action crime mystery
44613,Take the Lead,drama
44633,"Devil and Daniel Johnston, The",documentary
44657,Mouchette,drama
44665,Lucky Number Slevin,crime drama mystery twist ending
44694,Volver,comedy drama
44709,Akeelah and the Bee,drama
44719,Brainstorm,drama
44731,Stay Alive,horror sci fi thriller
44759,Basic Instinct 2,crime drama mystery thriller
44761,Brick,crime drama film noir mystery
44773,"Dead Hate the Living!, The",comedy horror
44777,Evil Aliens,comedy horror sci fi
44788,This Film Is Not Yet Rated,documentary
44828,Slither,comedy horror sci fi
44840,"Benchwarmers, The",comedy
44849,Renaissance,action animation film noir sci fi thriller
44851,Go for Zucker! (Alles auf Zucker!),comedy
44864,Friends with Money,comedy drama romance
44889,Reefer Madness: The Movie Musical,comedy drama musical satire
44929,Candy,drama romance
44931,Secrets of a Soul (Geheimnisse einer Seele),drama
44937,"Child, The (L'enfant)",crime drama
44943,9/11,documentary
44972,Scary Movie 4,comedy horror
44974,Hard Candy,drama thriller
45028,"Prairie Home Companion, A",comedy drama musical
45062,"Sentinel, The",crime drama thriller
45074,"Wild, The",adventure animation children comedy fantasy
45081,Silent Hill,fantasy horror thriller
45106,American Dreamz,comedy drama
45175,Kinky Boots,comedy drama
45183,"Protector, The (a.k.a. Warrior King) (Tom yum goong)",action comedy crime thriller
45186,Mission: Impossible III,action adventure thriller
45208,RV,adventure children comedy
45210,United 93,crime drama
45221,Stick It,comedy
45361,"American Haunting, An",drama horror mystery thriller
45382,Down in the Valley,drama romance
45431,Over the Hedge,adventure animation children comedy
45440,Art School Confidential,comedy drama
45442,Poseidon,action adventure thriller imax
45447,"Da Vinci Code, The",drama mystery thriller adventure audrey tautou conspiracy theory mystery paris tom hanks treasure hunt
45499,X-Men: The Last Stand,action sci fi thriller halle berry hugh jackman
45501,"Break-Up, The",comedy drama romance
45503,Peaceful Warrior,drama
45517,Cars,animation children comedy
45635,"Notorious Bettie Page, The",drama
45648,Game 6,comedy drama
45658,On a Clear Day,drama
45662,"Omen, The",horror thriller
45666,Nacho Libre,comedy
45668,"Lake House, The",drama fantasy romance
45672,Click,adventure comedy drama fantasy romance
45720,"Devil Wears Prada, The",comedy drama
45722,Pirates of the Caribbean: Dead Man's Chest,action adventure fantasy
45726,"You, Me and Dupree",comedy
45728,Clerks II,comedy
45730,Lady in the Water,drama fantasy mystery bad disappointing faerie tale fairy tale far fetched m night shyamalan paul giamatti
45732,My Super Ex-Girlfriend,comedy fantasy romance
45880,Marie Antoinette,drama romance cinematography lyrical
45928,Who Killed the Electric Car?,documentary
45950,"Inconvenient Truth, An",documentary
45969,Career Opportunities,comedy romance
46062,High School Musical,children comedy drama musical romance
46105,I Am a Sex Addict,comedy documentary romance
46231,Stoned,drama
46322,Jet Li's Fearless (Huo Yuan Jia),action drama
46335,"Fast and the Furious: Tokyo Drift, The (Fast and the Furious 3, The)",action crime drama thriller
46337,Garfield: A Tail of Two Kitties,animation children comedy
46347,Metal: A Headbanger's Journey,documentary
46367,"Public Eye, The",crime thriller
46530,Superman Returns,action adventure sci fi imax
46559,"Road to Guantanamo, The",drama war
46572,Edmond,drama thriller
46574,"OH in Ohio, The",comedy
46578,Little Miss Sunshine,adventure comedy drama
46664,"Fallen Idol, The",drama mystery thriller
46723,Babel,drama thriller brad pitt cate blanchett multiple storylines social commentary
46772,Strangers with Candy,comedy
46850,Wordplay,documentary
46855,Army of Shadows (L'armée des ombres),action drama thriller war
46862,Orchestra Rehearsal (Prova d'orchestra),drama
46865,Little Man,comedy
46948,Monster House,animation children fantasy mystery
46965,Snakes on a Plane,action comedy horror thriller
46967,Scoop,comedy fantasy mystery
46970,Talladega Nights: The Ballad of Ricky Bobby,action comedy
46972,Night at the Museum,action comedy fantasy imax ben stiller robin williams
46974,World Trade Center,drama
46976,Stranger than Fiction,comedy drama fantasy romance emma thompson maggie gyllenhaal modern fantasy romance surreal will ferrell
47044,Miami Vice,action crime drama thriller
47099,"Pursuit of Happyness, The",drama
47122,John Tucker Must Die,comedy romance
47124,"Ant Bully, The",adventure animation children comedy fantasy imax
47200,Crank,action thriller
47202,"Secret Life of Words, The",drama romance
47254,Chaos,action crime drama thriller
47261,"Night Listener, The",fantasy mystery thriller
47382,Step Up,drama romance
47384,Zoom,adventure comedy drama fantasy
47404,Mind Game,adventure animation comedy fantasy romance sci fi
47423,Half Nelson,drama
47446,"Moustache, La",drama mystery thriller
47465,Tideland,drama fantasy thriller
47491,Adam's Apples (Adams æbler),comedy drama
47516,Material Girls,children comedy drama
47518,Accepted,comedy
47538,Crime Busters,action adventure comedy crime
47566,Born to Kill,crime drama film noir
47610,"Illusionist, The",drama fantasy mystery romance costume drama edward norton magic paul giamatti
47629,The Queen,drama
47640,Beerfest,comedy
47644,Invincible,drama
47646,Idlewild,crime drama musical
47721,"Red Balloon, The (Ballon rouge, Le)",children fantasy
47725,Angel-A,comedy drama fantasy romance
47736,"Chump at Oxford, A",comedy
47774,"Icicle Thief, The (Ladri di saponette)",comedy fantasy
47793,"Puffy Chair, The",drama romance
47810,"Wicker Man, The",horror mystery thriller
47894,"Wind That Shakes the Barley, The",drama war
47937,Severance,comedy horror thriller
47950,Hollywoodland,crime drama mystery thriller
47952,"Covenant, The",action horror thriller
47970,"Last Kiss, The",comedy drama
47978,SherryBaby,drama
47997,Idiocracy,adventure comedy sci fi thriller
47999,Jesus Camp,documentary drama
48001,"Bow, The (Hwal)",drama romance
48032,"Tiger and the Snow, The (La tigre e la neve)",comedy drama romance war
48043,"Fountain, The",drama fantasy romance
48045,Fear City: A Family-Style Comedy (La cité de la peur),comedy
48082,"Science of Sleep, The (La science des rêves)",comedy drama fantasy romance
48142,"Black Dahlia, The",crime drama mystery thriller
48150,"Woods, The",horror
48161,Gridiron Gang,drama
48214,Land of Plenty (Angst and Alienation in America),drama
48262,"Bridge, The",documentary
48304,Apocalypto,adventure drama thriller
48319,Flyboys,action adventure drama war
48322,Jackass Number Two,comedy documentary
48326,All the King's Men,drama
48342,Conversations with Other Women,comedy drama romance
48385,Borat: Cultural Learnings of America for Make Benefit Glorious Nation of Kazakhstan,comedy
48394,"Pan's Labyrinth (Laberinto del fauno, El)",drama fantasy thriller atmospheric bittersweet visually appealing
48412,"Guardian, The",action adventure drama
48414,Open Season,adventure animation children comedy imax
48416,School for Scoundrels,comedy crime
48516,"Departed, The",crime drama thriller way too long leonardo dicaprio suspense twist ending undercover cop atmospheric jack nicholson martin scorsese
48518,"Texas Chainsaw Massacre: The Beginning, The",horror thriller
48520,Employee of the Month,comedy
48560,Running With Scissors,comedy drama
48593,Man of the Year,comedy thriller
48596,"Marine, The",action drama thriller
48598,Infamous,drama
48638,Fellini's Casanova (Il Casanova di Federico Fellini),drama romance
48649,Chapayev,drama war
48678,Feast,action comedy horror thriller
48696,Little Children,drama romance
48698,Deliver Us from Evil,documentary the catholic church is the most corrupt organization in history
48738,"Last King of Scotland, The",drama thriller
48741,"U.S. vs. John Lennon, The",documentary
48744,Shortbus,comedy drama romance
48774,Children of Men,action adventure drama sci fi thriller
48780,"Prestige, The",drama mystery sci fi thriller ummarti2006 atmospheric enigmatic
48783,Flags of Our Fathers,drama war
48872,13 Tzameti,film noir thriller
48877,Saw III,crime horror thriller
48879,Catch a Fire,drama thriller
48883,Death of a President,crime drama mystery thriller
48982,Flushed Away,animation comedy
48997,Perfume: The Story of a Murderer,crime drama thriller
49013,"Santa Clause 3: The Escape Clause, The",comedy fantasy
49110,Mom and Dad Save the World,comedy sci fi
49130,"Good Year, A",comedy drama romance marion cotillard
49132,Shut Up & Sing,documentary
49220,For Your Consideration,comedy
49263,Fuck,comedy documentary
49265,Shooting Dogs (a.k.a. Beyond the Gates),documentary drama war
49272,Casino Royale,action adventure thriller
49274,Happy Feet,adventure animation children comedy imax
49276,Let's Go to Prison,comedy
49278,Déjà Vu (Deja Vu),action sci fi thriller
49280,Bobby,drama
49284,10 Items or Less,comedy drama romance
49286,"Holiday, The",comedy romance
49314,Harsh Times,action crime drama
49347,Fast Food Nation,drama
49389,The Great Train Robbery,crime western
49396,Tenacious D in The Pick of Destiny,adventure comedy musical
49524,"Nativity Story, The",drama
49530,Blood Diamond,action adventure crime drama thriller war africa corruption jennifer connelly justice leonardo dicaprio
49647,Charlotte's Web,children comedy drama fantasy
49649,Eragon,action adventure fantasy
49651,Rocky Balboa,action drama
49666,Fur: An Imaginary Portrait of Diane Arbus,drama fantasy romance
49688,"Dam Busters, The",action drama war
49735,Another Gay Movie,comedy
49772,"Painted Veil, The",drama romance
49793,We Are Marshall,drama
49822,"Good Shepherd, The",drama thriller
49824,Dreamgirls,drama musical
49910,Freedom Writers,drama
49917,When the Levees Broke: A Requiem in Four Acts,documentary
49932,Inland Empire,drama mystery thriller
49957,"History Boys, The",comedy drama
49961,Notes on a Scandal,drama
50003,DOA: Dead or Alive,action adventure
50005,Curse of the Golden Flower (Man cheng jin dai huang jin jia),action drama
50064,"Good German, The",drama mystery thriller
50068,Letters from Iwo Jima,drama war
50147,Black Christmas,action horror thriller
50158,Stomp the Yard,drama musical
50160,Miss Potter,drama
50189,American Pie Presents The Naked Mile (American Pie 5: The Naked Mile),comedy romance
50274,Venus,drama romance
50354,The Return of Don Camillo,comedy
50356,The Little World of Don Camillo,comedy
50440,Primeval,horror thriller
50442,Alpha Dog,crime drama
50445,"Hitcher, The",action horror thriller
50514,After the Wedding (Efter brylluppet),drama
50601,Bridge to Terabithia,adventure children fantasy
50610,Beer League,comedy
50613,Dead Meat,horror
50658,49 Up,documentary
50685,Waitress,comedy drama romance
50740,Seven Up!,documentary
50792,Catch and Release,comedy drama romance
50794,Smokin' Aces,action crime drama thriller
50796,Blood and Chocolate,drama fantasy horror romance
50798,Epic Movie,adventure comedy
50800,"Messengers, The",drama horror thriller
50802,Because I Said So,comedy drama romance
50804,Hannibal Rising,drama horror thriller
50806,Norbit,comedy romance
50842,"Boss of It All, The (Direktøren for det hele)",comedy drama
50851,Cocaine Cowboys,documentary
50872,Ratatouille,animation children drama a clever chef rat inspirational clever
50912,"Paris, I Love You (Paris, je t'aime)",romance
50923,"Astronaut Farmer, The",drama
50942,"Wake Up, Ron Burgundy",comedy
50954,It's a Boy Girl Thing,comedy romance
50999,"Ugly Duckling and Me!, The",animation comedy
51024,The Odyssey,adventure drama fantasy
51037,Unknown,drama mystery thriller
51077,Ghost Rider,action fantasy thriller
51080,Breach,drama thriller
51082,Tyler Perry's Daddy's Little Girls,comedy romance
51084,Music and Lyrics,comedy romance
51086,"Number 23, The",drama mystery thriller
51088,Reno 911!: Miami,comedy
51091,Black Snake Moan,drama
51167,My Father and My Son (Babam ve oglum),drama
51174,Factory Girl,drama
51255,Hot Fuzz,action comedy crime mystery british comedy
51314,Golden Door (Nuovomondo),adventure drama romance
51357,Citizen X,crime drama thriller
51412,Next,action sci fi thriller
51471,Amazing Grace,drama romance
51498,2001 Maniacs,comedy horror
51540,Zodiac,crime drama thriller
51545,Pusher III: I'm the Angel of Death,action comedy drama horror thriller
51562,Babylon 5: The Gathering,sci fi
51573,Meshes of the Afternoon,fantasy
51575,Wild Hogs,adventure comedy
51662,300,action fantasy war imax
51666,"Abandoned, The",horror mystery thriller
51694,Starter for 10,drama romance
51698,"Last Mimzy, The",adventure children sci fi
51705,Priceless (Hors de prix),comedy romance
51709,"Host, The (Gwoemul)",comedy drama horror sci fi thriller
51834,Becoming Jane,drama romance
51884,"Namesake, The",drama romance
51903,I Think I Love My Wife,comedy drama romance
51925,Premonition,drama fantasy mystery thriller
51927,Dead Silence,horror mystery thriller
51931,Reign Over Me,drama
51933,Pride,drama
51935,Shooter,action drama thriller
51937,"Hills Have Eyes II, The",horror thriller
51939,TMNT (Teenage Mutant Ninja Turtles),action adventure animation children comedy fantasy
52042,Black Book (Zwartboek),drama thriller war
52241,"Lookout, The",crime drama thriller
52245,Blades of Glory,comedy romance
52279,Are We Done Yet?,comedy
52281,Grindhouse,action crime horror sci fi thriller
52283,"Reaping, The",horror thriller
52287,Meet the Robinsons,action adventure animation children comedy sci fi something for everyone in this one saw it without and plan on seeing it with kids
52299,American Hardcore,documentary
52319,Inglorious Bastards (Quel maledetto treno blindato),action adventure drama war
52328,Sunshine,adventure drama sci fi thriller
52375,"Hoax, The",crime drama
52435,How the Grinch Stole Christmas!,animation comedy fantasy musical
52458,Disturbia,drama thriller
52462,Aqua Teen Hunger Force Colon Movie Film for Theaters,action adventure animation comedy fantasy mystery sci fi
52579,"Vie en Rose, La (Môme, La)",drama musical
52604,Fracture,crime drama mystery thriller anthony hopkins courtroom drama twist ending
52644,Vacancy,horror thriller
52668,In the Land of Women,comedy drama romance
52694,Mr. Bean's Holiday,comedy
52712,"Invisible, The",crime drama fantasy mystery thriller horrible acting interesting
52715,Kickin It Old Skool,comedy
52722,Spider-Man 3,action adventure sci fi thriller imax
52724,Lucky You,comedy drama
52730,It's a Very Merry Muppet Christmas Movie,children comedy
52767,21 Up,documentary
52784,Sharkwater,documentary
52831,Maniac Cop,action crime horror thriller
52867,"Ex, The",comedy romance
52885,Paprika (Papurika),animation mystery sci fi dreamlike
52950,Day Watch (Dnevnoy dozor),action fantasy horror thriller
52952,This Is England,drama
52967,Away from Her,drama
52973,Knocked Up,comedy drama romance
52975,Hairspray,comedy drama musical
53000,28 Weeks Later,horror sci fi thriller
53022,Wheels on Meals (Kuai can che),action comedy crime romance
53024,Jonestown: The Life and Death of Peoples Temple,documentary
53121,Shrek the Third,adventure animation children comedy fantasy
53123,Once,drama musical romance
53125,Pirates of the Caribbean: At World's End,action adventure comedy fantasy
53127,Bug,drama horror thriller based on a play conspiracy theory creepy insanity paranoia ptsd
53129,Mr. Brooks,crime drama thriller
53138,"Librarian: Return to King Solomon's Mines, The",action adventure fantasy
53140,"Librarian: Quest for the Spear, The",action adventure comedy fantasy romance
53143,Fay Grim,action thriller
53161,"I'm a Cyborg, But That's OK (Saibogujiman kwenchana)",comedy drama romance sci fi
53280,"Breed, The",horror thriller
53318,Cashback,comedy drama romance
53322,Ocean's Thirteen,crime thriller
53326,Them (Ils),horror
53355,Sun Alley (Sonnenallee),comedy romance
53435,Hostel: Part II,crime horror thriller
53447,Paranoid Park,crime drama
53450,"Legend of Sleepy Hollow, The",comedy fantasy horror
53453,Starcrash (a.k.a. Star Crash),action adventure fantasy sci fi
53460,Surf's Up,animation children comedy
53464,Fantastic Four: Rise of the Silver Surfer,action adventure sci fi bad acting bad jokes bad plot chris evans jessica alba marvel sexy female scientist
53466,Nancy Drew,adventure crime thriller
53468,Fido,comedy horror thriller zombies
53519,Death Proof,action adventure crime horror thriller
53550,Rescue Dawn,action adventure drama war
53574,"TV Set, The",comedy drama
53578,"Valet, The (La doublure)",comedy
53808,Bring It On: All or Nothing,comedy
53883,"Power of Nightmares, The: The Rise of the Politics of Fear",documentary
53894,Sicko,documentary drama
53921,"Mighty Heart, A",drama thriller
53953,1408,drama horror thriller
53956,Death at a Funeral,comedy
53972,Live Free or Die Hard,action adventure crime thriller
53974,License to Wed,comedy romance
53993,Evan Almighty,comedy fantasy
53996,Transformers,action sci fi thriller imax
54001,Harry Potter and the Order of the Phoenix,adventure drama fantasy imax
54004,I Now Pronounce You Chuck and Larry,comedy romance
54116,First Snow,drama thriller
54121,Broken Arrow,drama romance western
54185,Manufactured Landscapes,documentary
54190,Across the Universe,drama fantasy musical romance
54256,Hot Rod,comedy
54259,Stardust,adventure comedy fantasy romance
54272,"Simpsons Movie, The",animation comedy
54274,I Know Who Killed Me,crime drama thriller
54276,No Reservations,comedy drama romance
54281,Charlie Bartlett,comedy drama
54286,"Bourne Ultimatum, The",action crime thriller assassin assassin in training scene espionage robert ludlum
54354,China Blue,documentary
54372,Tell No One (Ne le dis à personne),crime drama mystery thriller
54503,Superbad,comedy friendship high school michael cera nerds self discovery shenanigans virginity
54617,"Brice Man, The (Brice de Nice)",comedy
54648,Rush Hour 3,action comedy crime thriller
54686,"Last Legion, The",action adventure fantasy war
54732,Balls of Fury,comedy
54734,Sydney White,comedy
54736,"Kingdom, The",action drama thriller
54745,Rocket Science,comedy drama
54768,Daddy Day Camp,children comedy
54771,"Invasion, The",action drama horror sci fi thriller
54780,"Nanny Diaries, The",comedy drama romance
54785,Halloween,horror
54787,Death Sentence,drama thriller
54796,2 Days in Paris,comedy drama romance
54881,"King of Kong, The",documentary
54908,Taxi 4,action comedy
54910,Behind the Mask: The Rise of Leslie Vernon,comedy horror thriller
54934,"Brothers Solomon, The",comedy
54962,"Nines, The",drama mystery
54995,Planet Terror,action horror sci fi
54997,3:10 to Yuma,action crime drama western christian bale
54999,Shoot 'Em Up,action comedy crime
55020,"Ten, The",comedy
55036,Gotti,crime drama
55052,Atonement,drama romance war
55061,Electroma,drama sci fi
55067,Requiem,drama thriller
55069,"4 Months, 3 Weeks and 2 Days (4 luni, 3 saptamâni si 2 zile)",drama
55071,No End in Sight,documentary
55080,"Brave One, The",crime drama thriller
55094,In the Valley of Elah,drama mystery
55110,December Boys,drama
55112,Shanghai Kiss,comedy drama romance
55116,"Hunting Party, The",action adventure comedy drama thriller
55118,Eastern Promises,crime drama thriller
55156,"Unreasonable Man, An",documentary
55167,Tekkonkinkreet (Tekkon kinkurîto),action adventure animation crime fantasy anime
55190,Love and Other Disasters,comedy romance
55205,Interview,drama
55207,Cashback,comedy drama
55232,Resident Evil: Extinction,action horror sci fi thriller
55241,Mr. Woodcock,comedy
55245,Good Luck Chuck,comedy romance
55247,Into the Wild,action adventure drama
55250,"Game Plan, The",comedy
55253,"Lust, Caution (Se, jie)",drama romance thriller war
55259,"Seeker: The Dark Is Rising, The",action adventure drama fantasy
55261,"Heartbreak Kid, The",comedy drama romance
55267,Dan in Real Life,comedy drama romance
55269,"Darjeeling Limited, The",adventure comedy drama
55272,We Own the Night,crime drama
55274,Elizabeth: The Golden Age,drama
55276,Michael Clayton,drama thriller
55278,Sleuth,drama mystery thriller
55280,Lars and the Real Girl,comedy drama
55282,30 Days of Night,horror thriller
55290,Gone Baby Gone,crime drama mystery casey affleck great performances twist
55292,"Comebacks, The",comedy
55294,Weirdsville,comedy crime drama
55363,"Assassination of Jesse James by the Coward Robert Ford, The",crime drama western
55391,10th & Wolf,crime drama thriller
55442,Persepolis,animation drama
55444,Control,drama
55451,The Jane Austen Book Club,comedy drama romance
55492,"Last Winter, The",horror
55553,Black Sheep,comedy horror
55555,"Edge of Heaven, The (Auf der anderen Seite)",drama
55577,Saw IV,crime horror thriller
55620,For the Bible Tells Me So,documentary
55687,My Kid Could Paint That,documentary
55721,Elite Squad (Tropa de Elite),action crime drama thriller favelas
55729,King of California,comedy
55765,American Gangster,crime drama thriller corruption denzel washington mafia organized crime
55768,Bee Movie,animation comedy
55805,Before the Devil Knows You're Dead,crime drama thriller
55814,"Diving Bell and the Butterfly, The (Scaphandre et le papillon, Le)",drama
55820,No Country for Old Men,crime drama
55830,Be Kind Rewind,comedy
55844,Itty Bitty Titty Committee,comedy drama romance
55854,"Fugitive, The",drama
55872,August Rush,drama musical
55908,"Man from Earth, The",drama sci fi
55946,Lions For Lambs,drama thriller war
55995,Beowulf,action adventure animation fantasy imax
56003,Southland Tales,comedy drama sci fi thriller
56012,"Evening with Kevin Smith 2: Evening Harder, An",comedy documentary
56022,Harrison Bergeron,drama sci fi
56060,I Served the King of England (Obsluhoval jsem anglického krále),comedy drama romance war
56145,"Mist, The",horror sci fi
56152,Enchanted,adventure animation children comedy fantasy musical romance
56156,Hitman,action crime thriller
56169,Awake,drama thriller
56171,"Golden Compass, The",adventure children fantasy
56174,I Am Legend,action horror sci fi thriller imax alone in the world apocalypse based on a book last man on earth plot holes post apocalyptic post apocalyptic religion vampire
56176,Alvin and the Chipmunks,children comedy
56251,Futurama: Bender's Big Score,animation comedy sci fi
56274,Margot at the Wedding,drama
56286,I'm Not There,drama
56333,"Savages, The",comedy drama
56336,Wrong Turn 2: Dead End,action horror thriller
56339,"Orphanage, The (Orfanato, El)",drama horror mystery thriller
56367,Juno,comedy drama romance michael cera notable soundtrack pregnancy teenage pregnancy witty
56379,"Maxed Out: Hard Times, Easy Credit and the Era of Predatory Lenders",documentary
56389,My Blueberry Nights,drama romance
56563,Helvetica,documentary
56587,"Bucket List, The",comedy drama
56607,"Kite Runner, The",drama
56620,"Deaths of Ian Stone, The",horror thriller
56715,Wristcutters: A Love Story,drama fantasy romance
56757,Sweeney Todd: The Demon Barber of Fleet Street,drama horror musical thriller
56775,National Treasure: Book of Secrets,action adventure
56782,There Will Be Blood,drama western atmospheric cerebral character study gritty intense long shots morality visually appealing
56788,Charlie Wilson's War,comedy drama war
56801,AVPR: Aliens vs. Predator - Requiem,action horror sci fi
56805,Walk Hard: The Dewey Cox Story,comedy musical
56837,As You Like It,comedy drama romance
56869,Drained (O cheiro do Ralo),comedy
56908,Dedication,comedy drama romance
56915,"Water Horse: Legend of the Deep, The",adventure children fantasy
56921,Battlestar Galactica: Razor,action drama sci fi thriller
56941,P.S. I Love You,comedy drama romance
56949,27 Dresses,comedy romance
57147,Cassandra's Dream,crime drama thriller
57183,Like Stars on Earth (Taare Zameen Par),drama
57243,"Band's Visit, The (Bikur Ha-Tizmoret)",comedy drama
57274,[REC],drama horror thriller
57326,In the Name of the King: A Dungeon Siege Tale,action adventure fantasy
57368,Cloverfield,action mystery sci fi thriller
57421,Hatchet,comedy horror
57499,Heaven and Earth (Ten to Chi to),action adventure drama war
57502,Cat Soup (Nekojiru-so),adventure animation drama horror abstract dark psychedelic surreal
57504,"Girl Who Leapt Through Time, The (Toki o kakeru shôjo)",animation comedy drama romance sci fi
57522,First Sunday,comedy crime
57526,Untraceable,crime thriller
57528,Rambo (Rambo 4),action drama thriller war
57532,Meet the Spartans,comedy
57536,Strange Wilderness,comedy
57637,"Signal, The",horror sci fi thriller
57640,Hellboy II: The Golden Army,action adventure fantasy sci fi
57669,In Bruges,comedy crime drama thriller black comedy colin farrell dark comedy drugs friendship irreverent ralph fiennes stylized
57772,World on a Wire (Welt am Draht),crime sci fi
57843,Rise of the Footsoldier,action crime drama
57910,Teeth,comedy horror
57951,Fool's Gold,action adventure comedy romance
58025,Jumper,action adventure drama sci fi thriller
58047,"Definitely, Maybe",comedy drama romance rachel weisz ryan reynolds
58078,"Air I Breathe, The",crime drama romance thriller
58103,Vantage Point,action drama thriller
58105,"Spiderwick Chronicles, The",adventure children drama fantasy imax
58107,Step Up 2 the Streets,drama musical romance
58154,"Other Boleyn Girl, The",drama romance
58156,Semi-Pro,comedy
58162,Run Fatboy Run,comedy romance
58191,Taxi to the Dark Side,documentary
58287,Descent,drama thriller
58291,College Road Trip,comedy
58293,"10,000 BC",adventure romance thriller
58295,"Bank Job, The",action crime thriller heist robbery small time criminals
58297,Doomsday,action drama sci fi thriller
58299,Horton Hears a Who!,adventure animation children comedy
58301,Funny Games U.S.,drama thriller dark humor dark intelligent thought provoking
58303,"Counterfeiters, The (Die Fälscher)",crime drama war
58306,Mongol,drama war
58309,War Dance,documentary
58315,"Love Guru, The",comedy
58332,Diary of the Dead,horror sci fi
58347,Penelope,comedy fantasy romance
58351,City of Men (Cidade dos Homens),drama
58376,Zeitgeist: The Movie,documentary war
58404,Justice League: The New Frontier,action adventure animation fantasy sci fi
58425,Heima,documentary
58492,Snow Angels,drama
58554,"Class, The (Klass)",drama
58559,"Dark Knight, The",action crime drama imax psychology superhero dark gritty
58627,Never Back Down,action
58655,Drillbit Taylor,comedy
58783,Youth Without Youth,drama romance sci fi
58803,21,crime drama romance thriller
58806,Smart People,comedy drama romance
58826,"Shepherd: Border Patrol, The",action crime thriller
58839,Leatherheads,comedy drama romance
58842,Assembly (Ji jie hao),action drama war
58870,Zebraman,comedy
58876,Stop-Loss,drama war
58879,Shine a Light,documentary musical imax
58964,Inside (À l'intérieur),horror thriller
58972,Nim's Island,adventure comedy fantasy
58975,"Ruins, The",horror thriller
58998,Forgetting Sarah Marshall,comedy romance
59014,Superhero Movie,action comedy sci fi
59016,Street Kings,crime drama thriller
59018,"Visitor, The",drama romance
59022,Harold & Kumar Escape from Guantanamo Bay,adventure comedy
59026,99 francs,comedy
59037,Speed Racer,action children sci fi imax
59103,"Forbidden Kingdom, The",action adventure comedy fantasy jackie chan kung fu
59118,Happy-Go-Lucky,comedy drama
59126,Religulous,comedy documentary
59129,Outpost,action horror
59131,Are You Scared?,horror
59141,Son of Rambow,children comedy drama movies about movies
59143,Super High Me,comedy documentary
59220,Outsourced,comedy romance
59258,Baby Mama,comedy
59295,Expelled: No Intelligence Allowed,documentary
59306,Prom Night,horror mystery thriller
59315,Iron Man,action adventure sci fi
59333,Made of Honor,comedy romance
59336,Redbelt,action drama
59369,Taken,action crime drama thriller
59387,"Fall, The",adventure drama fantasy
59421,What Happens in Vegas...,comedy romance
59429,American Pie Presents Beta House (American Pie 6: Beta House),comedy
59440,Bella,drama romance
59501,"Chronicles of Narnia: Prince Caspian, The",adventure children fantasy fantasy lion narnia tilda swinton
59549,Shelter,drama romance
59604,"Girl Next Door, The",crime drama horror thriller
59615,Indiana Jones and the Kingdom of the Crystal Skull,action adventure comedy sci fi
59667,Nina's Heavenly Delights,comedy
59725,Sex and the City,comedy romance
59727,"Strangers, The",horror thriller
59731,"Bigger, Stronger, Faster*",documentary
59738,All the Boys Love Mandy Lane,horror mystery thriller
59784,Kung Fu Panda,action animation children comedy imax
59810,Recount,drama
59814,Ex Drummer,comedy crime drama horror
59900,You Don't Mess with the Zohan,comedy
59915,Stuck,horror thriller
59947,"Protector, The",action comedy drama thriller
59985,Chaos Theory,comedy drama romance
59995,Boy A,crime drama
60030,Spiral,drama horror thriller
60037,"Happening, The",drama sci fi thriller
60040,"Incredible Hulk, The",action sci fi
60046,"Children of Huang Shi, The",drama war
60069,WALL·E,adventure animation children romance sci fi last man on earth love story post apocalyptic social commentary
60072,Wanted,action thriller
60074,Hancock,action adventure comedy crime fantasy bad script charlize theron will smith
60126,Get Smart,action comedy anne hathaway steve carell
60128,Young People Fucking (a.k.a. YPF),comedy
60141,St. Trinian's,children comedy
60161,Futurama: The Beast with a Billion Backs,action animation comedy romance sci fi
60289,Kit Kittredge: An American Girl,children comedy drama mystery
60291,Gonzo: The Life and Work of Dr. Hunter S. Thompson,documentary
60293,"Wackness, The",comedy drama romance
60303,Strange Circus (Kimyô na sâkasu),horror mystery thriller
60333,Encounters at the End of the World,documentary
60363,Zombie Strippers!,comedy horror
60365,Frosty the Snowman,animation children comedy fantasy musical
60389,Battle for Haditha,war
60397,Mamma Mia!,comedy musical romance
60408,Welcome to the Sticks (Bienvenue chez les Ch'tis),comedy
60471,Rogue,action adventure horror sci fi thriller
60487,"It's the Great Pumpkin, Charlie Brown",animation children comedy
60514,Journey to the Center of the Earth,action adventure sci fi
60516,Meet Dave,adventure children comedy romance sci fi enjoyable
60522,"Machine Girl, The (Kataude mashin gâru)",action comedy fantasy horror thriller
60538,Shrooms,horror thriller
60647,Transsiberian,crime drama thriller
60674,Stargate: Continuum,sci fi
60684,Watchmen,action drama mystery sci fi thriller imax
60735,Shotgun Stories,drama thriller
60737,Watching the Detectives,comedy romance
60753,Felon,crime drama
60756,Step Brothers,comedy funny highly quotable will ferrell comedy
60760,"X-Files: I Want to Believe, The",drama mystery sci fi thriller
60766,Man on Wire,documentary
60803,"Little Drummer Boy, The",animation children musical
60818,Hogfather (Terry Pratchett's Hogfather),adventure fantasy thriller
60832,Pathology,crime horror thriller
60857,"Tracey Fragments, The",drama
60885,"Zone, The (La Zona)",drama thriller
60894,"Edge of Love, The",drama romance war
60904,Heart of a Dog (Sobachye serdtse),comedy drama sci fi
60937,"Mummy: Tomb of the Dragon Emperor, The",action adventure fantasy thriller
60941,"Midnight Meat Train, The",horror mystery thriller
60943,Frozen River,drama
60950,Vicky Cristina Barcelona,comedy drama romance threesome
60979,Batman: Gotham Knight,action animation crime
61011,"Walker, The",drama mystery
61024,Pineapple Express,action comedy crime comedy james franco seth rogen stoner movie
61026,Red Cliff (Chi bi),action adventure drama war
61071,"Sisterhood of the Traveling Pants 2, The",adventure comedy drama romance
61073,Hell Ride,action drama thriller
61123,High School Musical 2,comedy drama musical romance
61132,Tropic Thunder,action adventure comedy war
61160,Star Wars: The Clone Wars,action adventure animation sci fi
61167,Henry Poole is Here,drama mystery
61210,Mutant Chronicles,action adventure sci fi
61236,Waltz with Bashir (Vals im Bashir),animation documentary drama war
61240,Let the Right One In (Låt den rätte komma in),drama fantasy horror romance
61246,Hamlet 2,comedy
61248,Death Race,action adventure sci fi thriller
61250,"House Bunny, The",comedy
61255,"Rocker, The",comedy
61257,I.O.U.S.A. (a.k.a. IOUSA),documentary
61262,Mirrors,horror mystery thriller
61289,Sukiyaki Western Django,action western
61319,Somers Town,drama
61323,Burn After Reading,comedy crime drama dark comedy brad pitt coen bros coen brothers espionage george clooney john malkovich satire twists turns weird
61348,Disaster Movie,comedy
61350,Babylon A.D.,action adventure sci fi thriller
61352,Traitor,crime drama thriller
61394,"Onion Movie, The",comedy
61401,"Spirit, The",action comedy fantasy thriller
61406,John Adams,drama
61465,Bangkok Dangerous,action crime thriller
61628,Sunflower (Xiang ri kui),drama
61692,Altered,horror sci fi thriller
61697,Righteous Kill,crime mystery thriller
61705,Lakeview Terrace,drama thriller
61729,Ghost Town,comedy fantasy romance
61818,"Crow, The: Wicked Prayer",action adventure fantasy thriller
61986,Appaloosa,western
62008,Dead Fury,action animation comedy horror
62081,Eagle Eye,action crime thriller imax
62113,How to Lose Friends & Alienate People,comedy
62155,Nick and Norah's Infinite Playlist,comedy drama romance
62208,"Sound of the Mountain (Thunder of the Mountain, The) (Yama no oto)",drama
62250,Gomorrah (Gomorra),crime drama
62293,"Duchess, The",drama romance
62299,Alone in the Dark II,action horror
62336,FLCL,animation comedy fantasy sci fi 2d animation cult film stylish surreal
62344,Rachel Getting Married,drama romance
62374,Body of Lies,action drama thriller
62376,City of Ember,adventure children sci fi
62383,"20,000 Leagues Under the Sea",action adventure sci fi
62394,Max Payne,action crime drama thriller
62434,Zack and Miri Make a Porno,comedy drama romance seth rogen sexual humor
62437,W.,drama
62439,My Best Friend's Girl,comedy romance
62511,"Synecdoche, New York",comedy drama
62553,"Secret Life of Bees, The",drama
62586,"American Carol, An",comedy fantasy
62644,"Wave, The (Welle, Die)",drama
62662,Tokyo-Ga,documentary
62718,"Angus, Thongs and Perfect Snogging",comedy romance
62792,Pride and Glory,crime drama
62799,"Express, The",drama
62834,Babylon 5: The Legend of the Rangers: To Live and Die in Starlight,sci fi
62836,Babylon 5: The Lost Tales - Voices in the Dark,sci fi
62849,RocknRolla,action crime
62956,Futurama: Bender's Game,action adventure animation comedy fantasy sci fi
62970,Tin Man,adventure fantasy sci fi
62999,Madagascar: Escape 2 Africa,action adventure animation children comedy imax
63033,Blindness,drama mystery romance thriller
63062,Changeling,crime drama mystery emotional
63072,"Road, The",adventure drama thriller
63082,Slumdog Millionaire,crime drama romance
63113,Quantum of Solace,action adventure thriller
63131,Role Models,comedy
63179,Tokyo!,drama
63222,JCVD,action drama thriller
63239,Cinderella,children fantasy musical romance
63276,Crows Zero (Kurôzu zero),action
63312,Krabat,drama fantasy
63393,Camp Rock,comedy musical romance
63433,Farscape: The Peacekeeper Wars,action adventure sci fi
63436,Saw V,crime horror thriller
63479,Sex Drive,comedy
63515,The Island,drama mystery
63540,Beverly Hills Chihuahua,adventure children comedy
63768,Tattooed Life (Irezumi ichidai),crime drama
63808,"Class, The (Entre les murs)",drama
63826,Splinter,action horror thriller
63853,Australia,adventure drama war western
63859,Bolt,action adventure animation children comedy
63876,Milk,drama
63992,Twilight,drama fantasy romance thriller audience intelligence underestimated boring chick flick overrated teen movie
64010,"Children, The",horror
64030,Transporter 3,action adventure crime thriller
64032,Four Christmases,comedy
64034,"Boy in the Striped Pajamas, The (Boy in the Striped Pyjamas, The)",drama war childish naivity friendship
64114,Fireproof,drama romance
64116,Igor,animation comedy
64167,Dinotopia,adventure fantasy
64197,Hunger,drama
64231,Punisher: War Zone,action crime drama thriller
64249,Shrek the Halls,adventure animation comedy fantasy
64278,"Pervert's Guide to Cinema, The",documentary
64285,Wallace and Gromit in 'A Matter of Loaf and Death',animation comedy
64497,"Day the Earth Stood Still, The",drama sci fi thriller imax
64499,Che: Part One,drama war
64501,Che: Part Two,drama war
64575,Doubt,drama mystery
64614,Gran Torino,crime drama
64620,Frost/Nixon,drama
64622,"Reader, The",drama romance
64695,Sword of the Stranger (Sutorejia: Mukô hadan),action adventure animation
64716,Seven Pounds,drama
64839,"Wrestler, The",drama
64957,"Curious Case of Benjamin Button, The",drama fantasy mystery romance
64969,Yes Man,comedy
64983,Valkyrie,drama thriller war
64993,5 Centimeters per Second (Byôsoku 5 senchimêtoru),animation drama romance
64997,War of the Worlds,action sci fi
65037,Ben X,drama
65088,Bedtime Stories,adventure children comedy
65126,Choke,comedy drama
65130,Revolutionary Road,drama romance
65133,Blackadder Back & Forth,comedy
65135,Blackadder's Christmas Carol,comedy
65188,Dear Zachary: A Letter to a Son About His Father,documentary
65193,Wild Child,drama romance
65216,Defiance,drama thriller war
65225,Zeitgeist: Addendum,documentary
65230,Marley & Me,comedy drama
65261,Ponyo (Gake no ue no Ponyo),adventure animation children fantasy
65350,"General Died at Dawn, The",adventure crime thriller
65359,Earthsea (Legend of Earthsea),adventure drama fantasy
65514,Ip Man,action drama war
65577,"Tale of Despereaux, The",adventure animation children comedy fantasy
65585,Bride Wars,comedy romance
65588,"Gamers, The: Dorkness Rising",action adventure comedy fantasy
65596,Mesrine: Killer Instinct (L'instinct de mort),action crime drama thriller
65601,My Bloody Valentine 3-D,horror thriller
65631,Battle in Seattle,action drama
65642,"Timecrimes (Cronocrímenes, Los)",sci fi thriller
65651,Fire and Ice,adventure fantasy
65682,Underworld: Rise of the Lycans,action fantasy horror thriller
65685,Inkheart,adventure fantasy
65738,Revenge of the Nerds III: The Next Generation,comedy
65740,Revenge of the Nerds IV: Nerds in Love,comedy romance
65802,Paul Blart: Mall Cop,action comedy crime
65810,Notorious,drama musical
65882,"Uninvited, The",drama horror mystery thriller
65982,Outlander,action adventure sci fi
66090,Eden Lake,horror thriller
66097,Coraline,animation fantasy thriller claymation creepy dark dark fairy tale surreal tim burton
66171,Push,sci fi thriller
66198,"International, The",drama thriller
66203,He's Just Not That Into You,comedy drama romance
66240,Dead Like Me: Life After Death,comedy fantasy
66297,Futurama: Into the Wild Green Yonder,action animation comedy sci fi
66310,Frontière(s),drama horror thriller
66320,"11th Hour, The",documentary
66335,Afro Samurai: Resurrection,animation
66371,Departures (Okuribito),drama
66427,My Name Is Bruce,comedy horror
66509,Funny People,comedy drama
66511,Berlin Calling,comedy drama
66544,Nuremberg,drama war
66665,Away We Go,comedy drama romance
66744,"Divo, Il",drama
66783,Friday the 13th,horror
66785,"Good, the Bad, the Weird, The (Joheunnom nabbeunnom isanghannom)",action adventure comedy western
66798,"Pink Panther 2, The",adventure comedy mystery
66915,Rock-A-Doodle,adventure animation children musical
66934,Dr. Horrible's Sing-Along Blog,comedy drama musical sci fi joss whedon nathan fillion neil patrick harris parody
66943,"Cottage, The",comedy crime horror thriller
67087,"I Love You, Man",comedy andy samberg bromance bromantic comedy jaime pressly jason segel masculinity paul rudd
67168,Dance of the Dead,adventure comedy horror
67186,"Haunting in Connecticut, The",horror thriller
67193,Duplicity,crime romance thriller
67197,Knowing,action drama mystery sci fi thriller
67255,"Girl with the Dragon Tattoo, The (Män som hatar kvinnor)",crime drama mystery thriller
67267,Sunshine Cleaning,comedy drama
67295,Kung Fu Panda: Secrets of the Furious Five,action animation children comedy
67361,Echelon Conspiracy,action mystery thriller
67408,Monsters vs. Aliens,animation sci fi imax
67508,"Baader Meinhof Komplex, Der",action crime drama thriller
67534,Big Stan,comedy
67618,Strictly Sexual,comedy drama romance
67665,Anvil! The Story of Anvil,documentary musical
67695,Observe and Report,action comedy seth rogen
67734,Adventureland,comedy drama
67788,Confessions of a Shopaholic,comedy romance
67799,The Butterfly Effect 3: Revelations,drama fantasy sci fi thriller
67888,Man on the Flying Trapeze,comedy
67923,"Fast & Furious (Fast and the Furious 4, The)",action crime drama thriller
67997,In the Loop,comedy
68073,Pirate Radio,comedy drama
68135,17 Again,comedy drama
68157,Inglourious Basterds,action drama war black comedy brad pitt christoph waltz quentin tarantino satire
68159,State of Play,crime drama thriller
68194,"Damned United, The",drama
68205,Crank: High Voltage,action comedy crime
68237,Moon,drama mystery sci fi thriller 2001 like sci fi solitude
68269,"Young Victoria, The",drama romance
68319,X-Men Origins: Wolverine,action sci fi thriller comic book bad plot hugh jackman ryan reynolds too many characters
68347,Sin Nombre,crime drama thriller
68358,Star Trek,action adventure sci fi imax future lack of development lack of story quick cuts sci fi simon pegg space space travel time travel
68444,"Great Buck Howard, The",comedy
68480,Flatfoot on the Nile (Piedone d'Egitto),action comedy crime
68486,Red Cliff Part II (Chi Bi Xia: Jue Zhan Tian Xia),action drama war
68522,Earth,documentary
68536,Stanley Kubrick: A Life in Pictures,documentary
68552,Crossing Over,drama
68554,Angels & Demons,crime drama mystery thriller
68597,Scorpio,action drama thriller
68600,Balls Out: Gary the Tennis Coach,comedy
68650,Powder Blue,drama
68659,Fanboys,adventure comedy drama
68791,Terminator Salvation,action adventure sci fi thriller artificial intelligence bad acting bad plot bad script christian bale fighting the system franchise new composer post apocalyptic robots sci fi sequel
68793,Night at the Museum: Battle of the Smithsonian,action comedy imax
68835,Were the World Mine,adventure fantasy musical romance
68848,"Brothers Bloom, The",adventure comedy crime romance adrien brody con artists funny interesting characters mark ruffalo rachel weisz
68872,Paisan (Paisà),drama war
68886,I Do: How to Get Married and Stay Single (Prête-moi ta main),comedy romance
68932,"Soloist, The",drama musical
68945,Neon Genesis Evangelion: Death & Rebirth (Shin seiki Evangelion Gekijô-ban: Shito shinsei),action animation mystery sci fi recap
68952,Drag Me to Hell,comedy horror
68954,Up,adventure animation children drama adventure bechdel test fail cartoon children computer animation divorce dogs dreams pixar bittersweet emotional heartbreaking touching
68959,Fullmetal Alchemist the Movie: Conqueror of Shamballa (Gekijô-ban hagane no renkinjutsushi: Shanbara wo yuku mono),action adventure animation drama
69069,Fired Up,comedy
69118,In the Electric Mist,drama mystery
69122,"Hangover, The",comedy crime casino comedy funny hotel las vegas
69131,Killshot,action crime drama thriller
69134,Antichrist,drama fantasy
69140,Sweeney Todd,crime drama horror thriller
69211,Boy Eats Girl,comedy horror
69224,Marius and Jeanette (Marius et Jeannette),comedy drama romance
69227,Ernest Rides Again,children comedy
69251,Special,drama fantasy
69275,Dead Snow (Død snø),action adventure comedy horror
69278,Land of the Lost,action adventure comedy sci fi
69304,Imagine That,comedy drama fantasy
69306,"Taking of Pelham 1 2 3, The",crime drama thriller
69394,"Stoning of Soraya M., The",crime drama
69406,"Proposal, The",comedy romance
69436,Year One,adventure comedy
69453,"Land That Time Forgot, The",adventure sci fi
69469,Garfield's Pet Force,animation
69481,"Hurt Locker, The",action drama thriller war war
69495,Breakfast with Scot,drama romance
69516,"Limits of Control, The",crime drama film noir
69524,Raiders of the Lost Ark: The Adaptation,action adventure thriller
69526,Transformers: Revenge of the Fallen,action adventure sci fi imax bad plot michael bay needed more autobots plot holes ridiculous shia labeouf stop using useless characters for filler
69529,Home,documentary
69604,Whatever Works,comedy romance
69606,Ghosts of Girlfriends Past,comedy fantasy romance
69640,Public Enemies,crime drama thriller
69644,Ice Age: Dawn of the Dinosaurs,action adventure animation children comedy romance
69654,Prison Break: The Final Break,action drama thriller
69685,Daria: Is It College Yet?,animation comedy
69712,My Sister's Keeper,drama
69720,Hood of Horror,comedy drama horror
69746,Watchmen: Tales of the Black Freighter,action adventure animation horror
69757,(500) Days of Summer,comedy drama romance artistic funny humorous inspiring intelligent quirky romance zooey deschanel
69784,Brüno (Bruno),comedy
69805,"Librarian, The: The Curse of the Judas Chalice",action adventure fantasy
69844,Harry Potter and the Half-Blood Prince,adventure fantasy mystery romance imax
69849,Roots,drama war
69860,Eichmann,drama war
69904,Open Water 2: Adrift,drama thriller
69951,"Imaginarium of Doctor Parnassus, The",drama fantasy
69953,9to5: Days in Porn (a.k.a. 9 to 5: Days in Porn),documentary
69988,Humpday,comedy
70015,Polytechnique,crime drama
70159,Orphan,drama horror mystery thriller
70183,"Ugly Truth, The",comedy drama romance
70206,"Collector, The",crime horror thriller
70208,"Perfect Getaway, A",horror thriller
70286,District 9,mystery sci fi thriller intelligent sci fi
70293,Julie & Julia,comedy drama romance
70301,Obsessed,crime drama thriller
70305,Race to Witch Mountain,adventure children fantasy sci fi thriller
70334,Hannah Montana: The Movie,comedy drama musical romance
70336,G.I. Joe: The Rise of Cobra,action adventure sci fi thriller
70361,12 Rounds,action thriller
70451,Max Manus,action drama war
70492,Winds of the Wasteland,western
70521,Lost in Austen,drama fantasy romance sci fi
70533,Evangelion: 1.0 You Are (Not) Alone (Evangerion shin gekijôban: Jo),action animation sci fi
70545,"Deal, The",comedy
70565,"Goods: Live Hard, Sell Hard, The",comedy
70599,"Time Traveler's Wife, The",drama romance sci fi
70637,I Can't Think Straight,drama romance
70641,Miss March,comedy
70663,"I Love You, Beth Cooper",comedy romance
70687,Paper Heart,comedy documentary drama romance
70697,G-Force,action adventure children fantasy
70703,Christopher Columbus: The Discovery,adventure
70708,Tetro,drama mystery
70728,Bronson,action comedy drama thriller
70862,It Might Get Loud,documentary
70932,My Life in Ruins,comedy
70946,Troll 2,fantasy horror
70984,Taking Woodstock,comedy
70990,If These Walls Could Talk,drama
70994,Halloween II,horror thriller
71033,"Secret in Their Eyes, The (El secreto de sus ojos)",crime drama mystery romance thriller
71057,9,adventure animation sci fi
71106,Frequently Asked Questions About Time Travel,comedy sci fi
71108,"White Ribbon, The (Das weiße Band)",drama mystery
71129,Green Lantern: First Flight,action adventure animation fantasy sci fi
71131,"Most Hated Family in America, The",documentary
71135,Pandorum,horror sci fi thriller
71147,Death of a Cyclist (Muerte de un ciclista),drama
71156,"Men Who Stare at Goats, The",action comedy drama
71160,"Hunt For Gollum, The",action adventure fantasy
71205,Jennifer's Body,comedy horror sci fi thriller
71211,"Informant!, The",comedy crime drama thriller
71248,Extract,comedy
71252,"Final Destination, The (Final Destination 4) (Final Destination in 3-D, The)",horror thriller
71254,Gamer,action sci fi thriller
71264,Cloudy with a Chance of Meatballs,animation children fantasy imax
71268,Tyler Perry's I Can Do Bad All by Myself,comedy drama
71282,"Food, Inc.",documentary
71302,Attack of the 50 Foot Woman,comedy sci fi
71304,Thirst (Bakjwi),drama horror
71327,Bright Star,drama romance
71341,Blood Creek (a.k.a. Town Creek),horror
71379,Paranormal Activity,horror thriller
71429,World's Greatest Dad,comedy drama
71438,Still Walking (Aruitemo aruitemo),drama
71453,"Blood of the Beasts (Sang des bêtes, Le)",documentary drama
71462,"Cove, The",documentary
71464,"Serious Man, A",comedy drama
71466,City Island,comedy drama
71468,Ink,action fantasy sci fi
71484,Metropia,animation sci fi
71494,"Haunted World of El Superbeasto, The",action animation comedy horror thriller narrative pisstake
71500,Trick 'r Treat,comedy horror thriller
71518,Whip It,comedy drama
71520,"Invention of Lying, The",comedy
71530,Surrogates,action sci fi thriller
71535,Zombieland,action comedy horror bill murray dark comedy emma stone funny jesse eisenberg woody harrelson
71550,Assassination of a High School President,comedy drama mystery
71579,"Education, An",drama romance
71619,Coco Before Chanel (Coco avant Chanel),drama
71640,Burma VJ: Reporting from a Closed Country (Burma VJ: Reporter i et lukket land),documentary
71668,Couples Retreat,comedy romance
71732,I Sell the Dead,comedy horror
71745,Where the Wild Things Are,adventure children drama fantasy imax
71810,Legionnaire,action adventure drama war
71823,"New York, I Love You",drama romance
71838,Law Abiding Citizen,drama thriller
71867,"Misfortunates, The (De helaasheid der dingen)",drama
71899,Mary and Max,animation comedy drama bittersweet black comedy character study dark comedy friendship loneliness mental illness philosophical poignant quirky sad sweet touching
71902,Spread,drama romance
71910,"Tournament, The",action
71970,"Princess and the Pirate, The",adventure comedy romance
71999,Aelita: The Queen of Mars (Aelita),action adventure drama fantasy romance sci fi thriller
72011,Up in the Air,drama romance
72104,Balance,animation drama mystery sci fi thriller
72129,Saw VI,crime horror mystery thriller
72142,Love Exposure (Ai No Mukidashi),action comedy drama romance
72165,Cirque du Freak: The Vampire's Assistant,action adventure comedy fantasy horror thriller
72167,"Boondock Saints II: All Saints Day, The",action crime drama thriller
72171,Black Dynamite,action comedy
72178,Welcome to Dongmakgol,comedy drama war
72224,Gentlemen Broncos,comedy bad humor
72226,Fantastic Mr. Fox,adventure animation children comedy crime
72294,"Christmas Carol, A",animation children drama fantasy imax
72308,Battlestar Galactica: The Plan,action adventure drama sci fi
72330,"Private Lives of Pippa Lee, The",drama
72356,Partly Cloudy,animation children comedy fantasy
72378,2012,action drama sci fi thriller
72395,Precious,drama
72405,Bad Lieutenant: Port of Call New Orleans,crime drama
72407,"Twilight Saga: New Moon, The",drama fantasy horror romance thriller
72424,Derailed,action thriller
72479,"Messenger, The",drama romance war
72489,Ninja Assassin,action crime drama thriller
72554,Cell 211 (Celda 211),action drama
72591,"Patriot, The",action thriller
72601,Teenage Mutant Ninja Turtles: Turtles Forever,action adventure animation comedy thriller
72603,Merry Madagascar,animation
72605,Brothers,drama thriller war
72624,Garage,drama
72641,"Blind Side, The",drama
72692,Mickey's Once Upon a Christmas,animation comedy fantasy
72694,Shrink,drama
72696,Old Dogs,comedy
72701,Planet 51,adventure animation children comedy sci fi
72714,Earthlings,documentary
72720,"Single Man, A",drama
72731,"Lovely Bones, The",crime drama fantasy horror thriller
72733,Invictus,drama
72737,"Princess and the Frog, The",animation children fantasy musical romance
72874,"Peacekeeper, The",action
72919,Did You Hear About the Morgans?,comedy crime drama romance
72921,Snow White,fantasy romance
72982,Alice,action adventure fantasy
72998,Avatar,action adventure sci fi imax bad science futuristic graphic design james cameron military poor dialogue sci fi superficial plot unoriginal white guilt beautiful scenery music politics romance thought provoking too long visually stunning
73015,It's Complicated,comedy romance
73017,Sherlock Holmes,action crime mystery thriller
73023,Crazy Heart,drama romance
73042,Alvin and the Chipmunks: The Squeakquel,animation children comedy musical
73106,American Pie Presents: The Book of Love (American Pie 7: The Book of Love),comedy
73160,Sorority Babes in the Slimeball Bowl-O-Rama,comedy horror
73211,Pontypool,horror thriller
73266,Youth in Revolt,comedy drama romance
73268,Daybreakers,action drama horror thriller
73290,Hachiko: A Dog's Story (a.k.a. Hachi: A Dog's Tale),drama
73319,Leap Year,comedy romance
73321,"Book of Eli, The",action adventure drama
73323,"Girl Who Kicked the Hornet's Nest, The (Luftslottet som sprängdes)",action crime mystery
73344,"Prophet, A (Un Prophète)",crime drama
73386,Staten Island,crime drama
73431,"Maiden Heist, The",comedy crime
73488,Blood: The Last Vampire,action horror thriller
73499,MacGyver: Lost Treasure of Atlantis,action adventure
73501,Pekka ja Pätkä Suezilla,comedy
73515,Bart Got a Room,comedy romance
73569,Project A 2 ('A' gai wak juk jap),action comedy crime
73676,Robin-B-Hood (Bo bui gai wak),action comedy drama
73681,"Concert, Le",comedy drama
73741,Ninja,action crime drama thriller
73804,Asterix at the Olympic Games (Astérix aux jeux olympiques),adventure children comedy fantasy
73808,"Chaser, The (Chugyeogja)",crime drama thriller
73822,Meantime,comedy drama
73854,"Rudolph, the Red-Nosed Reindeer",adventure animation children fantasy musical
73858,"Dennis the Menace Christmas, A",comedy
73876,Undisputed II: Last Man Standing,action crime drama
73881,3 Idiots,comedy drama romance
73929,Legion,action fantasy horror thriller
74075,Stan Helsing,comedy horror
74089,Peter Pan,children fantasy musical
74095,Wicked City (Yôjû toshi),animation fantasy horror sci fi
74154,When in Rome,comedy romance
74226,"Dream of Light (a.k.a. Quince Tree Sun, The) (Sol del membrillo, El)",documentary drama
74228,Triangle,drama horror mystery thriller
74275,I Love You Phillip Morris,comedy drama romance
74282,Anne of Green Gables: The Sequel (a.k.a. Anne of Avonlea),children drama romance
74324,Temple Grandin,drama
74342,"Captain Newman, M.D.",comedy drama war
74370,"House of the Devil, The",horror thriller
74450,Valentine's Day,comedy romance
74452,"Wolfman, The",horror thriller
74458,Shutter Island,drama mystery thriller insanity leonardo dicaprio martin scorsese plot twist psychological psychological thriller thought provoking
74508,Persuasion,drama romance
74510,"Girl Who Played with Fire, The (Flickan som lekte med elden)",action crime drama mystery thriller
74530,Percy Jackson & the Olympians: The Lightning Thief,adventure fantasy
74532,Cop Out,action comedy crime
74545,"Ghost Writer, The",drama mystery thriller
74553,"Secret of Kells, The",animation fantasy
74580,"Spy Next Door, The",action children comedy
74624,Agora,adventure drama romance
74647,Motherhood,comedy
74668,District 13: Ultimatum (Banlieue 13 - Ultimatum),action sci fi
74677,"Yes Men Fix the World, The",documentary
74683,Mike Bassett: England Manager,comedy
74685,"Crazies, The",action drama horror sci fi thriller
74688,Dear John,drama romance war
74696,Last Train Home,documentary drama
74698,Tooth Fairy,comedy fantasy
74727,Gentlemen of Fortune (Dzhentlmeny udachi),comedy crime drama mystery
74750,[REC]²,horror thriller
74754,"Room, The",comedy drama romance
74789,Alice in Wonderland,adventure fantasy imax
74791,"Town Called Panic, A (Panique au village)",animation surreal whimsical
74795,Green Zone,action drama thriller war
74851,From Paris with Love,action crime
74868,Dorian Gray,drama horror sci fi
74916,Greenberg,comedy drama
74946,She's Out of My League,comedy
74948,Harry Brown,crime drama thriller
75341,Remember Me,drama romance
75389,"Burrowers, The",horror thriller western
75395,Frozen,drama horror thriller
75416,Generation X,action adventure sci fi
75446,Little Ashes,drama
75803,Our Family Wedding,comedy
75805,"Bounty Hunter, The",action comedy romance
75813,Leaves of Grass,comedy crime drama thriller
75816,Women in Trouble,comedy
75947,Mondo Cane,documentary
75985,Repo Men,action sci fi thriller
76030,Case 39,horror thriller
76054,Oceans (Océans),documentary drama
76060,"Slammin' Salmon, The",comedy
76077,Hot Tub Time Machine,comedy sci fi
76091,Mother (Madeo),crime drama mystery thriller
76093,How to Train Your Dragon,adventure animation children fantasy imax
76143,"Bone Man, The (Der Knochenmann)",crime thriller
76173,Micmacs (Micmacs à tire-larigot),comedy crime
76175,Clash of the Titans,action adventure drama fantasy
76251,Kick-Ass,action comedy
76293,Date Night,action comedy romance
76301,"Emperor's New Groove 2: Kronk's New Groove, The",animation children comedy romance
76738,Steam of Life (Miesten vuoro),documentary
76743,Mortadelo & Filemon: The Big Adventure (La gran aventura de Mortadelo y Filemón),action adventure comedy
76751,American Drug War: The Last White Hope,crime documentary
76763,"Runaways, The",drama musical
77177,Wild China,documentary
77191,Death at a Funeral,comedy
77201,Valhalla Rising,action drama war
77206,Diary of a Wimpy Kid,children comedy
77233,"Union: The Business Behind Getting High, The",comedy documentary
77266,Disgrace,drama
77364,"Losers, The",action adventure drama mystery thriller
77414,"Last Song, The",drama romance
77421,Cyrus,comedy drama romance
77427,"Human Centipede, The (First Sequence)",horror
77455,Exit Through the Gift Shop,comedy documentary
77561,Iron Man 2,action adventure sci fi thriller imax
77667,MacGruber,action comedy
77688,Three Men and a Cradle (3 hommes et un couffin),comedy
77709,"Sky Crawlers, The (Sukai kurora)",adventure animation drama
77795,Cargo,sci fi
77798,"Nightmare on Elm Street, A",fantasy horror thriller
77800,Four Lions,comedy drama
77841,St Trinian's 2: The Legend of Fritton's Gold,adventure comedy
77846,12 Angry Men,crime drama
77866,Robin Hood,action adventure drama romance war
77881,Lovers & Leavers (Kuutamolla),drama romance
77893,Merantau,action drama
77931,Stingray Sam,comedy musical sci fi western
78034,Cemetery Junction,comedy drama romance
78039,Blue Valentine,drama romance
78041,Killers,action comedy
78088,Buried,mystery thriller
78103,Shake Hands with the Devil,drama war
78105,Prince of Persia: The Sands of Time,action adventure fantasy romance imax
78116,Please Give,comedy drama
78142,Baarìa,comedy drama war
78160,Ricky Gervais Live: Animals,comedy
78174,Sex and the City 2,comedy drama romance
78209,Get Him to the Greek,comedy
78218,Unthinkable,drama thriller
78264,"Back-up Plan, The",comedy romance
78266,Splice,horror sci fi thriller
78316,Letters to Juliet,drama romance
78349,Exam,mystery thriller
78467,Jonah Hex,action drama thriller western
78469,"A-Team, The",action comedy thriller
78499,Toy Story 3,adventure animation children comedy fantasy imax
78544,Ricky Gervais Live 3: Fame,comedy
78574,Winter's Bone,drama thriller
78620,"Scalphunters, The",comedy western
78626,Barking Dogs Never Bite (Flandersui gae),comedy horror
78637,Shrek Forever After (a.k.a. Shrek: The Final Chapter),adventure animation children comedy fantasy imax
78703,TiMER,comedy drama fantasy romance
78746,Best Worst Movie,documentary
78772,"Twilight Saga: Eclipse, The",fantasy romance thriller imax
78836,Enter the Void,drama
78893,"Last Airbender, The",action adventure fantasy
78959,Endgame,drama
79006,Empire of Dreams: The Story of the 'Star Wars' Trilogy,documentary
79008,South Park: Imaginationland,animation comedy fantasy
79057,Predators,action sci fi thriller
79073,When You're Strange,documentary
79091,Despicable Me,animation children comedy crime
79132,Inception,action crime drama mystery sci fi thriller imax action alternate reality leonardo dicaprio sci fi thought provoking visually appealing dreamlike surreal big budget clever complicated dead wife great soundtrack heist intellectual mindfuck philosophy psychological psychology suspense cerebral
79134,Grown Ups,comedy
79139,"Sorcerer's Apprentice, The",action adventure children comedy fantasy
79185,Knight and Day,action comedy romance
79224,"Karate Kid, The",action children drama
79242,"Kids Are All Right, The",comedy drama
79251,"Serbian Film, A (Srpski film)",horror thriller
79259,Cherrybomb,drama thriller
79274,Batman: Under the Red Hood,action animation
79293,Salt,action thriller
79299,"No. 1 Ladies' Detective Agency, The",comedy crime mystery
79333,Watch Out for the Automobile (Beregis avtomobilya),comedy crime romance
79357,Mr. Nobody,drama fantasy romance sci fi
79428,Dinner for Schmucks,comedy
79501,Deadly Outlaw: Rekka (a.k.a. Violent Fire) (Jitsuroku Andô Noboru kyôdô-den: Rekka),crime drama thriller
79536,Hellsinki (Rööperi),crime
79553,Ip Man 2,action
79572,Ramona and Beezus,children comedy
79590,"Rebound, The",comedy romance
79592,"Other Guys, The",action comedy
79677,"Two Escobars, The",crime documentary
79684,Paper Man,comedy drama
79695,"Expendables, The",action adventure thriller
79702,Scott Pilgrim vs. the World,action comedy fantasy musical romance geeky michael cera stylized video games
79798,I Killed My Mother (J'ai tué ma mère),drama
79868,Heartless,fantasy horror mystery thriller
79879,Piranha (Piranha 3D),action horror thriller
79895,"Extraordinary Adventures of Adèle Blanc-Sec, The",action adventure fantasy mystery
79897,Get Low,comedy drama mystery
79946,"Joneses, The",comedy drama
80083,Dragon Ball Z: Dead Zone (Doragon bôru Z 1: Ora no Gohan wo kaese),action adventure animation fantasy sci fi
80094,"Last Exorcism, The",horror thriller
80124,Sisters (Syostry),action crime drama
80126,"American, The",drama thriller
80139,Jackass 2.5,comedy documentary
80162,"Horde, The (La Horde)",action horror thriller
80166,"Switch, The",comedy romance
80219,Machete,action adventure comedy crime thriller
80241,Going the Distance,comedy romance
80363,Resident Evil: Afterlife,action horror sci fi thriller imax
80454,Princess (Prinsessa),drama
80463,"Social Network, The",drama good dialogue loneliness witty
80478,"Man Vanishes, A (Ningen Johatsu)",documentary drama mystery
80489,"Town, The",crime drama thriller crime fbi romance too much love interest
80549,Easy A,comedy romance
80551,Eat Pray Love,drama romance
80553,Howl,drama
80572,I'm Still Here,comedy drama
80584,"Patrik Age 1.5 (Patrik 1,5)",comedy drama romance
80586,Flipped,comedy drama romance
80590,Wall Street: Money Never Sleeps,drama
80615,Legend of the Guardians: The Owls of Ga'Hoole,adventure animation fantasy imax
80693,It's Kind of a Funny Story,comedy drama
80727,Middle Men,comedy crime drama
80748,Alice in Wonderland,adventure children fantasy
80831,Let Me In,drama horror mystery
80834,Sintel,animation fantasy adventure animation fantasy
80839,Secretariat,adventure drama
80846,Devil,horror mystery thriller
80858,You Again,comedy
80860,Life as We Know It,comedy romance
80862,Catfish,documentary mystery
80864,You Will Meet a Tall Dark Stranger,comedy romance
80880,Stone,drama thriller
80906,Inside Job,documentary business corruption economics investor corruption politics truth
80917,Monsters,drama sci fi
80969,Never Let Me Go,drama romance sci fi
81018,"Illusionist, The (L'illusionniste)",animation
81087,Luck by Chance,drama
81132,Rubber,action adventure comedy crime drama film noir horror mystery thriller western
81156,Jackass 3D,action comedy documentary
81158,Restrepo,documentary war american idolatry
81191,Waiting for 'Superman',documentary
81229,Red,action comedy
81257,In a Better World (Hævnen),drama
81383,Heartbreaker (L'Arnacoeur),comedy romance
81417,Paranormal Activity 2,horror imax
81456,Heartbeats (Les amours imaginaires),drama romance
81512,Hereafter,drama fantasy
81520,Undisputed III: Redemption,action crime drama
81535,Saw VII 3D - The Final Chapter,horror mystery thriller
81537,Due Date,comedy
81562,127 Hours,adventure drama thriller stranded
81564,Megamind,action animation children comedy sci fi imax
81591,Black Swan,drama thriller alter ego atmospheric creepy horror obsession surreal
81681,I Shot Jesse James,drama romance western
81782,Unstoppable,action drama thriller
81784,Morning Glory,comedy drama romance
81786,Certified Copy (Copie conforme),drama
81788,"Next Three Days, The",crime drama romance thriller
81791,Somewhere,drama
81819,Biutiful,drama
81831,"First Beautiful Thing, The (La prima cosa bella)",comedy drama
81834,Harry Potter and the Deathly Hallows: Part 1,action adventure fantasy imax
81845,"King's Speech, The",drama
81847,Tangled,animation children comedy fantasy musical romance imax
81910,"Art of the Steal, The",documentary
81932,"Fighter, The",drama
81949,"Romantics, The",comedy drama romance
82041,"Loved Ones, The",horror
82053,Casino Jack,comedy crime
82088,Vincent Wants to Sea (Vincent will meer),drama
82093,London Boulevard,crime romance
82095,Skyline,sci fi thriller
82152,Beastly,drama fantasy romance
82167,Love and Other Drugs,comedy drama romance
82169,"Chronicles of Narnia: The Voyage of the Dawn Treader, The",adventure children fantasy
82202,"Tourist, The",drama thriller
82242,Rare Exports: A Christmas Tale (Rare Exports),action comedy male nudity
82366,Hatchet II,comedy horror thriller
82378,All Good Things,drama mystery thriller
82459,True Grit,western atmospheric coen brothers jeff bridges matt damon predictable
82461,Tron: Legacy,action adventure sci fi imax action choreography horrid characterisation poor plot development sequel soundtrack
82499,How Do You Know,comedy drama romance
82527,Barney's Version,drama
82534,"Company Men, The",drama
82641,"One-Armed Swordsman, The (Dubei dao)",action drama
82667,I Saw the Devil (Akmareul boatda),crime thriller
82684,Trash Humpers,drama
82744,Faster,action crime drama
82765,Little Big Soldier (Da bing xiao jiang),action adventure comedy drama war
82767,Rabbit Hole,drama
82848,One Week,comedy
82852,Little Fockers,comedy
82854,Gulliver's Travels,adventure comedy fantasy
82857,Sweetgrass,adventure documentary western
83086,Burlesque,drama musical romance
83132,"Secret World of Arrietty, The (Kari-gurashi no Arietti)",animation children fantasy
83134,Tucker & Dale vs Evil,comedy horror black comedy
83177,Yogi Bear,children comedy
83270,Made in Dagenham,comedy drama
83349,"Green Hornet, The",action comedy crime fantasy thriller imax
83369,"Way Back, The",drama
83374,"Warrior's Way, The",action fantasy western
83480,Season of the Witch,adventure drama fantasy
83601,Amer,drama horror
83613,Cowboys & Aliens,action sci fi thriller western imax
83796,Anything for Her (Pour elle),crime drama thriller
83803,Day & Night,animation children
83827,Marwencol,documentary
83910,"Dilemma, The",comedy drama
83969,Down Argentine Way,comedy drama romance
83976,"Trip, The",comedy drama
84152,Limitless,sci fi thriller
84156,Happy People: A Year in the Taiga,documentary
84187,Evangelion: 2.0 You Can (Not) Advance (Evangerion shin gekijôban: Ha),action animation drama sci fi
84189,I Spit on Your Grave,crime horror thriller
84240,Even the Rain (También la lluvia),drama
84246,It Happened on Fifth Avenue,comedy romance
84273,Zeitgeist: Moving Forward,documentary
84374,No Strings Attached,comedy romance
84392,"Lincoln Lawyer, The",crime drama thriller
84414,All-Star Superman,action adventure animation sci fi
84512,Girls About Town,comedy
84523,Kill! (Kiru),action comedy drama
84553,Pekka ja Pätkä salapoliiseina,comedy
84601,Unknown,drama mystery thriller
84615,Cedar Rapids,comedy
84637,Gnomeo & Juliet,adventure animation children comedy fantasy romance
84696,Burke and Hare,comedy thriller
84716,Castaway on the Moon (Kimssi pyoryugi),comedy drama romance
84772,Paul,adventure comedy sci fi
84799,"Asphyx, The",horror sci fi
84844,Brother 2 (Brat 2),crime drama
84847,Emma,comedy drama romance
84942,Drive Angry,action fantasy thriller
84944,Rango,action adventure animation children comedy western
84950,Take Me Home Tonight,comedy drama
84952,Confessions (Kokuhaku),drama horror
84954,"Adjustment Bureau, The",romance sci fi thriller
85020,"Mechanic, The",action drama thriller
85022,Hall Pass,comedy
85025,"Eagle, The",adventure drama
85056,I Am Number Four,action sci fi thriller imax
85131,Battle: Los Angeles,action sci fi war
85179,Summer Wars (Samâ wôzu),adventure animation comedy sci fi
85213,"Sunset Limited, The",drama
85259,Winnie the Pooh and the Honey Tree,animation children
85261,Mars Needs Moms,action adventure animation children comedy sci fi imax
85295,Scooby-Doo! Curse of the Lake Monster,adventure children comedy mystery
85316,Winnie the Pooh and Tigger Too,animation children
85334,Hard Ticket to Hawaii,action comedy
85342,Elite Squad: The Enemy Within (Tropa de Elite 2 - O Inimigo Agora É Outro),action crime drama
85354,Mesrine: Public Enemy #1 (L'ennemi public n°1),action crime
85367,Just Go with It,comedy romance
85394,Cave of Forgotten Dreams,documentary
85397,Red Riding Hood,fantasy horror mystery thriller
85399,"Big Mommas: Like Father, Like Son",comedy
85401,Super,action comedy drama
85412,"Troll Hunter, The (Trolljegeren)",fantasy horror
85414,Source Code,action drama mystery sci fi thriller
85438,Jane Eyre,drama romance
85510,Sucker Punch,action fantasy thriller imax
85565,Chalet Girl,comedy romance comedy
85736,BURN-E,adventure animation children sci fi
85774,Senna,documentary
85780,Family Guy Presents: It's a Trap,animation comedy sci fi
85788,Insidious,fantasy horror thriller
85796,Hobo with a Shotgun,action adventure crime thriller
85881,Win Win,comedy drama
85885,Room in Rome (Habitación en Roma),drama romance
86000,Boy,comedy drama
86014,Diary of a Wimpy Kid: Rodrick Rules,comedy
86028,Henry's Crime,comedy crime
86059,Hop,animation children comedy
86066,Playing the Victim (Izobrazhaya zhertvu),comedy
86068,Films to Keep You Awake: The Christmas Tale (Películas para no dormir: Cuento de navidad),horror thriller
86142,13 Assassins (Jûsan-nin no shikaku),action
86190,Hanna,action adventure mystery thriller
86237,Connections,documentary
86279,Into Eternity,documentary
86286,Daffy Duck's Quackbusters,animation children comedy horror
86290,American: The Bill Hicks Story,comedy documentary
86293,Arthur,comedy
86295,Scream 4,comedy horror mystery thriller
86298,Rio,adventure animation children comedy
86320,Melancholia,drama sci fi
86332,Thor,action adventure drama fantasy imax
86345,Louis C.K.: Hilarious,comedy
86347,Louis C.K.: Chewed Up,comedy
86355,Atlas Shrugged: Part 1,drama mystery sci fi
86377,Louis C.K.: Shameless,comedy
86487,Mildred Pierce,drama
86504,Voices from the List,documentary
86548,Water for Elephants,drama romance
86593,African Cats,adventure documentary
86628,Kill the Irishman,action crime
86644,"Fast Five (Fast and the Furious 5, The)",action crime drama thriller imax
86668,Louis Theroux: Law & Disorder,documentary
86721,Idiots and Angels,animation drama fantasy
86781,Incendies,drama mystery war
86815,Soul Surfer,action drama
86817,Something Borrowed,comedy drama romance
86833,Bridesmaids,comedy
86835,Priest,action horror sci fi thriller
86864,Mothra (Mosura),adventure fantasy sci fi
86880,Pirates of the Caribbean: On Stranger Tides,action adventure fantasy imax
86882,Midnight in Paris,comedy fantasy romance
86892,The Man from Nowhere,action crime thriller
86898,"Tree of Life, The",drama
86911,"Hangover Part II, The",comedy
86922,Nothing to Declare (Rien à déclarer),comedy
86960,Across the Hall,thriller
87028,"Roommate, The",drama thriller
87192,Attack the Block,action comedy sci fi
87194,The Way,adventure comedy drama
87197,Let the Bullets Fly,action comedy
87222,Kung Fu Panda 2,action adventure animation children comedy imax
87232,X-Men: First Class,action adventure sci fi thriller war
87234,Submarine,comedy drama romance
87287,American Grindhouse,documentary
87298,Everything Must Go,comedy drama
87304,Beginners,drama
87306,Super 8,mystery sci fi thriller imax
87413,Bernie,comedy drama
87430,Green Lantern,action adventure sci fi audience intelligence underestimated cgi cheesy comic book dc dc comics ryan reynolds space superhero
87444,Elektra Luxx,comedy
87483,Mr. Popper's Penguins,comedy
87485,Bad Teacher,comedy
87520,Transformers: Dark of the Moon,action adventure sci fi war imax
87522,Larry Crowne,comedy drama romance
87529,Your Highness,action adventure comedy fantasy
87660,Too Big to Fail,drama
87785,Takers,action crime thriller
87834,My Life as McDull (Mak dau goo si),animation comedy drama
87867,Zookeeper,comedy
87869,Horrible Bosses,comedy crime
87876,Cars 2,adventure animation children comedy imax
87960,Between the Folds,documentary
88069,Delhi Belly,comedy crime
88094,Upside Down: The Creation Records Story,documentary britpop indie record label music
88108,Monte Carlo,adventure comedy romance
88125,Harry Potter and the Deathly Hallows: Part 2,action adventure drama fantasy mystery imax
88129,Drive,crime drama film noir thriller
88140,Captain America: The First Avenger,action adventure sci fi thriller war
88163,"Crazy, Stupid, Love.",comedy drama romance
88179,One Day,drama romance
88235,"Guard, The",comedy crime
88267,Winnie the Pooh,animation children comedy
88272,"Woman, The",horror
88327,"New One-Armed Swordsman, The (Xin du bi dao)",action drama war
88345,Mike's New Car,animation comedy
88356,"Smurfs, The",animation children comedy
88405,Friends with Benefits,comedy romance comedy funny happy ending hot actress justin timberlake mila kunis new york city romance sex
88448,Paper Birds (Pájaros de papel),comedy drama
88515,Blitz,action crime thriller
88593,"Yellow Sea, The (a.k.a. The Murderer) (Hwanghae)",crime drama thriller
88672,Our Idiot Brother,comedy
88697,SUBWAYStories: Tales from the Underground,drama
88699,Death Race 2,action sci fi thriller
88744,Rise of the Planet of the Apes,action drama sci fi thriller
88746,Terri,comedy
88785,"Change-Up, The",comedy
88810,"Help, The",drama
88812,30 Minutes or Less,action comedy crime
88911,My Afternoons with Margueritte (La tête en friche),comedy
88932,Final Destination 5,horror thriller imax
88954,"Very Harold & Kumar 3D Christmas, A",comedy
89028,Don't Be Afraid of the Dark,horror thriller
89030,Fright Night,comedy horror
89039,Another Earth,drama romance sci fi
89047,Hesher,drama
89072,Stake Land,horror
89085,"Debt, The",drama thriller
89087,Colombiana,action adventure drama thriller
89090,Bill Cunningham New York,documentary
89118,"Skin I Live In, The (La piel que habito)",drama
89190,Conan the Barbarian,action adventure fantasy
89208,Walled In,horror thriller
89281,Birdemic: Shock and Terror,romance thriller
89305,"Inbetweeners Movie, The",adventure comedy
89343,Red State,action crime horror thriller
89386,Pearl Jam Twenty,documentary musical
89388,I Don't Know How She Does It,comedy
89427,Shark Night 3D,horror thriller
89470,Contagion,sci fi thriller imax
89492,Moneyball,drama
89580,Neds,drama
89582,Cold Fish (Tsumetai nettaigyo),drama thriller
89586,Phineas and Ferb the Movie: Across the 2nd Dimension,adventure animation children
89678,Northanger Abbey,drama romance
89745,"Avengers, The",action adventure sci fi imax captain america silly superhero superhero team fun great humor visually appealing
89753,Tinker Tailor Soldier Spy,drama film noir thriller
89759,"Separation, A (Jodaeiye Nader az Simin)",drama
89761,"Dangerous Method, A",drama thriller
89774,Warrior,drama boxing story mma tom hardy
89804,"Ides of March, The",drama
89837,Kill List,horror mystery thriller
89840,Killer Elite,action thriller
89862,Bellflower,action drama romance
89864,50/50,comedy drama
89898,Generation P,comedy drama sci fi
89904,The Artist,comedy drama romance
89939,Gigi,comedy
89945,BlinkyTM,horror sci fi
90057,Take Shelter,drama
90243,Three Outlaw Samurai (Sanbiki no samurai),action drama
90245,Antonio Gaudí,documentary
90249,Real Steel,action drama sci fi imax
90343,Footloose,comedy drama musical
90345,"Thing, The",horror mystery sci fi thriller
90353,Beautiful Boy,drama
90357,Tyrannosaur,drama
90374,Martha Marcy May Marlene,drama thriller
90376,We Need to Talk About Kevin,drama thriller
90384,Behind Enemy Lines II: Axis of Evil,action thriller war
90403,"Three Musketeers, The",action adventure
90405,In Time,crime sci fi thriller
90428,Margaret,drama
90430,Carnage,comedy drama
90439,Margin Call,drama thriller bank big corporations business corruption financial crisis kevin spacey realistic suspense wall street
90469,Paranormal Activity 3,horror
90471,Puncture,drama
90522,Johnny English Reborn,adventure comedy thriller
90524,Abduction,action drama mystery thriller
90528,This Must Be the Place,crime drama thriller
90531,Shame,drama
90576,What's Your Number?,comedy romance
90600,Headhunters (Hodejegerne),action crime thriller
90603,Batman: Year One,action animation crime
90630,Miss Representation,documentary
90647,Puss in Boots,adventure animation comedy fantasy imax
90717,Tower Heist,action comedy crime
90719,J. Edgar,drama
90738,"Double, The",action crime drama mystery thriller
90746,"Adventures of Tintin, The",action animation mystery imax
90769,Starsuckers,documentary celebrity fetishism mediacentralism system holism
90809,Tomboy,drama
90863,George Harrison: Living in the Material World,documentary
90866,Hugo,children drama mystery
90888,Immortals,action drama fantasy
90890,Jack and Jill,comedy
90943,Into the Abyss,documentary
90945,"Sign of Four, The",adventure crime drama
91077,"Descendants, The",comedy drama
91079,Like Crazy,drama romance
91094,"Muppets, The",children comedy musical
91104,"Twilight Saga: Breaking Dawn - Part 1, The",adventure drama fantasy romance
91126,War Horse,drama war
91128,"Rum Diary, The",comedy drama thriller
91233,Lifted,animation comedy sci fi
91261,Hipsters (Stilyagi),drama musical romance
91266,Another Cinderella Story,children comedy musical romance
91273,Bunraku,action drama fantasy
91323,"Sitter, The",comedy
91325,Extremely Loud and Incredibly Close,drama
91337,Play the Game,comedy romance
91353,Asterix in America (a.k.a Asterix Conquers America) (Astérix et les Indiens),adventure animation children comedy
91355,Asterix and the Vikings (Astérix et les Vikings),adventure animation children comedy fantasy
91386,Happy Feet Two,animation children comedy imax
91414,Arthur Christmas,animation children comedy drama
91470,Violet & Daisy,action drama
91483,Bullet to the Head,action crime film noir
91485,"Expendables 2, The",action adventure
91488,"Snowman, The",animation children musical
91500,The Hunger Games,action adventure drama sci fi thriller ending
91529,"Dark Knight Rises, The",action adventure crime imax anne hathaway christian bale christopher nolan comic book great ending morgan freeman political commentary superhero
91535,"Bourne Legacy, The",action adventure drama thriller imax
91542,Sherlock Holmes: A Game of Shadows,action adventure comedy crime mystery thriller
91571,Coriolanus,drama thriller
91622,Young Adult,comedy drama
91628,New Year's Eve,comedy romance
91630,Mission: Impossible - Ghost Protocol,action adventure thriller imax
91653,We Bought a Zoo,comedy drama
91658,"Girl with the Dragon Tattoo, The",drama thriller
91660,"Darkest Hour, The",action horror sci fi thriller
91666,Last Holiday,comedy drama romance
91671,Alvin and the Chipmunks: Chipwrecked,animation comedy
91688,Salvation Boulevard,comedy thriller
91690,Friends with Kids,comedy
91784,Girl Walks Into a Bar,comedy drama fantasy
91842,Contraband,action crime drama thriller
91860,"Way South, The (De weg naar het zuiden)",documentary
91869,Being Elmo: A Puppeteer's Journey,documentary
91873,Joyful Noise,comedy musical
91890,"Iron Lady, The",drama
91935,Albatross,drama
91947,"Revenant, The",comedy horror
91974,Underworld: Awakening,action fantasy horror imax
91976,"Grey, The",action drama
91978,Man on a Ledge,crime thriller
91981,Sacrifice (Zhao shi gu er),drama
92008,Haywire,action thriller
92046,Contact High,comedy
92048,"Whistleblower, The",drama thriller
92094,Einstein and Eddington,drama
92192,Apollo 18,horror sci fi thriller
92198,Seeking Justice,action drama thriller
92234,Red Tails,action adventure drama war
92243,"Flowers of War, The (Jin líng shí san chai)",drama war
92259,Intouchables,comedy drama emotional sexuality
92264,One for the Money,action comedy crime
92309,"Innkeepers, The",horror thriller
92348,Puss in Boots (Nagagutsu o haita neko),adventure animation children comedy fantasy romance
92391,Grave Encounters,horror
92420,Chronicle,action sci fi thriller
92422,"Woman in Black, The",drama horror thriller
92427,Woman in Love (Rubbeldiekatz),comedy
92439,"Art of Getting By, The",drama romance
92475,All Watched Over by Machines of Loving Grace,documentary
92494,Dylan Moran: Monster,comedy documentary
92507,Safe House,action crime mystery thriller
92509,"Vow, The",drama romance
92535,Louis C.K.: Live at the Beacon Theater,comedy
92637,Pitfall (Otoshiana),crime drama fantasy
92643,Monsieur Lazhar,children comedy drama
92665,"For a Good Time, Call...",comedy drama romance
92674,Janie Jones,drama musical
92681,Journey 2: The Mysterious Island,action adventure comedy sci fi imax
92694,Perfect Sense,drama romance sci fi
92730,Rollo and the Woods Sprite (Rölli ja metsänhenki),children fantasy
92760,"Atomic Brain, The",horror sci fi
92938,Ghost Rider: Spirit of Vengeance,action fantasy thriller
92954,Prayers for Bobby,drama
93006,"Very Potter Musical, A",comedy musical
93008,"Very Potter Sequel, A",comedy musical
93022,Miss Nobody,comedy crime
93040,"Civil War, The",documentary war
93114,Ro.Go.Pa.G.,comedy drama
93134,"Women on the 6th Floor, The (Les Femmes du 6ème Étage)",comedy
93139,Mega Shark vs. Crocosaurus,action adventure horror
93193,Red Hill,crime thriller western
93208,Mickey's The Prince and the Pauper,animation children
93242,Gone,drama thriller
93270,Project X,comedy
93272,Dr. Seuss' The Lorax,animation fantasy musical imax
93287,"Big Year, The",comedy
93297,Act of Valor,action thriller war
93320,Trailer Park Boys,comedy crime
93326,This Means War,action comedy romance
93363,John Carter,action adventure sci fi imax
93443,Goon,comedy drama
93502,"Ledge, The",drama thriller
93510,21 Jump Street,action comedy crime
93512,"Jeff, Who Lives at Home",comedy drama
93563,Lockout,action sci fi thriller
93598,"Snowtown (Snowtown Murders, The)",crime drama thriller
93610,Space Battleship Yamato,action adventure drama
93721,Jiro Dreams of Sushi,documentary
93723,Damsels in Distress,comedy romance
93740,Salmon Fishing in the Yemen,comedy drama romance
93766,Wrath of the Titans,action adventure fantasy imax
93790,Detachment,drama
93805,Iron Sky,action comedy sci fi
93819,Absentia,horror
93831,American Reunion (American Pie 4),comedy
93838,The Raid: Redemption,action crime
93840,"Cabin in the Woods, The",comedy horror sci fi thriller
93855,God Bless America,comedy drama
93980,"Three Stooges, The",comedy
93982,"Raven, The",mystery thriller
93988,North & South,drama romance
94011,"Big Bang, The",action thriller
94015,Mirror Mirror,adventure comedy fantasy
94018,Battleship,action sci fi thriller imax
94070,"Best Exotic Marigold Hotel, The",comedy drama
94122,Comic-Con Episode IV: A Fan's Hope,documentary
94130,Bully,documentary
94150,Hysteria,comedy romance
94160,Dante's Inferno: An Animated Epic,action animation fantasy
94262,"Atomic Submarine, The",sci fi thriller
94266,"Five-Year Engagement, The",comedy romance
94323,Think Like a Man,comedy
94325,"Lucky One, The",drama
94405,Safe,action crime thriller
94478,Dark Shadows,comedy horror imax
94494,96 Minutes,drama thriller
94503,"Decoy Bride, The",comedy romance
94661,Rocket Singh: Salesman of the Year,comedy drama
94677,"Dictator, The",comedy
94735,Walking with Monsters,documentary
94777,Men in Black III (M.III.B.) (M.I.B.³),action comedy sci fi imax
94780,Snow White and the Huntsman,action adventure drama
94799,Sound of My Voice,drama mystery sci fi
94810,Eva,drama fantasy sci fi
94833,"Pirates! Band of Misfits, The",adventure animation children comedy
94864,Prometheus,action horror sci fi imax
94867,"Pact, The",horror mystery thriller
94896,Bernie,comedy crime drama
94919,Inhale,drama thriller
94931,Take This Waltz,drama romance
94953,Wanderlust,comedy
94959,Moonrise Kingdom,comedy drama romance quirky
94985,Get the Gringo,action crime drama thriller
95004,Superman/Doomsday,action animation
95067,"Thousand Words, A",comedy drama interesting scenario
95088,Safety Not Guaranteed,comedy drama
95105,Madagascar 3: Europe's Most Wanted,adventure animation children comedy imax
95135,Your Sister's Sister,comedy drama
95145,Dragon Ball: The Curse Of The Blood Rubies (Doragon bôru: Shenron no densetsu),action adventure animation children
95147,Dragon Ball: Sleeping Princess in Devil's Castle (Doragon bôru: Majinjô no nemuri hime),action adventure animation children
95149,Superman/Batman: Public Enemies,action animation fantasy
95163,Dragon Ball: Mystical Adventure (Doragon bôru: Makafushigi dai bôken),action adventure animation children
95165,Dragon Ball Z the Movie: The World's Strongest (a.k.a. Dragon Ball Z: The Strongest Guy in The World) (Doragon bôru Z: Kono yo de ichiban tsuyoi yatsu),action adventure animation sci fi thriller
95167,Brave,action adventure animation children
95170,Beauty and the Beast: The Enchanted Christmas,animation children fantasy musical
95175,Front of the Class,drama
95182,Dragon Ball Z the Movie: The Tree of Might (Doragon bôru Z 3: Chikyû marugoto chô kessen),action adventure animation sci fi
95193,Pocahontas II: Journey to a New World,adventure animation children
95199,What to Expect When You're Expecting,comedy drama romance
95201,To Rome with Love,comedy
95207,Abraham Lincoln: Vampire Hunter,action fantasy horror thriller
95218,First Position,documentary
95307,Rock of Ages,comedy drama musical imax
95309,Seeking a Friend for the End of the World,comedy drama romance
95311,Presto,animation children comedy fantasy
95313,Jack-Jack Attack,adventure animation children comedy
95377,One Man Band,animation comedy musical
95441,Ted,comedy fantasy crude humor
95449,Magic Mike,drama romance
95473,Dragon Ball Z: The Return of Cooler (Doragon bôru Z 6: Gekitotsu! Hyakuoku pawâ no senshi),action adventure animation
95475,Dragon Ball Z: Cooler's Revenge (Doragon bôru Z 5: Tobikkiri no saikyô tai saikyô),action adventure animation
95497,Dragon Ball Z: Super Android 13! (Doragon bôru Z 7: Kyokugen batoru!! San dai sûpâ saiyajin),action adventure animation
95499,Dragon Ball Z: Broly - The Legendary Super Saiyan (Doragon bôru Z 8: Moetsukiro!! Nessen retsusen-chô gekisen),action adventure animation
95508,Cleanskin,crime drama thriller
95510,"Amazing Spider-Man, The",action adventure sci fi imax
95519,Dragon Ball Z: Bojack Unbound (Doragon bôru Z 9: Ginga girigiri!! Butchigiri no sugoi yatsu),action adventure animation fantasy
95543,Ice Age 4: Continental Drift,adventure animation comedy
95558,Beasts of the Southern Wild,drama fantasy beautiful emotional poetic
95583,Savages,crime drama thriller
95624,"Firm, The",drama
95633,Spirit Camp,horror
95654,Geri's Game,animation children
95690,Some Guy Who Kills People,comedy thriller
95717,Treasure Island,adventure
95720,"Watch, The",comedy sci fi
95738,"Adventures of Mary-Kate and Ashley, The: The Case of the Christmas Caper",children musical mystery
95744,2 Days in New York,comedy
95761,Killer Joe,crime thriller
95771,Dragon Ball Z: Broly Second Coming (Doragon bôru Z 10: Kiken na futari! Sûpâ senshi wa nemurenai),action adventure animation
95780,Dragon Ball Z: Bio-Broly (Doragon bôru Z 11: Sûpâ senshi gekiha! Katsu no wa ore da),action adventure animation
95796,Anaconda: The Offspring,action horror sci fi thriller
95839,"Christmas Carol, A",drama fantasy
95843,Goodbye Charlie,comedy fantasy romance
95858,For the Birds,animation children comedy
95873,Ruby Sparks,comedy fantasy romance
95875,Total Recall,action sci fi thriller
95939,"Angels' Share, The",comedy drama
95949,"Immature, The (Immaturi)",comedy
95965,Dragon Ball Z: Bardock - The Father of Goku (Doragon bôru Z: Tatta hitori no saishuu kessen - Furiiza ni itonda Z senshi Kakarotto no chichi),action adventure animation
96004,Dragon Ball Z: The History of Trunks (Doragon bôru Z: Zetsubô e no hankô!! Nokosareta chô senshi - Gohan to Torankusu),action adventure animation
96007,Dragon Ball GT: A Hero's Legacy (Doragon bôru GT: Gokû gaiden! Yûki no akashi wa sû-shin-chû),action adventure animation
96020,Sidewalls (Medianeras),drama
96079,Skyfall,action adventure thriller imax beautiful cinematography beautifully filmed cinematography
96084,Hands Over the City (Le mani sulla città),drama city politics italy political right versus left
96110,"Campaign, The",comedy
96114,Brake,crime thriller
96121,Hope Springs,comedy drama
96150,"Queen of Versailles, The",documentary
96281,ParaNorman,adventure animation comedy
96283,Diary of a Wimpy Kid: Dog Days,children comedy
96373,Broken,drama
96411,6 Days to Air: The Making of South Park,documentary
96417,Premium Rush,action thriller
96430,"Odd Life of Timothy Green, The",comedy drama fantasy
96432,Lawless,crime drama
96448,Piranha 3DD (a.k.a. Piranha DD),comedy horror
96471,Prime Suspect 3,crime drama mystery
96488,Searching for Sugar Man,documentary
96518,Prime Suspect 6: The Last Witness,drama thriller
96520,Prime Suspect: The Lost Child,drama mystery
96530,Conception,comedy romance
96563,Paradise Lost 3: Purgatory,documentary
96567,"Words, The",drama romance
96588,Pitch Perfect,comedy musical
96606,Samsara,documentary
96608,Runaway Brain,animation comedy sci fi
96610,Looper,action crime sci fi
96616,That's My Boy,comedy
96655,Robot & Frank,comedy drama sci fi
96691,Resident Evil: Retribution,action horror sci fi imax
96726,Lola Versus,comedy romance
96728,"Master, The",drama
96737,Dredd,action sci fi
96811,End of Watch,crime drama thriller
96815,V/H/S,horror thriller
96821,"Perks of Being a Wallflower, The",drama romance
96829,"Hunt, The (Jagten)",drama
96832,Holy Motors,drama fantasy musical mystery sci fi
96861,Taken 2,action crime drama thriller istanbul liam neeson predictable turkey unnecessary sequel
96917,House at the End of the Street,horror thriller
96935,My Left Eye Sees Ghosts (Ngo joh aan gin diy gwai),comedy fantasy romance
96945,Love Lasts Three Years (L'amour dure trois ans),comedy drama romance
96964,"Tall Man, The",crime drama mystery
96975,LOL,comedy drama romance
97024,Rust and Bone (De rouille et d'os),drama romance
97168,Marley,documentary
97172,Frankenweenie,animation comedy horror imax
97188,Sinister,horror thriller
97194,"Thing: Terror Takes Shape, The",documentary
97225,Hotel Transylvania,animation children comedy
97230,Side by Side,documentary
97285,Take Aim at the Police Van (Sono gosôsha wo nerae: 'Jûsangô taihisen' yori),action crime mystery
97304,Argo,drama thriller cia politics thrilling
97306,Seven Psychopaths,comedy crime
97328,Liberal Arts,comedy drama
97470,Catch .44,action drama thriller
97643,[REC]³ 3 Génesis,horror thriller
97665,Asterix & Obelix: God Save Britannia (Astérix et Obélix: Au service de Sa Majesté),adventure comedy
97701,Paranormal Activity 4,horror imax
97742,Alex Cross,action crime mystery thriller
97752,Cloud Atlas,drama sci fi imax
97757,'Hellboy': The Seeds of Creation,action adventure comedy documentary fantasy
97785,Silent Hill: Revelation 3D,horror mystery thriller
97836,Here Comes the Boom,action comedy
97858,Mental,comedy drama
97860,Killing Them Softly,crime drama thriller
97866,"Imposter, The",documentary
97870,"Sessions, The (Surrogate, The)",drama
97904,Smashed,comedy drama
97913,Wreck-It Ralph,animation comedy
97921,Silver Linings Playbook,comedy drama
97923,Flight,drama
97936,Anna Karenina,drama
97938,Life of Pi,adventure drama imax cinematography india surreal
97950,"Man with the Iron Fists, The",action adventure crime
97988,"Bay, The",horror sci fi thriller
98061,Himizu,children crime drama
98083,Jackass 3.5,comedy documentary
98122,Indie Game: The Movie,documentary
98124,"Batman: The Dark Knight Returns, Part 1",action animation sci fi
98154,Lincoln,drama war
98160,Nature Calls,comedy
98175,Vamps,comedy horror romance
98203,"Twilight Saga: Breaking Dawn - Part 2, The",adventure drama fantasy romance imax
98230,10 Years,comedy drama romance
98239,Red Dawn,action war
98243,Rise of the Guardians,adventure animation children fantasy imax
98279,"Fantastic Fear of Everything, A",comedy
98296,Deadfall,crime drama thriller
98361,Byzantium,drama fantasy thriller
98491,Paperman,animation comedy romance
98499,"Fearless Hyena, The (Xiao quan guai zhao)",action comedy
98503,Half a Loaf of Kung Fu (Dian zhi gong fu gan chian chan),action comedy
98585,Hitchcock,drama
98604,From Up on Poppy Hill (Kokuriko-zaka kara),animation drama romance
98607,Redline,action animation sci fi
98623,Winners and Sinners (Qi mou miao ji: Wu fu xing),action comedy crime
98633,My Lucky Stars (Fuk sing go jiu),action comedy
98697,"Money Money Money (L'aventure, c'est l'aventure)",adventure comedy
98799,"Liar's Autobiography: The Untrue Story of Monty Python's Graham Chapman, A",animation comedy
98809,"Hobbit: An Unexpected Journey, The",adventure fantasy imax action myth
98836,Hyde Park on Hudson,comedy drama
98908,How to Make Love to a Woman,comedy romance
98961,Zero Dark Thirty,action drama thriller afghanistan american propaganda assassination military terrorism
99005,Fire with Fire,action crime drama
99007,Warm Bodies,comedy horror romance
99030,Wrong,comedy drama
99087,Playing for Keeps,comedy romance
99106,"Guilt Trip, The",comedy
99112,Jack Reacher,action crime thriller
99114,Django Unchained,action drama western action christoph waltz funny good soundtrack great performances humour leonardo dicaprio quentin tarantino samuel l jackson soundtrack western
99117,This Is 40,drama
99122,I Bought a Vampire Motorcycle,comedy horror
99130,Ice Cream Man,comedy horror
99145,"Impossible, The (Imposible, Lo)",drama thriller
99149,"Misérables, Les",drama musical romance imax
99191,Campfire Tales,horror
99415,Parental Guidance,comedy
99437,John Dies at the End,comedy fantasy horror
99532,"Misérables, Les",drama romance
99574,Promised Land,drama
99636,English Vinglish,comedy drama
99638,Fish Story (Fisshu sutôrî),comedy
99721,Texas Chainsaw 3D,horror mystery thriller
99728,Gangster Squad,action crime drama
99750,"Iceman, The",crime drama thriller
99764,It's Such a Beautiful Day,animation comedy drama fantasy sci fi moving philosopical surreal weird
99813,"Batman: The Dark Knight Returns, Part 2",action animation
99846,Everything or Nothing: The Untold Story of 007,documentary
99853,Codependent Lesbian Space Alien Seeks Same,comedy romance sci fi
99910,"Last Stand, The",action crime thriller
99917,Upstream Color,romance sci fi thriller artistic artsy atmospheric beautiful dreamlike existentialism
99992,Shadow Dancer,crime drama thriller
100044,Human Planet,documentary
100068,Comme un chef,comedy
100083,Movie 43,comedy embarassing scenes offensive r language sarcasm satire
100106,"Pervert's Guide to Ideology, The",documentary
100159,Sightseers,comedy
100163,Hansel & Gretel: Witch Hunters,action fantasy horror imax
100194,Jim Jefferies: Fully Functional (EPIX),comedy
100226,Why Stop Now,comedy drama
100277,Tabu,drama romance
100302,Upside Down,drama romance sci fi
100304,"Liability, The",action thriller
100306,Angst,drama horror
100326,Stand Up Guys,comedy crime
100383,Side Effects,crime drama mystery thriller
100390,Identity Thief,comedy crime
100397,"ABCs of Death, The",horror
100487,Beautiful Creatures,drama fantasy romance
100498,"Good Day to Die Hard, A",action crime thriller imax
100507,21 and Over,comedy
100527,Safe Haven,drama mystery romance
100553,Frozen Planet,documentary
100556,"Act of Killing, The",documentary
100579,Universal Soldier: Day of Reckoning,action sci fi thriller
100611,Escape from Planet Earth,adventure animation comedy sci fi
100714,Before Midnight,drama romance
100737,Snitch,action drama thriller
100810,Dark Skies,horror sci fi thriller
100843,Oh Boy (A Coffee in Berlin),comedy drama
100882,Journey to the West: Conquering the Demons (Daai wa sai you chi Chui mo chun kei),adventure comedy fantasy romance imax
100906,Maniac Cop 2,action horror thriller
101025,Jack the Giant Slayer,adventure fantasy imax
101070,Wadjda,drama
101072,"Unintentional Kidnapping of Mrs. Elfriede Ott, The (Die Unabsichtliche Entführung der Frau Elfriede Ott)",comedy
101074,"Legend of Sleepy Hollow, The",animation comedy horror musical
101076,G.I. Joe: Retaliation,action adventure sci fi thriller imax
101088,Stoker,drama mystery thriller
101112,Oz the Great and Powerful,action adventure fantasy imax
101142,"Croods, The",adventure animation comedy animation funny stone age
101283,"Incredible Burt Wonderstone, The",comedy
101360,"Call, The",drama thriller
101362,Olympus Has Fallen,action thriller
101415,"First Time, The",comedy drama romance
101423,Mezzo Forte,action animation comedy
101525,"Place Beyond the Pines, The",crime drama
101529,"Brass Teapot, The",comedy fantasy thriller
101531,Phil Spector,drama
101577,"Host, The",action adventure romance
101612,Admission,comedy romance
101739,Evil Dead,horror
101741,Trance,crime thriller
101765,"Perfect Plan, A (Plan parfait, Un)",adventure comedy romance
101864,Oblivion,action adventure sci fi imax
101884,Dark Tide,adventure drama thriller
101895,42,drama
101962,Wolf Children (Okami kodomo no ame to yuki),animation fantasy
101973,Disconnect,drama thriller
102007,"Invincible Iron Man, The",animation animation
102025,Yongary: Monster from the Deep,children horror sci fi
102033,Pain & Gain,action comedy crime
102058,Hulk Vs.,animation
102066,Resolution,horror thriller
102070,Grabbers,comedy horror sci fi
102084,Justice League: Doom,action animation fantasy
102088,"Grandmaster, The (Yi dai zong shi)",action drama imax
102123,This Is the End,action comedy
102125,Iron Man 3,action sci fi thriller imax
102165,"English Teacher, The",comedy drama
102194,Mud,adventure crime drama
102217,Bill Hicks: Revelations,comedy
102278,Pawn,crime thriller
102338,Shaolin Temple (Shao Lin si),action adventure drama
102378,Syrup,comedy drama
102407,"Great Gatsby, The",drama
102445,Star Trek Into Darkness,action adventure sci fi imax
102481,"Internship, The",comedy
102590,Darkon,documentary fantasy
102602,Mimino,comedy
102666,Ivan Vasilievich: Back to the Future (Ivan Vasilievich menyaet professiyu),adventure comedy
102684,Only God Forgives,drama thriller
102686,"Hangover Part III, The",comedy
102716,"Fast & Furious 6 (Fast and the Furious 6, The)",action crime thriller imax
102720,Epic,adventure animation fantasy
102735,Captain America,action drama
102742,Tie Xi Qu: West of the Tracks (Tiexi qu),documentary
102747,"Rink, The",comedy
102749,Captain America II: Death Too Soon,action crime
102760,Down Terrace,comedy crime drama
102800,Frances Ha,comedy drama
102802,"Lords of Salem, The",horror thriller
102819,Behind the Candelabra,drama
102823,As I Was Moving Ahead Occasionally I Saw Brief Glimpses of Beauty,documentary
102852,With Great Power: The Stan Lee Story,documentary
102880,After Earth,action adventure sci fi imax
102903,Now You See Me,crime mystery thriller illusions overcomplicated predictable stupid ending
102984,Inhuman Resources (Redd Inc.),horror thriller
102993,"Way, Way Back, The",comedy drama
103027,Much Ado About Nothing,comedy drama romance
103042,Man of Steel,action adventure fantasy sci fi imax amy adams superhero
103048,"Kings of Summer, The",comedy
103075,"Purge, The",crime horror thriller
103085,Rapture-Palooza,comedy fantasy
103107,20 Feet from Stardom (Twenty Feet from Stardom),documentary
103137,"Bling Ring, The",crime drama
103141,Monsters University,adventure animation comedy
103171,Schlussmacher,comedy
103210,Fullmetal Alchemist: The Sacred Star of Milos,action adventure animation
103219,Maniac,horror thriller
103221,Not Suitable for Children,comedy romance
103228,Pacific Rim,action adventure sci fi imax
103233,LEGO Batman: The Movie - DC Heroes Unite,action adventure animation
103235,"Best Offer, The (Migliore offerta, La)",thriller
103245,Adam and Eve (National Lampoon's Adam & Eve),comedy drama romance
103249,World War Z,action drama horror imax
103253,Elysium,action drama sci fi imax
103335,Despicable Me 2,animation children comedy imax
103339,White House Down,action drama thriller imax
103341,"World's End, The",action comedy sci fi
103366,Redemption (Hummingbird),action crime thriller
103372,"Heat, The",action comedy crime
103384,"Lone Ranger, The",action adventure western imax
103449,Passion,crime drama mystery thriller
103483,V/H/S/2,horror thriller
103502,"Knot, The",comedy romance
103539,The Spectacular Now,comedy drama romance
103543,"Lifeguard, The",comedy drama
103596,Sharknado,sci fi
103602,Craig Ferguson: I'm Here To Help,comedy documentary
103606,Stuck in Love,comedy drama romance
103609,Class Act,comedy
103624,Fruitvale Station,drama
103655,R.I.P.D.,action comedy fantasy
103685,"Field in England, A",drama fantasy thriller war
103688,"Conjuring, The",horror thriller
103755,Turbo,adventure animation children comedy fantasy
103772,"Wolverine, The",action adventure fantasy sci fi
103801,Drinking Buddies,comedy drama romance
103810,Red 2,action comedy crime thriller
103819,Coffee Town,comedy
103865,Revenge for Jolly!,comedy drama
103883,2 Guns,action comedy crime
103980,Blue Jasmine,drama
103984,"Great Beauty, The (Grande Bellezza, La)",comedy drama
104017,3 dev adam (Three Giant Men),action adventure sci fi
104069,Louis C.K.: Oh My God,comedy
104074,Percy Jackson: Sea of Monsters,adventure children fantasy
104076,"Smurfs 2, The",animation children comedy
104078,Alan Partridge: Alpha Papa,comedy
104129,Man of Tai Chi,action imax
104141,Batman: Mystery of the Batwoman,action animation children crime
104211,We're the Millers,comedy crime
104218,Grown Ups 2,comedy adam sandler
104241,Kick-Ass 2,action comedy crime
104243,Riddick,action sci fi thriller imax
104245,Planes,adventure animation comedy
104272,Blackfish,documentary
104283,"Wind Rises, The (Kaze tachinu)",animation drama romance
104303,Jobs,drama
104337,Lee Daniels' The Butler,drama
104339,In a World...,comedy
104374,About Time,drama fantasy romance
104419,Justice League: Crisis on Two Earths,action animation sci fi
104457,You're Next,horror thriller
104644,Maria Bamford: The Special Special Special!,comedy
104760,Getaway,action crime
104780,"Mystery of the Third Planet, The (Tayna tretey planety)",adventure animation sci fi
104837,Rage of Honor,action crime
104841,Gravity,action sci fi imax cliche characters long shots predictable simple slow action visually appealing
104863,What If,comedy drama romance daniel radcliffe zoe kazan
104875,"History of Future Folk, The",adventure comedy musical sci fi quirky
104879,Prisoners,drama mystery thriller absorbing acting atmospheric hugh jackman jake gyllenhaal morality mystery thriller
104906,Austenland,comedy romance
104908,Insidious: Chapter 2,horror thriller
104913,Rush,action drama
104925,"Family, The",action comedy crime
104944,Short Term 12,drama emotional feel good heartwarming mental illness touching
105020,Collision Course,action comedy thriller
105037,"To Do List, The",comedy
105121,Inescapable,action drama war
105197,Nebraska,adventure drama
105211,Enough Said,comedy drama romance
105213,Don Jon,comedy drama romance
105246,Mood Indigo (L'écume des jours),drama fantasy
105250,"Century of the Self, The",documentary
105254,Crystal Fairy & the Magical Cactus and 2012,adventure comedy
105325,Bad Milo (Bad Milo!),comedy horror
105351,Runner Runner,crime drama thriller
105355,Blue Is the Warmest Color (La vie d'Adèle),drama romance
105468,Cloudy with a Chance of Meatballs 2,animation children comedy fantasy
105504,Captain Phillips,adventure drama thriller imax hostage ocean suspense tense
105540,"All Dogs Christmas Carol, An",animation children comedy musical
105585,Machete Kills (Machete 2),action crime thriller
105593,Filth,comedy crime drama
105653,Escape Plan,action mystery thriller
105720,"Thief of Paris, The (Le voleur)",comedy crime drama
105731,Carrie,drama horror
105746,UnHung Hero,documentary
105755,"Counselor, The",crime drama thriller
105801,Escape From Tomorrow,drama fantasy horror
105835,"Double, The",comedy drama thriller
105844,12 Years a Slave,drama
105954,All Is Lost,action adventure drama
106002,Ender's Game,action adventure sci fi imax
106062,Jackass Presents: Bad Grandpa,comedy
106072,Thor: The Dark World,action adventure fantasy imax
106100,Dallas Buyers Club,drama jared leto social commentary uplifting
106144,"Selfish Giant, The",drama
106330,Last Vegas,comedy drama romance
106438,Philomena,comedy drama
106441,"Book Thief, The",children drama war
106487,The Hunger Games: Catching Fire,action adventure sci fi imax
106489,"Hobbit: The Desolation of Smaug, The",adventure fantasy imax adventure fantasy tolkien too long
106491,47 Ronin,action adventure fantasy
106540,Delivery Man,comedy
106542,Charlie Countryman,action comedy romance
106594,Red Flag,comedy drama romance
106642,"Day of the Doctor, The",adventure drama sci fi
106648,Guilty of Romance (Koi no tsumi),crime drama horror
106696,Frozen,adventure animation comedy fantasy musical romance
106766,Inside Llewyn Davis,drama atmospheric cinematography depressing funny
106782,"Wolf of Wall Street, The",comedy crime drama drugs leonardo dicaprio martin scorsese stock market wall street
106785,Homefront,action crime thriller
106839,Mandela: Long Walk to Freedom,drama
106873,Evangelion: 3.0 You Can (Not) Redo,action animation drama
106883,All is Bright,comedy drama
106889,Tim's Vermeer,documentary
106916,American Hustle,crime drama
106918,"Secret Life of Walter Mitty, The",adventure comedy drama
106920,Her,drama romance sci fi
106927,RoboGeisha (Robo-geisha),action comedy sci fi
107013,"Christmas Carol, A",drama fantasy
107069,Lone Survivor,action drama thriller war
107141,Saving Mr. Banks,comedy drama
107159,Zatoichi and the Chest of Gold (Zatôichi senryô-kubi) (Zatôichi 6),action drama
107314,Oldboy,action drama mystery
107338,Dampfnudelblues,comedy crime
107348,Anchorman 2: The Legend Continues,comedy comedy steve carell stupid but funny will ferrell
107406,Snowpiercer,action drama sci fi fatalistic
107408,Only Old Men Are Going to Battle (V boy idut odni stariki),comedy drama war
107410,Guest from the Future (Gostya iz buduschego),adventure drama sci fi
107412,"Kidnapping, Caucasian Style (Kavkazskaya plennitsa)",comedy romance
107436,Haunter,horror mystery thriller
107447,Wrong Cops,comedy crime
107449,"Muppet Christmas: Letters to Santa, A",children comedy
107462,Ninja: Shadow of a Tear,action crime thriller
107565,"Fuck You, Goethe (Fack Ju Göhte)",comedy
107630,High School,comedy
107702,Grudge Match,comedy
107723,Highlander: The Search for Vengeance,action adventure fantasy
107771,Only Lovers Left Alive,drama horror romance
107780,Cats,musical
107846,MacGyver: Trail to Doomsday,action adventure
107945,Bad Karma,thriller
107951,Hunting Elephants,comedy crime
107953,Dragon Ball Z: Battle of Gods,action animation fantasy imax
107962,Freezer,action thriller
107997,We Are What We Are,drama horror mystery thriller
107999,Dragon ball Z 04: Lord Slug,animation children
108078,Chinese Puzzle (Casse-tête chinois),comedy romance
108090,Dragon Ball: The Path to Power (Doragon bôru: Saikyô e no michi),action adventure animation children
108156,Ride Along,action comedy
108188,Jack Ryan: Shadow Recruit,action drama thriller imax
108190,Divergent,adventure romance sci fi imax anti intellectual bad writing dystopia new society plot holes predictable scifi unintelligent
108192,Hotel Chevalier (Part 1 of 'The Darjeeling Limited'),drama
108540,Ernest & Célestine (Ernest et Célestine),adventure animation children comedy drama romance
108601,Drift,drama
108689,"I, Frankenstein",action fantasy sci fi imax
108715,Better Living Through Chemistry,comedy drama
108727,Nymphomaniac: Volume I,drama
108729,Enemy,mystery thriller
108795,Wonder Woman,action adventure animation fantasy
108928,"Monuments Men, The",action drama war
108932,The Lego Movie,action adventure animation children comedy fantasy cheeky clever colorful feel good fun imaginative quirky
108945,RoboCop,action crime sci fi imax
108949,"Art of the Steal, The",crime
108981,Nymphomaniac: Volume II,drama mystery
109042,Knights of Badassdom,adventure comedy fantasy
109161,Venus in Fur (La Vénus à la fourrure),drama
109183,Date and Switch,comedy
109187,"Zero Theorem, The",drama fantasy sci fi
109191,Winter's Tale,drama fantasy mystery
109241,On the Other Side of the Tracks (De l'autre côté du périph),action comedy crime
109282,GLOW: The Story of the Gorgeous Ladies of Wrestling,documentary
109295,Cold Comes the Night,crime drama thriller
109313,Chouchou,comedy
109317,Someone Marry Barry,comedy
109372,About Last Night,comedy romance
109374,"Grand Budapest Hotel, The",comedy drama
109383,"Oversimplification of Her Beauty, An",animation comedy drama romance
109416,Bring It On: Fight to the Finish,comedy
109483,That Awkward Moment,comedy romance
109487,Interstellar,sci fi imax black hole sci fi time travel christopher nolan bad dialogue philosophical issues thought provoking visually appealing
109569,3 Days to Kill,action crime drama
109576,Welcome to the Jungle,comedy
109578,Non-Stop,action mystery thriller
109596,Wrinkles (Arrugas),animation drama
109633,"Garden of Words, The (Koto no ha no niwa)",animation romance
109673,300: Rise of an Empire,action drama war imax
109687,Particle Fever,documentary
109723,"Bag Man, The",crime drama thriller
109846,Mr. Peabody & Sherman,adventure animation comedy
109848,Under the Skin,horror sci fi thriller
109850,Need for Speed,action crime drama imax
109853,Barefoot,comedy drama romance
109864,Veronica Mars,comedy crime drama
109895,Bad Words,comedy
109897,Son of God,drama
109941,Puss in Boots: The Three Diablos,animation comedy
109968,Why Don't You Play In Hell? (Jigoku de naze warui),action drama
109971,Ocho apellidos vascos,comedy
110102,Captain America: The Winter Soldier,action adventure sci fi imax
110127,Noah,adventure drama imax
110130,"Nut Job, The",adventure animation children comedy
110281,King of Comedy (Hei kek ji wong),comedy drama romance
110286,13 Sins,horror thriller
110297,Muppets Most Wanted,adventure comedy crime
110330,Me and you (io e te),drama
110350,Free to Play,documentary
110387,"Unknown Known, The",documentary
110501,The Raid 2: Berandal,action crime thriller
110541,"Brain Smasher... A Love Story (Bouncer and the Lady, The)",action comedy
110553,The Amazing Spider-Man 2,action sci fi imax
110586,Calvary,comedy drama
110591,Oculus,horror
110603,God's Not Dead,drama
110611,Cold in July,drama thriller
110655,Rio 2,adventure animation children comedy
110669,"Honest Liar, An",comedy documentary
110718,Fading Gigolo,comedy
110730,Transcendence,drama sci fi imax
110746,Hatchet III,comedy horror
110771,"Other Woman, The",comedy romance
110773,"Haunted House 2, A",comedy horror
110781,Mulan II,action animation children comedy musical
110826,Brick Mansions,action crime drama
110882,Locke,drama
111113,Neighbors,comedy
111146,Alpha and Omega 3: The Great Wolf Games,action adventure animation children comedy
111320,Mom's Night Out,comedy
111360,Lucy,action sci fi
111362,X-Men: Days of Future Past,action adventure sci fi
111364,Godzilla,action adventure sci fi imax creature feature
111375,Walk of Shame,comedy
111384,Blue Ruin,thriller
111443,Chef,comedy
111551,Afflicted,horror sci fi thriller
111617,Blended,comedy
111622,Begin Again,comedy romance
111659,Maleficent,action adventure children imax
111663,Zombeavers,action comedy horror
111680,At Middleton,comedy romance
111732,"Dance of Reality, The (Danza de la realidad, La)",drama fantasy
111743,A Million Ways to Die in the West,comedy western charlize theron liam neeson seth macfarlane witty
111759,Edge of Tomorrow,action sci fi imax
111781,Mission: Impossible - Rogue Nation,action adventure thriller
111785,Midnight Chronicles,action adventure fantasy
111795,Million Dollar Arm,comedy drama
111800,G.B.F.,comedy
111817,Jimi: All Is by My Side,drama
111844,Bad Asses (Bad Ass 2),action drama
111913,Lilting,drama
111921,The Fault in Our Stars,drama romance
112006,Tangled Ever After,action animation children
112070,Maps to the Stars,drama
112138,22 Jump Street,action comedy crime
112171,"Equalizer, The",action crime thriller
112175,How to Train Your Dragon 2,action adventure animation
112183,Birdman: Or (The Unexpected Virtue of Ignorance),comedy drama
112290,Boyhood,drama
112303,Think Like a Man Too,comedy romance
112316,Jersey Boys,drama musical
112326,Nick Fury: Agent of S.H.I.E.L.D.,action sci fi
112334,"Internet's Own Boy: The Story of Aaron Swartz, The",documentary
112370,Transformers: Age of Extinction,action adventure sci fi
112421,Frank,comedy drama mystery adorable black comedy eccentric introspection mental illness quirky
112450,They Came Together,comedy romance
112454,Honey (Miele),drama
112460,Planes: Fire & Rescue,adventure animation comedy
112497,Tammy,comedy
112512,Colourful (Karafuru),animation drama fantasy mystery
112515,"Babadook, The",drama horror thriller atmospheric dark metaphorical psychological
112552,Whiplash,drama passion psychological suspense jazz music tense inspirational inspiring intense
112556,Gone Girl,drama thriller annoying stupid ending
112580,"Angriest Man in Brooklyn, The",comedy drama
112623,Dawn of the Planet of the Apes,sci fi
112727,Deliver Us from Evil,crime horror thriller
112749,And So It Goes,comedy drama romance
112788,Sex Tape,comedy
112804,I Origins,drama sci fi
112818,"Purge: Anarchy, The",action horror thriller
112852,Guardians of the Galaxy,action adventure sci fi funny great visuals humorous unlikely hero
112868,"Signal, The",sci fi thriller
112897,The Expendables 3,action adventure
112911,Hercules,action adventure
112940,A Most Wanted Man,thriller
113159,Life After Beth,comedy horror romance
113186,Felony,thriller
113207,Get on Up,drama musical
113225,Magic in the Moonlight,comedy drama romance
113252,Housebound,comedy horror thriller
113275,The Hundred-Foot Journey,comedy drama
113278,Batman: Assault on Arkham,action animation crime thriller
113280,White Frog,drama
113313,"Den, The",horror thriller
113345,Jupiter Ascending,action adventure sci fi
113348,Teenage Mutant Ninja Turtles,action adventure comedy
113350,I'll Follow You Down,drama mystery sci fi
113374,"Old Lady and the Pigeons, The (La vieille dame et les pigeons)",animation comedy
113378,"Giver, The",drama sci fi
113394,"Pretty One, The",comedy drama
113416,Revenge of the Green Dragons,action crime drama
113453,Let's Be Cops,comedy crime
113532,"Inbetweeners 2, The",comedy
113565,"Sacrament, The",horror thriller
113573,Sin City: A Dame to Kill For,action crime thriller
113604,If I Stay,drama
113705,"Two Days, One Night (Deux jours, une nuit)",drama bittersweet
113741,Coherence,drama mystery sci fi thriller
113780,"As Above, So Below",horror thriller
113829,"One I Love, The",comedy drama romance
113849,Headshot,crime drama thriller
113862,"Guest, The",thriller
114028,Pride,comedy drama
114044,Honeymoon,horror
114060,The Drop,crime drama thriller
114066,"20,000 Days on Earth",documentary drama musical
114074,The Skeleton Twins,drama
114126,Beautiful Losers,documentary
114180,"Maze Runner, The",action mystery sci fi action dystopia plot holes post apocalyptic survival thriller unexplained weak plot
114184,Camp X-Ray,drama
114246,"Walk Among the Tombstones, A",action crime mystery thriller
114265,Laggies,comedy romance
114335,La cravate,
114396,Cesar Chavez,drama
114494,Who Am I (Kein System Ist Sicher),thriller
114554,"Tale of Princess Kaguya, The (Kaguyahime no monogatari)",animation drama fantasy
114601,This Is Where I Leave You,comedy drama
114627,Angel's Egg (Tenshi no tamago),animation drama fantasy atmospheric bizzare eerie symbolism
114662,American Sniper,action war
114670,Tusk,comedy drama horror
114678,Hector and the Search for Happiness,adventure comedy drama
114707,Horns,horror mystery
114713,Annabelle,horror
114762,Two Night Stand,comedy romance
114795,Dracula Untold,action drama fantasy
114818,Stretch,action comedy crime
114847,Autómata (Automata),sci fi thriller
114925,"Captive, The",crime drama thriller
114935,Predestination,action mystery sci fi thriller
115065,Justin and the Knights of Valour,adventure animation
115111,Ward 13,action animation comedy horror
115122,What We Do in the Shadows,comedy horror
115149,John Wick,action thriller dark hero gun fu keanu reeves revenge secret society stylish action killer widows widowers
115151,Plastic,action crime
115170,"Judge, The",drama
115203,"Culture High, The",documentary
115210,Fury,action drama war
115216,"Salvation, The",drama western
115231,St. Vincent,comedy
115502,"Rewrite, The",comedy romance
115569,Nightcrawler,crime drama thriller
115617,Big Hero 6,action animation comedy animation kids robots feel good fun family movie very funny
115664,The Book of Life,adventure animation romance
115667,"Love, Rosie",comedy romance
115680,Time Lapse,crime drama sci fi thriller
115713,Ex Machina,drama sci fi thriller
115727,Crippled Avengers (Can que) (Return of the 5 Deadly Venoms),action adventure
115819,Mr Hublot,animation comedy
115828,Copenhagen,adventure drama romance
115877,"Simpsons: The Longest Daycare, The",animation comedy
115969,Generation War,drama war
116044,Christmas in Connecticut,comedy romance
116138,Leviathan,drama
116169,Reign of Assassins,action
116207,Zulu,crime drama thriller
116411,Tangerines,drama
116413,Life Partners,comedy romance
116419,Drive Hard,action comedy crime
116505,New Kids Nitro,action comedy
116529,Stalingrad,action drama war imax
116668,Dead Snow 2: Red vs. Dead,action comedy horror
116718,Volga - Volga,comedy musical
116724,You Are the Apple of My Eye,comedy drama romance
116738,DeadHeads,adventure comedy horror
116797,The Imitation Game,drama thriller war inspirational intelligent
116799,Inherent Vice,comedy crime drama mystery romance
116817,Rudderless,comedy drama
116823,The Hunger Games: Mockingjay - Part 1,adventure sci fi thriller
116849,Sex Ed,comedy romance
116887,Exodus: Gods and Kings,action adventure drama
116897,Wild Tales,comedy drama thriller black comedy dark comedy dark humor ironic multiple short stories short stories
116941,Jetsons: The Movie,animation children comedy musical sci fi
116963,Ski School,comedy
116977,Dumb and Dumber To,comedy
116985,The Longest Week,comedy drama
117107,Miss Meadows,drama
117109,Too Many Cooks,comedy
117133,Painted Skin,action drama thriller
117176,The Theory of Everything,drama romance
117192,Doctor Who: The Time of the Doctor,adventure drama
117364,Virunga,documentary war
117368,The Madagascar Penguins in a Christmas Caper,animation comedy
117444,Song of the Sea,animation children fantasy
117466,In the Heart of the Sea,action adventure drama
117511,Hello Ladies: The Movie,comedy
117529,Jurassic World,action adventure drama sci fi thriller
117531,Watermark,documentary
117533,Citizenfour,documentary
117545,Asterix: The Land of the Gods (Astérix: Le domaine des dieux),animation
117572,Hit by Lightning,comedy crime romance
117590,Horrible Bosses 2,comedy crime
117630,Double Trouble,action comedy crime romance
117646,Dragonheart 2: A New Beginning,action adventure comedy drama fantasy thriller
117849,La Belle Verte,comedy
117851,Penguins of Madagascar,adventure animation children comedy
117867,'71,action drama thriller war
117877,The Rabbi's Cat (Le chat du rabbin),adventure animation philosophical trippy
117881,Still Alice,drama
117887,Paddington,children comedy heartwarming
117895,Maze Runner: Scorch Trials,action thriller
117922,Ice Age: A Mammoth Christmas,adventure animation children
118082,The Voices,comedy crime thriller
118166,Courier,comedy drama romance
118198,The Green Prince,documentary drama thriller
118248,Dying of the Light,drama thriller
118270,Hellbenders,comedy horror thriller
118290,Omega Doom,sci fi
118326,By the Gun,crime drama thriller
118354,Kill the Messenger,crime drama mystery thriller
118512,Bring It On: In It To Win It,comedy
118530,Fans,comedy
118572,The Mule,comedy crime drama
118696,The Hobbit: The Battle of the Five Armies,adventure fantasy hope
118700,Selma,drama
118702,Unbroken,drama war
118706,Black Sea,adventure mystery thriller
118784,Good Copy Bad Copy,documentary documentary music industry remix culture
118814,Playing It Cool,comedy romance
118834,National Lampoon's Bag Boy,comedy
118862,Closer to the Moon,comedy drama
118880,"Girl Walks Home Alone at Night, A",horror romance thriller
118888,Dave Chappelle: For What it's Worth,comedy
118894,Scooby-Doo! Abracadabra-Doo,animation children mystery
118896,Mommy,drama
118900,Wild,drama
118924,Top Five,comedy
118930,Bill Burr: I'm Sorry You Feel That Way,comedy
118985,Big Eyes,drama painter
118997,Into the Woods,children comedy fantasy musical
119068,"Men, Women & Children",comedy drama
119141,The Interview,action comedy bloody bromance comedy funny james franco seth rogen
119145,Kingsman: The Secret Service,action adventure comedy crime slick
119153,Bill Burr: You People Are All the Same,comedy
119155,Night at the Museum: Secret of the Tomb,adventure children comedy fantasy
119167,Paradox,sci fi thriller
119218,The Punisher: Dirty Laundry,action crime drama
119655,Seventh Son,adventure children fantasy
119714,Corner Gas: The Movie,comedy
119828,A Man Called Blade,action drama thriller western
119964,A Merry Friggin' Christmas,comedy
120130,Into the Forest of Fireflies' Light,animation drama fantasy
120138,PK,comedy drama fantasy mystery romance
120466,Chappie,action thriller
120478,The Salt of the Earth,documentary
120625,The Fool,drama
120635,Taken 3,action crime thriller action murder police
120637,Blackhat,action crime drama mystery thriller
120761,By the Law,drama
120783,Son of a Gun,action crime drama
120799,Terminator Genisys,action adventure sci fi thriller
120807,John Mulaney: New In Town,comedy
120813,Patton Oswalt: My Weakness Is Strong,comedy
120827,The Hound of the Baskervilles,crime drama horror mystery
120919,Man on High Heels,action comedy
121007,Space Buddies,adventure children fantasy sci fi
121035,Houdini,drama
121097,To Grandmother's House We Go,adventure children comedy
121099,101 Dalmatians II: Patch's London Adventure,animation children
121129,The Hungover Games,comedy
121169,The Duke of Burgundy,drama
121171,Red Army,documentary
121231,It Follows,horror
121253,The Town that Dreaded Sundown,horror thriller
121338,Carry on Cabby,adventure comedy romance
121342,Carry on Cruising,comedy romance
121372,Bill Burr: Let It Go,comedy
121374,Bill Burr: Why Do I Do This?,comedy
121469,Killer Movie,comedy horror mystery thriller
121715,Sebastian Maniscalco: What's Wrong with People?,comedy
121781,Stuart Little 3: Call of the Wild,animation children comedy fantasy
122092,Guy X,comedy war
122246,Tooth Fairy 2,children comedy
122260,The Diary of Anne Frank,drama war
122433,The Deadly Bees,horror mystery thriller
122490,Wicked Blood,action drama thriller
122627,Oblivion 2: Backlash,sci fi
122882,Mad Max: Fury Road,action adventure sci fi thriller beautiful cinematography visually appealing
122884,Insidious: Chapter 3,fantasy horror thriller
122886,Star Wars: Episode VII - The Force Awakens,action adventure fantasy sci fi imax
122888,Ben-hur,
122890,Warcraft,action adventure fantasy
122892,Avengers: Age of Ultron,action adventure sci fi
122896,Pirates of the Caribbean: Dead Men Tell No Tales,
122898,Justice League,action adventure sci fi
122900,Ant-Man,action adventure sci fi
122902,Fantastic Four,action adventure fantasy sci fi
122904,Deadpool,action adventure comedy sci fi
122906,Black Panther,action adventure sci fi
122912,Avengers: Infinity War - Part I,action adventure sci fi comic book dr strange great villain guardians of the galaxy marvel mcu robert downey jr thanos thor visually stunning dark emotional sad visually appealing
122916,Thor: Ragnarok,action adventure sci fi awesome humor quirky unconventional white guilt
122918,Guardians of the Galaxy 2,action adventure sci fi fun
122920,Captain America: Civil War,action sci fi thriller
122922,Doctor Strange,action adventure sci fi visually appealing
122924,X-Men: Apocalypse,action adventure fantasy sci fi
122926,Untitled Spider-Man Reboot,action adventure fantasy
122932,Elsa & Fred,children comedy romance
123200,Jim Jefferies: I Swear to God,comedy
123310,Tornado!,action
123545,The Blue Lagoon,drama romance
123553,In the Name of the King III,action adventure drama fantasy
123947,Cake,drama
124273,Kevin Smith: Too Fat For 40,comedy
124404,"Snowflake, the White Gorilla",adventure animation children comedy
124484,Kenny & Company,comedy drama
124851,Delirium,adventure romance sci fi
124853,Why Man Creates,animation documentary
124859,The Gambler,crime drama thriller
125221,The Beast of Hollow Mountain,horror sci fi western
125914,Mortdecai,adventure comedy mystery romance
125916,Fifty Shades of Grey,drama romance
125970,Halloweentown,adventure children comedy fantasy
125974,Halloweentown High,adventure children comedy fantasy
126088,A Flintstones Christmas Carol,animation children comedy
126090,Hedgehog in the Fog,animation
126142,The Cave of the Golden Rose,adventure children fantasy
126420,American Heist,action
126426,Solyaris,drama sci fi
126430,The Pacific,action adventure drama war
126482,Strange Magic,animation children fantasy musical
126548,The DUFF,comedy funny high school
126577,"Daddy, I'm A Zombie",animation comedy fantasy
126921,The Fox and the Hound 2,adventure animation children comedy
127052,Operation 'Y' & Other Shurik's Adventures,comedy crime romance
127096,Project Almanac,sci fi thriller
127098,Louis C.K.: Live at The Comedy Store,comedy
127108,Brooklyn,drama romance
127114,The End of the Tour,drama
127116,Experimenter,drama
127130,Mistress America,comedy
127132,Zipper,drama thriller
127134,A Walk in the Woods,adventure comedy drama
127136,True Story,drama mystery thriller
127146,Kurt Cobain: Montage of Heck,documentary
127152,Going Clear: Scientology and the Prison of Belief,documentary
127164,"What Happened, Miss Simone?",documentary
127172,A Story of Children and Film,documentary film history poetic representation of children
127180,"Story of Film: An Odyssey, The",documentary
127184,Eden,drama
127194,The D Train,comedy
127198,Dope,comedy drama
127202,Me and Earl and the Dying Girl,drama
127204,The Overnight,comedy
127212,The Stanford Prison Experiment,drama thriller
127298,A Pigeon Sat on a Branch Reflecting on Existence,comedy drama depressing understated
127319,The Loft,thriller
127323,Vice,action adventure sci fi thriller
127390,Family Guy Presents: Blue Harvest,animation comedy
128087,Trinity and Sartana Are Coming,comedy western
128089,Kevin Hart: I'm a Grown Little Man,comedy
128097,Jim Norton: American Degenerate,comedy
128099,Jim Jefferies: BARE,comedy
128197,Hard Promises,comedy romance
128360,The Hateful Eight,western characters dialogue humor kurt russell quentin tarantino samuel l jackson tension building violent western
128366,Patton Oswalt: Tragedy Plus Comedy Equals Time,comedy
128488,Wild Card,action crime drama thriller
128512,Paper Towns,drama mystery romance
128520,The Wedding Ringer,comedy
128542,Wyrmwood,action horror sci fi
128592,The Boy Next Door,mystery thriller
128594,Boy Meets Girl,comedy drama romance
128620,Victoria,crime drama romance
128695,The Dark Valley,western
128736,I'm Here,drama
128832,The Last Five Years,comedy drama musical romance
128838,Crimson Peak,horror
128842,Dragonheart 3: The Sorcerer's Curse,action adventure fantasy
128852,Chris Rock: Bigger & Blacker,comedy
128900,The Natural Love,documentary
128902,The Forgotten Space,documentary
128908,Cloudburst,adventure comedy drama
128914,Tom Segura: Completely Normal,comedy
128944,"Honey, We Shrunk Ourselves",action adventure children comedy sci fi
128968,Stitch! The Movie,animation children comedy
128975,Hot Tub Time Machine 2,comedy sci fi
128991,Johnny Express,animation comedy sci fi
129011,Eddie Izzard: Glorious,comedy
129229,Northmen - A Viking Saga,action adventure
129250,Superfast!,
129313,Reality,comedy
129333,Julia,horror thriller
129354,Focus,comedy crime drama romance
129397,Marvel One-Shot: Item 47,action fantasy sci fi
129428,The Second Best Exotic Marigold Hotel,comedy drama
129514,George Carlin: It's Bad for Ya!,comedy
129657,Tracers,action
129659,"McFarland, USA",drama
129737,Unfinished Business,comedy
129779,Ghost in the Shell Arise - Border 1: Ghost Pain,action animation sci fi
129937,Run All Night,action crime drama thriller
130050,Digging Up the Marrow,drama fantasy horror mystery thriller
130052,Clown,drama horror
130073,Cinderella,children drama fantasy romance
130083,Kidnapping Mr. Heineken,action crime drama thriller
130087,The Cobbler,comedy drama fantasy
130444,Ruby Red,adventure children fantasy sci fi
130450,Pan,adventure children fantasy
130452,While We're Young,comedy drama
130482,Too Late for Tears,crime drama film noir mystery thriller
130490,Insurgent,action sci fi thriller
130498,La vérité si je mens !,comedy
130518,The Amazing Screw-On Head,action adventure animation comedy sci fi
130520,Home,adventure animation children comedy fantasy sci fi
130576,Midnight Special,drama sci fi
130578,"Gunman, The",action thriller
130634,Furious 7,action crime thriller
130686,The Final Girls,comedy horror
130840,Spring,horror romance sci fi
130842,Power/Rangers,action adventure sci fi
130970,George Carlin: Life Is Worth Losing,comedy
130976,Legend No. 17,drama
130978,Love and Pigeons,comedy romance
131013,Get Hard,comedy crime
131023,That Sugar Film,documentary
131098,Saving Santa,animation children comedy
131104,The Brain,comedy crime
131130,Tom and Jerry: A Nutcracker Tale,animation comedy
131237,What Men Talk About,comedy
131439,Kill Me Three Times,thriller
131480,Poker Night,action crime thriller
131578,Reckless Kelly,comedy
131610,Willy/Milly,comedy fantasy
131656,Shaun the Sheep Movie,adventure animation children comedy
131714,Last Knights,action adventure
131724,The Jinx: The Life and Deaths of Robert Durst,documentary
131739,Batman vs. Robin,action adventure animation
131749,Libre et assoupi,comedy
131796,Woman in Gold,drama
131826,Iliza Shlesinger: Freezing Hot,comedy
131920,The Road Within,comedy drama
131934,The Malibu Bikini Shop,comedy
132046,Tomorrowland,action adventure children mystery sci fi
132084,Let It Be Me,
132153,Buzzard,comedy drama horror
132157,Paul Blart: Mall Cop 2,action comedy crime
132333,Seve,documentary drama
132335,Breathe,drama
132362,Patlabor 2: The Movie,action animation sci fi
132422,Da Sweet Blood of Jesus,comedy romance thriller
132424,The Longest Ride,drama romance
132454,Girltrash: All Night Long,comedy crime drama
132462,Sword of Vengeance,action adventure drama
132488,Lovesick,comedy romance
132496,Danny Collins,comedy drama
132584,The Even Stevens Movie,children comedy
132618,Kite,action crime drama mystery thriller
132660,Man Up,comedy romance
132796,San Andreas,action drama thriller
132800,Welcome to Me,comedy drama
132888,Comedy Central Roast of James Franco,comedy
133115,We Could Be King,documentary
133195,Hitman: Agent 47,action crime thriller
133217,B/W,comedy crime sci fi
133281,Ricki and the Flash,comedy drama
133365,Partisan,drama thriller
133377,Infini,horror sci fi thriller
133419,Pitch Perfect 2,comedy
133545,Just Before I Go,comedy drama
133645,Carol,drama romance
133712,Office Romance,comedy romance
133716,Bootleggers,comedy crime
133771,The Lobster,comedy romance sci fi
133780,Güeros,comedy drama
133782,Maggie,drama horror thriller
133798,Hot Pursuit,action comedy
133802,Slow West,action thriller western
133832,The Green Inferno,horror thriller
133867,Barely Lethal,action adventure comedy
133879,Carry On Don't Lose Your Head,comedy
134004,What Love Is,comedy romance
134019,The Monkey King,animation
134021,5 to 7,comedy drama romance
134041,Afonya,comedy drama romance
134095,My Love,animation drama
134109,Radio Day,comedy
134130,The Martian,adventure drama sci fi smart
134158,Return to Sender,thriller
134170,Kung Fury,action comedy fantasy sci fi funny ridiculous silly
134184,Elections Day,comedy
134214,Youth,drama
134246,Survivor,action thriller
134248,Hot Girls Wanted,documentary
134252,That Munchhausen,comedy drama fantasy
134326,The Taming of the Scoundrel,comedy
134334,Phir Hera Pheri,comedy
134368,Spy,action comedy crime
134393,Trainwreck,comedy romance
134515,BMX Bandits,adventure crime drama
134524,Turtle Power: The Definitive History of the Teenage Mutant Ninja Turtles,documentary
134528,Aloha,comedy drama romance
134775,Dragon Blade,action adventure drama
134783,Entourage,comedy
134796,Bitter Lake,documentary
134808,No Way Jose,comedy
134847,Ghost Graduation,comedy
134849,Duck Amuck,animation children comedy
134853,Inside Out,adventure animation children comedy drama fantasy
134859,The Wolfpack,documentary
134861,Trevor Noah: African American,
134881,Love & Mercy,drama
135133,The Hunger Games: Mockingjay - Part 2,adventure sci fi dystopia jennifer lawrence love story nonsense politics rebellion revolution
135137,Pixels,action comedy sci fi
135143,Fantastic Beasts and Where to Find Them,fantasy
135198,The Hairdresser,comedy drama
135216,The Star Wars Holiday Special,adventure children comedy sci fi
135288,Mr. Holmes,drama mystery
135436,The Secret Life of Pets,animation comedy
135456,Ghost in the Shell: Stand Alone Complex - The Laughing Man,action animation crime sci fi
135518,Self/less,action mystery sci fi thriller ben kingsley ethics immortality ryan reynolds
135532,The Last Witch Hunter,action adventure fantasy
135534,Krampus,comedy fantasy horror
135536,Suicide Squad,action crime sci fi bad story bad writing batman ben affleck comic book dc comics good soundtrack harley quinn harley quinn s ass horrible directing jared leto joker lack of plot margot robbie poor story poorly paced superhero visually appealing will smith
135567,Independence Day: Resurgence,action adventure sci fi
135569,Star Trek Beyond,action adventure sci fi
135777,Golmaal,children comedy
135787,Bruce Lee: A Warrior's Journey,documentary
135803,Five Element Ninjas,action
135815,The Magnificent Ruffians,action drama
135861,Ted 2,comedy
135885,Absolutely Anything,comedy sci fi
135887,Minions,adventure animation children comedy
135937,The Silence of the Hams,comedy thriller
136012,Bloodsport III,action thriller
136016,The Good Dinosaur,adventure animation children comedy fantasy
136018,Black Mass,crime drama
136020,Spectre,action adventure crime
136024,The Professional: Golgo 13,action animation crime
136297,Mortal Kombat: The Journey Begins,action animation
136305,Sharknado 3: Oh Hell No!,horror sci fi
136341,Scooby-Doo! and the Samurai Sword,animation children comedy
136353,Scooby-Doo! and the Loch Ness Monster,animation children comedy
136355,Big Top Scooby-Doo!,animation children comedy
136359,Scooby-Doo Goes Hollywood,animation children comedy
136443,Gabriel Iglesias: Hot and Fluffy,comedy
136445,George Carlin: Back in Town,comedy
136447,George Carlin: You Are All Diseased,comedy
136449,Ghost in the Shell 2.0,action animation sci fi
136469,Larry David: Curb Your Enthusiasm,comedy
136471,Kevin Hart: Laugh at My Pain,comedy documentary
136503,Tom and Jerry: Shiver Me Whiskers,animation children comedy
136511,Jeff Dunham: All Over the Map,comedy
136540,The FP,comedy
136556,Kung Fu Panda: Secrets of the Masters,animation children
136562,Steve Jobs,drama
136564,Macbeth,drama
136598,Vacation,adventure comedy
136602,Creep,horror thriller
136654,The Face of an Angel,drama
136664,Wild Horses,crime drama
136666,Search Party,comedy
136778,The Squeeze,comedy drama
136786,Careful What You Wish For,thriller
136800,Robot Overlords,action adventure sci fi
136816,Bad Asses on the Bayou,action comedy
136834,The Eye: Infinity,horror
136838,Kiss me Kismet,comedy romance
136840,Da geht noch was!,comedy drama romance
136850,Villain,crime drama thriller
136859,The Lovers,action adventure romance sci fi
136864,Batman v Superman: Dawn of Justice,action adventure fantasy sci fi action batman ben affleck dark dc comics gal gadot superhero superman wonderwoman
136912,God Loves Caviar,adventure
136958,Mortuary,horror
137218,April Morning,drama
137337,Amy,documentary
137345,That Demon Within,crime thriller
137517,Carnival Magic,drama fantasy
137595,Magic Mike XXL,comedy drama
137857,The Jungle Book,adventure drama fantasy
137859,Dragon Ball Z Gaiden: The Plot to Destroy the Saiyans,action adventure animation
137863,Dragon Ball Z: Resurrection of F,action adventure animation fantasy
138036,The Man from U.N.C.L.E.,action adventure comedy slick stylish
138186,Sorrow,crime drama horror
138204,7 Days in Hell,comedy
138208,The Walk,adventure drama thriller
138210,13 Hours,drama
138396,There Will Come a Day,comedy drama
138546,The Opposite Sex,comedy
138610,The Gallows,horror thriller
138632,Tokyo Tribe,action crime drama sci fi
138702,Feast,animation children comedy drama romance
138798,Joe Dirt 2: Beautiful Loser,comedy
138835,Return to Treasure Island,adventure animation comedy
138966,Nasu: Summer in Andalusia,animation
139052,Dark Places,drama mystery thriller
139130,Afro Samurai,action adventure animation drama fantasy
139157,Massu Engira Maasilamani,comedy horror thriller
139385,The Revenant,adventure drama leonardo dicarpio survival tom hardy visually appealing cinematography visually striking
139415,Irrational Man,crime drama
139511,Exte: Hair Extensions,horror
139640,Ooops! Noah is Gone...,animation
139642,Southpaw,action drama
139644,Sicario,crime drama mystery atmospheric tension
139655,Goodnight Mommy (Ich seh ich seh),drama fantasy horror thriller
139717,10 Cent Pistol,crime thriller
139747,Before We Go,romance
139855,Anomalisa,animation comedy fantasy
139857,Colonia,thriller
139859,Ghost in the Shell Arise - Border 2: Ghost Whispers,action animation sci fi thriller
139915,How to Make Love Like an Englishman,comedy romance
139994,Fracchia contro Dracula,comedy horror
140016,Always Watching: A Marble Hornets Story,horror
140038,Madly in Love,comedy
140110,The Intern,comedy
140133,Hollywood Chainsaw Hookers,comedy horror
140162,Love,drama romance
140174,Room,drama moving touching
140237,The Runner,drama
140247,The Gift,drama horror
140265,George Carlin: Jammin' in New York,comedy
140267,The Witch,horror
140289,Men & Chicken,comedy drama
140301,The Escort,comedy romance
140359,Doctor Who: The Waters of Mars,adventure children sci fi
140481,"Family Guy Presents: Something, Something, Something, Dark Side",animation comedy sci fi
140523,"Visit, The",comedy horror
140525,Secret in Their Eyes,crime drama mystery
140541,The Electric Hotel,animation comedy sci fi
140561,Jeff Ross Roasts Criminals: Live at Brazos County Jail,comedy documentary
140627,Battle For Sevastopol,drama romance war
140711,American Ultra,action comedy sci fi thriller
140715,Straight Outta Compton,drama
140725,Cop Car,crime thriller
140737,The Lost Room,action fantasy mystery
140816,Tangerine,comedy drama
140850,Every Secret Thing,crime drama mystery thriller
140852,964 Pinocchio,horror sci fi
140928,Joy,comedy drama
140956,Ready Player One,action sci fi thriller
141004,Victor Frankenstein,drama horror sci fi
141131,Guardians,
141400,Invincible Shaolin,action
141408,Scouts Guide to the Zombie Apocalypse,action comedy horror
141422,Suffragette,drama
141513,Fort Tilden,comedy
141544,Turbo Kid,action adventure sci fi
141646,The Unauthorized Saved by the Bell Story,comedy drama
141668,War Room,drama
141688,Legend,crime thriller
141718,Deathgasm,comedy horror
141749,The Danish Girl,drama
141799,Cooties,comedy horror
141810,Autumn Marathon,comedy drama
141816,12 Chairs,adventure comedy
141818,Ordinary Miracle,comedy drama fantasy romance
141820,Old Men: Robbers,comedy
141830,Unbelievable Adventures of Italians in Russia,adventure comedy
141836,It Can't Be!,comedy
141844,12 Chairs,adventure comedy
141846,Steve Jobs: The Man in the Machine,documentary
141866,Green Room,
141890,Beasts of No Nation,drama war moving
141928,Bloodsucking Bastards,comedy horror
141994,Saving Christmas,children comedy
142020,Oscar,comedy
142056,Iron Man & Hulk: Heroes United,action adventure animation
142074,Knock Knock,crime horror thriller
142115,The Blue Planet,documentary
142196,Cornered!,comedy horror
142222,Demolition,drama
142366,Cigarette Burns,horror thriller
142372,Our Brand Is Crisis,comedy drama
142420,High Rise,action drama sci fi
142422,The Night Before,comedy
142424,Into the Forest,drama sci fi
142444,The Editor,comedy horror mystery
142448,Everest,adventure drama thriller
142456,The Brand New Testament,
142488,Spotlight,thriller
142507,Pawn Sacrifice,drama
142509,Hardcore Henry,action adventure sci fi
142536,Burnt,drama
142550,Ryuzo and the Seven Henchmen,action comedy
142558,If I Were a Rich Man,comedy
142598,Last Shift,horror
142602,"F*ck You, Goethe 2",comedy
142831,Garam Masala,comedy
142961,Life Eternal,comedy crime thriller
142997,Hotel Transylvania 2,animation comedy
143001,Anti-Social,crime
143031,Jump In!,comedy drama romance
143245,The Little Prince,animation fantasy
143255,Narcopolis,mystery sci fi thriller
143257,Ashby,comedy drama
143355,Wonder Woman,action adventure fantasy
143365,The Circle,drama sci fi thriller
143367,Silence,drama thriller contemplative philosophical thought provoking tragic
143385,Bridge of Spies,drama thriller
143410,Hyena Road,
143458,The Great Hypnotist,drama mystery thriller
143472,Into the Grizzly Maze,action horror thriller
143511,Human,documentary
143525,Chasuke's Journey,comedy drama
143559,L.A. Slasher,comedy crime fantasy
143859,"Hail, Caesar!",comedy
143896,How To Change The World,documentary
143969,Er ist wieder da,comedy
144210,Just Eat It: A Food Waste Story,documentary dumpster diving sustainability
144222,Bros Before Hos,comedy
144262,Slow Learners,comedy romance
144352,Unforgiven,action crime drama
144478,"Sex, Drugs & Taxation",comedy drama
144522,Sky High,action horror thriller
144606,Confessions of a Dangerous Mind,comedy crime drama romance thriller
144620,Goosebumps,adventure comedy horror
144714,The Perfect Guy,drama thriller
144716,Rock the Kasbah,comedy
144734,Freaks of Nature,comedy horror sci fi
144976,Bone Tomahawk,horror western
145080,Extraordinary Tales,animation horror mystery
145150,The Dressmaker,comedy drama thriller
145283,Nowitzki: The Perfect Shot,documentary
145418,Trumbo,drama
145491,Our Lips Are Sealed,children comedy drama
145724,Idaho Transfer,sci fi
145745,Witch Hunt,crime drama
145839,Concussion,drama
145935,"Peanuts Movie, The",adventure animation children comedy
145951,Bloodsport: The Dark Kumite,action thriller
145994,Formula of Love,comedy
146024,A Man from Boulevard des Capucines,comedy romance western
146028,The Adventures of Sherlock Holmes and Dr. Watson: The Hound of the Baskervilles,crime mystery
146210,Blue Mountain State: The Rise of Thadland,comedy
146244,Dil To Pagal Hai,comedy drama romance
146309,The Boy and the Beast,action adventure animation
146656,Creed,drama
146662,Dragons: Gift of the Night Fury,adventure animation comedy
146682,Twinsters,documentary
146684,Cosmic Scrat-tastrophe,animation children comedy
146688,Solace,fantasy mystery thriller
146730,Lost in the Sun,action drama thriller
146986,Le Maître d'école,comedy
147002,Eros,drama romance
147142,Those Happy Days,children comedy
147196,The Girls,comedy romance
147250,The Adventures of Sherlock Holmes and Doctor Watson,
147282,What Men Still Talk About,comedy
147286,The Adventures of Sherlock Holmes and Doctor Watson: The Treasures of Agra,crime mystery
147300,Adventures Of Sherlock Holmes And Dr. Watson: The Twentieth Century Approaches,crime mystery
147326,The Adventures of Sherlock Holmes and Doctor Watson: King of Blackmailers,crime mystery
147328,The Adventures of Sherlock Holmes and Dr. Watson: Bloody Signature,crime
147330,Sherlock Holmes and Dr. Watson: Acquaintance,crime
147372,Doctor Who: Last Christmas,adventure drama fantasy sci fi
147374,"Doctor Who: The Doctor, the Widow and the Wardrobe",adventure drama
147376,Doctor Who: A Christmas Carol,sci fi
147378,Doctor Who: Planet of the Dead,adventure children drama sci fi
147380,Doctor Who: The Next Doctor,adventure children drama sci fi
147382,Doctor Who: Voyage Of The Damned,action sci fi
147384,Doctor Who: The Runaway Bride,sci fi
147410,A Perfect Day,comedy drama
147657,Masked Avengers,action
147662,Return of the One-Armed Swordsman,action adventure
147936,The Lord's Lantern in Budapest,comedy drama
148166,Hitchcock/Truffaut,documentary
148172,The 5th Wave,adventure sci fi thriller
148238,A Very Murray Christmas,comedy
148424,Chi-Raq,comedy drama
148482,Truth,drama
148592,Just Jim,comedy
148626,"Big Short, The",drama funny interesting witty
148632,Applesauce,comedy
148652,The Ridiculous 6,comedy western
148667,John Mulaney: The Comeback Kid,comedy
148671,Saw,crime horror
148675,North Pole: Open For Christmas,children fantasy
148709,Mojave,thriller
148775,Wizards of Waverly Place: The Movie,adventure children comedy drama fantasy sci fi
148881,World of Tomorrow,animation comedy existential surreal
148888,Zoolander 2,comedy
148956,How to Be Single,comedy romance
148978,Blue Exorcist: The Movie,animation fantasy horror mystery
148982,Devil Dog: The Hound of Hell,horror
149011,He Never Died,comedy drama horror
149144,Parasyte: Part 1,horror sci fi
149146,Parasyte: Part 2,horror sci fi
149330,A Cosmic Christmas,
149334,Nocturnal Animals,drama thriller
149350,Lumberjack Man,comedy horror
149352,Daddy's Home,comedy
149354,Sisters,children comedy
149380,'Tis the Season for Love,romance
149406,Kung Fu Panda 3,action adventure animation
149508,Spellbound,comedy romance
149566,Unicorn City,comedy romance
149590,Standoff,thriller
149612,Swelter,action drama thriller
149830,Pride and Prejudice and Zombies,comedy horror romance thriller
149902,Garm Wars: The Last Druid,action sci fi thriller
150254,The Devil's Candy,horror
150401,Close Range,action crime
150548,Sherlock: The Abominable Bride,action crime drama mystery thriller
150554,The Love Bug,adventure children comedy fantasy
150596,Doctor Who: The Husbands of River Song,comedy drama sci fi
150604,Moonwalkers,comedy
150696,Tomorrow,documentary
150993,Anacleto: Agente secreto,action comedy
151311,Wiener-Dog,comedy
151315,Ride Along 2,action comedy
151317,Maggie's Plan,comedy
151455,Eddie the Eagle,comedy
151479,The Flash 2 - Revenge of the Trickster,action fantasy sci fi
151501,Exposed,drama
151557,Stonewall,drama
151559,Frankenstein,horror thriller
151653,Welcome to Happiness,comedy drama fantasy
151687,Risen,children drama
151695,The Survivalist,drama sci fi thriller
151739,Dirty Grandpa,comedy
151745,Reptilicus,horror sci fi
151759,Requiem for the American Dream,documentary
151763,Death Note Rewrite: Genshisuru Kami,mystery
151769,Three from Prostokvashino,animation
151777,The Finest Hours,drama thriller
151781,Ghost in the Shell: Solid State Society,action animation crime sci fi thriller
152037,Grease Live,
152063,Gods of Egypt,adventure fantasy
152065,Embrace of the Serpent,adventure drama
152071,Race,drama
152077,10 Cloverfield Lane,thriller creepy suspense
152079,London Has Fallen,action crime thriller
152081,Zootopia,action adventure animation children comedy
152083,Whiskey Tango Foxtrot,comedy war
152085,Desierto,drama
152091,The Brothers Grimsby,comedy
152105,Dad's Army,comedy
152173,Michael Jackson's Thriller,horror
152270,The Wait,drama
152284,War and Peace,drama romance
152372,Southbound,horror
152591,Ip Man 3,action
152658,Santa's Little Helper,children
152711,Who Killed Chea Vichea?,documentary cambodia crime human rights murder procedural
152970,Hunt for the Wilderpeople,adventure comedy
153070,Rabbits,comedy drama fantasy nightmare
153236,Genius Party,animation
153386,Long Live Ghosts!,children comedy fantasy
153408,Tears for Sale,comedy drama fantasy
154065,Dad's Army,comedy
154358,The Barkley Marathons: The Race That Eats Its Young,documentary
154975,Merci Patron !,comedy documentary
155064,The Neon Demon,drama horror mystery
155168,Fraktus,comedy
155288,Eye in the Sky,drama thriller war suspense thought provoking
155358,Camino,action adventure thriller
155509,Mr. Right,action comedy romance
155589,Noin 7 veljestä,
155659,Florence Foster Jenkins,comedy drama
155743,My Big Fat Greek Wedding 2,comedy
155774,Neon Bull,adventure
155812,Get a Job,comedy
155820,Keanu,comedy
155892,Me Him Her,comedy
156025,Ice Age: The Great Egg-Scapade,adventure animation children comedy
156371,Everybody Wants Some,comedy 80 s
156387,Sing Street,drama
156553,Zoom,animation comedy drama
156605,Paterson,quirky sweet understated
156607,The Huntsman Winter's War,action adventure drama fantasy
156609,Neighbors 2: Sorority Rising,comedy
156675,Project X,mystery sci fi
156706,The Trust,crime thriller
156726,Hush,thriller
156781,Jimmy Carr: Telling Jokes,comedy
156783,Jimmy Carr: Making People Laugh,comedy
157108,Texas - Doc Snyder hält die Welt in Atem,comedy western
157110,00 Schneider - Jagd auf Nihil Baxter,comedy crime
157122,The Man Who Knew Infinity,drama
157130,Despite the Falling Snow,drama romance thriller
157172,Wizards of the Lost Kingdom II,action fantasy
157200,Money Monster,drama thriller
157270,Barbershop: The Next Cut,comedy
157296,Finding Dory,adventure animation comedy
157312,The Boss,comedy
157340,The Angry Birds Movie,animation comedy
157369,Bakuman,comedy drama
157407,I Am Wrath,action crime drama thriller
157432,Precious Cargo,action crime
157699,Snowden,drama thriller
157775,Tenchi Muyô! In Love,animation comedy
157865,Ratchet & Clank,action adventure animation children comedy sci fi
158022,Kicking Off,comedy
158027,SORI: Voice from the Heart,drama sci fi
158035,Gintama: The Final Chapter - Be Forever Yorozuya,action animation comedy
158238,The Nice Guys,crime mystery thriller
158254,Kindergarten Cop 2,action comedy
158388,Buck Rogers in the 25th Century,sci fi
158398,World of Glory,comedy
158402,The Crew,action
158528,The Shallows,drama thriller
158721,Gen-X Cops,action comedy thriller
158783,The Handmaiden,drama romance thriller
158813,Alice Through the Looking Glass,adventure children fantasy
158830,The BFG,children fantasy
158842,My Scientology Movie,documentary
158872,Sausage Party,animation comedy crude humor mindfuck sarcasm satire vulgar
158874,Karate Bullfighter,action drama
158882,All Yours,comedy drama romance
158956,Kill Command,action horror sci fi
158966,Captain Fantastic,drama building a family creative freedom good writing individualism viggo mortensen
158972,Toni Erdmann,drama
159061,The Wailing,mystery thriller
159069,Comedy of the Strict Regime,comedy
159077,The Meddler,comedy drama
159093,Now You See Me 2,action comedy thriller
159161,Ali Wong: Baby Cobra,
159193,Café Society,comedy drama romance
159403,Neo Tokyo,adventure animation fantasy horror sci fi
159415,Swiss Army Man,comedy drama romance
159441,The Do-Over,comedy
159510,Death Smiles on a Murderer,horror
159690,Teenage Mutant Ninja Turtles: Out of the Shadows,action adventure comedy
159717,The Fundamentals of Caring,drama
159755,Popstar: Never Stop Never Stopping,comedy
159779,A Midsummer Night's Dream,
159811,The Bremen Town Musicians,animation drama fantasy
159817,Planet Earth,documentary
159849,Bo Burnham: Make Happy,comedy
159858,The Conjuring 2,horror
159976,Pelé: Birth of a Legend,drama
160080,Ghostbusters,action comedy horror sci fi
160271,Central Intelligence,action comedy
160289,O.J.: Made in America,documentary
160341,Bloodmoon,action thriller
160400,Genius,drama
160422,The Wooden Horse,drama war
160438,Jason Bourne,action
160440,The Maid's Room,thriller
160527,Sympathy for the Underdog,action crime drama
160563,The Legend of Tarzan,action adventure
160565,The Purge: Election Year,action horror sci fi
160567,Mike & Dave Need Wedding Dates,comedy
160569,Ice Age: Collision Course,adventure animation children comedy
160571,Lights Out,horror
160573,Pete's Dragon,adventure children fantasy
160644,Indignation,drama
160646,Goat,drama
160684,Marauders,action
160718,Piper,animation
160730,The Adderall Diaries,action drama thriller
160836,Hazard,action drama thriller
160848,The Red Turtle,animation
160872,Satanic,horror
160954,Nerve,drama thriller
160978,Hellevator,horror sci fi
160980,Sully,drama
161008,The Forbidden Dance,
161024,Jim Jefferies: Freedumb,comedy
161032,The Grandmother,action drama
161044,Webmaster,sci fi
161127,The Infiltrator,crime drama
161131,War Dogs,comedy
161290,Vigilante Diaries,action
161354,Batman: The Killing Joke,action animation crime drama
161580,Bad Moms,comedy
161582,Hell or High Water,crime drama
161594,Kingsglaive: Final Fantasy XV,action adventure animation drama fantasy sci fi
161634,Don't Breathe,thriller intense
161830,Body,drama horror thriller
161918,Sharknado 4: The 4th Awakens,action adventure horror sci fi
161922,The Edge of Seventeen,comedy
161966,Elle,thriller
162082,Train to Busan,action thriller
162344,Tom Segura: Mostly Stories,comedy
162350,The Magnificent Seven,action western
162414,Moonlight,drama
162478,Masterminds,action comedy crime
162578,Kubo and the Two Strings,adventure animation children fantasy
162590,Bridget Jones's Baby,comedy romance
162598,Deepwater Horizon,drama
162600,Miss Peregrine's Home for Peculiar Children,fantasy
162602,The Girl on the Train,thriller
162606,The Accountant,crime drama thriller
162828,Imperium,crime drama thriller
162968,Kizumonogatari Part 1: Tekketsu,action animation mystery
162982,Steins;Gate the Movie: The Burden of Déjà vu,animation drama sci fi
163056,Shin Godzilla,action adventure fantasy sci fi
163072,Winnie Pooh,animation children
163112,Winnie the Pooh Goes Visiting,animation
163134,Your Name.,animation drama fantasy romance
163386,Winnie the Pooh and the Day of Concern,animation
163527,Comedy Central Roast of David Hasselhoff,comedy
163639,DC Super Hero Girls: Hero of the Year,animation
163645,Hacksaw Ridge,drama war
163653,David Cross: Making America Great Again,comedy
163809,Over the Garden Wall,adventure animation drama
163925,"Wings, Legs and Tails",animation comedy
163937,Blair Witch,horror thriller
163981,31,horror
163985,ARQ,sci fi thriller
164179,Arrival,sci fi beautiful visuals cerebral cinematography good cinematography smart thought provoking visually appealing
164200,Storks,animation children comedy
164226,Maximum Ride,action adventure comedy fantasy sci fi thriller
164280,Endless Poetry,drama fantasy
164367,The Girl with All the Gifts,drama horror sci fi thriller
164375,All Roads Lead to Rome,comedy
164540,Amanda Knox,documentary
164647,Dirty 30,comedy romance
164655,Gimme Danger,documentary
164707,Go Figure,children comedy drama
164753,Anything for Love,romance
164881,Night Guards,action sci fi
164909,La La Land,comedy drama romance bittersweet visually appealing
164917,13th,documentary
165075,London Town,drama
165101,Inferno,mystery thriller
165103,Keeping Up with the Joneses,comedy
165139,Wild Oats,comedy
165343,The Rocky Horror Picture Show: Let's Do the Time Warp Again,comedy horror sci fi thriller
165347,Jack Reacher: Never Go Back,action crime drama mystery thriller
165483,Joe Rogan: Triggered,comedy
165489,Ethel & Ernest,
165529,Flowers for Algernon,drama
165549,Manchester by the Sea,drama
165551,Lion,drama
165635,The Thinning,thriller
165639,While You Were Fighting: A Thor Mockumentary,comedy fantasy sci fi
165645,Bad Santa 2,comedy
165671,Ice Guardians,documentary
165843,Risk,documentary
165947,The True Memoirs of an International Assassin,action comedy
165959,Alesha Popovich and Tugarin the Dragon,animation comedy drama
165969,HyperNormalisation,documentary
166015,The African Doctor,comedy drama
166024,Whiplash,
166183,Junior and Karlson,adventure animation children
166203,Sapphire Blue,adventure children fantasy sci fi
166291,A Silent Voice,animation drama romance
166461,Moana,adventure animation children comedy fantasy
166492,Office Christmas Party,comedy
166526,The Space Between Us,adventure sci fi
166528,Rogue One: A Star Wars Story,action adventure fantasy sci fi
166534,Split,drama horror thriller
166558,Underworld: Blood Wars,action horror
166568,Miss Sloane,thriller
166635,Passengers,adventure drama romance sci fi
166643,Hidden Figures,drama
166705,Fences,drama
166946,The Founder,drama
167018,Why Him?,comedy
167036,Sing,animation children comedy
167064,I Am Not Your Negro,documentary
167296,Iron Man,drama
167370,Assassin's Creed,action adventure sci fi
167380,A Dog's Purpose,comedy drama
167538,Microwave Massacre,horror
167570,The OA,
167634,Fist Fight,comedy
167706,Shakespeare Behind Bars,documentary
167732,A Street Cat Named Bob,comedy drama
167746,The Lego Batman Movie,action animation comedy funny heartwarming
167772,The Spirit of Christmas,animation comedy
167790,The Good Boy,children comedy drama
167854,"Dana Carvey: Straight White Male, 60",comedy
168026,Marvel One-Shot: Agent Carter,action adventure fantasy sci fi
168090,Kizumonogatari II: Passionate Blood,animation fantasy mystery
168144,Joe Rogan: Live,comedy
168174,Jim Gaffigan: Cinco,comedy
168218,Kizumonogatari III: Cold Blood,animation fantasy mystery
168248,John Wick: Chapter Two,action crime thriller action dark hero gun tactics hitman keanu reeves organized crime secret society heroic bloodshed
168250,Get Out,horror
168252,Logan,action sci fi dark emotional gritty heartbreaking predictible plot
168254,Kong: Skull Island,action adventure fantasy
168266,T2: Trainspotting,crime drama
168326,The Big Sick,comedy romance
168350,100 Streets,drama
168358,Saturn 3,sci fi thriller
168366,Beauty and the Beast,fantasy romance
168418,The Boss Baby,animation children comedy
168456,Mercury Plains,action adventure drama
168492,Call Me by Your Name,drama romance
168608,Mudbound,drama
168612,Ghost in the Shell,action drama sci fi
168632,Bill Burr: Walk Your Way Out,comedy
168712,Fifty Shades Darker,drama romance
168846,Neal Brennan: 3 Mics,comedy
169034,Lemonade,
169180,American Fable,thriller
169670,The Void,horror
169904,Guyver: Dark Hero,sci fi
169912,Denis Leary: No Cure for Cancer,comedy
169958,Buster's Mal Heart,drama mystery
169982,Power Rangers,action adventure sci fi
169984,Alien: Covenant,action horror sci fi thriller
169992,Free Fire,action crime drama
170289,Species III,action horror sci fi
170297,Ultimate Avengers 2,action animation sci fi
170355,Mulholland Dr.,drama mystery romance
170357,Dave Chappelle: The Age of Spin,comedy
170399,CHiPS,action comedy drama
170401,Table 19,comedy drama
170411,Dave Chappelle: Deep in the Heart of Texas,comedy
170551,The Quiet Family,comedy
170597,A Plasticine Crow,animation
170697,Gifted,drama
170705,Band of Brothers,action drama war
170777,There Once Was a Dog,animation children comedy
170813,Baywatch,action comedy
170817,Snatched,action comedy
170827,The Mummy,action adventure fantasy horror thriller
170837,Life-Size,children comedy fantasy
170875,The Fate of the Furious,action crime drama thriller
170897,Sandy Wexler,comedy
170907,Betting on Zero,documentary
170937,Win It All,comedy
170939,Captain Underpants: The First Epic Movie,action animation children comedy
170945,It Comes at Night,horror mystery thriller paranoia suspenseful
170957,Cars 3,adventure animation comedy
170993,Mini's First Time,comedy crime drama
171011,Planet Earth II,documentary
171023,The Hero,drama
171251,"Nobody Speak: Hulk Hogan, Gawker and Trials of a Free Press",documentary
171495,Cosmos,
171631,Maria Bamford: Old Baby,
171695,Robin Williams: Live on Broadway,comedy
171701,The Death of Louis XIV,drama
171749,Death Note: Desu nôto (2006–2007),
171751,Munna bhai M.B.B.S.,comedy
171759,The Beguiled,drama thriller western
171763,Baby Driver,action crime thriller
171765,Okja,action adventure drama sci fi
171811,Embassy,comedy sci fi war
171867,Rough Night,comedy drama
171891,Generation Iron 2,
171917,Mystère à la Tour Eiffel,drama mystery thriller
172013,Stefan Zweig: Farewell to Europe,drama
172215,Saved by the Bell: Hawaiian Style,comedy
172229,Plain Clothes,comedy mystery romance thriller
172233,The Prime Gig,drama romance
172253,The Night Before,comedy
172321,Late Night with Conan O'Brien: The Best of Triumph the Insult Comic Dog,comedy
172461,Get Me Roger Stone,documentary
172497,T2 3-D: Battle Across Time,
172547,Despicable Me 3,adventure animation children comedy
172577,Last Year's Snow Was Falling,animation children comedy fantasy
172583,Investigation Held by Kolobki,animation
172585,Karlson Returns,adventure animation children
172587,Vacations in Prostokvashino,animation
172589,Winter in Prostokvashino,animation
172591,The Godfather Trilogy: 1972-1990,
172637,Priklyucheniya Kapitana Vrungelya,action adventure animation comedy
172705,Tickling Giants,documentary
172793,Vovka in the Kingdom of Far Far Away,adventure animation children fantasy
172825,Adventures of Mowgli: The Kidnapping,adventure animation children
172875,A Detective Story,animation sci fi
172881,Final Flight of the Osiris,action animation sci fi
172887,Kid's Story,animation sci fi
172909,Cheburashka,animation
173145,War for the Planet of the Apes,action adventure drama sci fi
173197,The Square,drama
173205,The Meyerowitz Stories,comedy
173209,War Machine,comedy drama war
173235,Tokyo Idols,documentary
173253,Vir Das: Abroad Understanding,comedy
173255,"Norm Macdonald: Hitler's Dog, Gossip & Trickery",comedy
173291,Valerian and the City of a Thousand Planets,action adventure sci fi
173307,The Gracefield Incident,action horror sci fi
173317,Shadow World,documentary
173351,Wow! A Talking Fish!,animation children comedy fantasy
173355,Travels of an Ant,animation
173535,The Adventures of Sherlock Holmes and Doctor Watson: The Hunt for the Tiger,
173619,Fugitives,comedy crime
173751,Tiger Raid,thriller
173873,Gulliver's Travels,adventure children fantasy
173925,Seven Sisters,sci fi thriller
173941,Atomic Blonde,thriller
173963,Empties,comedy
174045,Goon: Last of the Enforcers,comedy
174053,Black Mirror: White Christmas,drama horror mystery sci fi thriller dystopia future interesting jon hamm thought provoking
174055,Dunkirk,action drama thriller war brilliant inspiring tense
174141,Belladonna of Sadness,animation drama fantasy
174403,The Putin Interviews,
174479,Unedited Footage of a Bear,horror thriller
174551,Obsession,comedy
174681,"Oh, Hello: On Broadway",comedy
174727,Good Time,crime drama
174737,Don Camillo in Moscow,comedy
174815,The House,comedy
174909,Logan Lucky,comedy
175197,The Dark Tower,fantasy horror sci fi western
175199,Annabelle: Creation,horror
175293,Gena the Crocodile,animation children
175303,It,horror
175387,On the Trail of the Bremen Town Musicians,adventure animation children
175397,"In the blue sea, in the white foam.",animation children fantasy
175401,Wolf and Calf,animation
175431,Bobik Visiting Barbos,animation comedy
175435,The Magic Ring,animation fantasy
175475,The Emoji Movie,animation children comedy
175485,Death Note,horror thriller
175569,Wind River,action crime mystery thriller
175577,Rory Scovel Tries Stand-Up for the First Time,comedy
175585,Shot Caller,action crime drama thriller
175661,The Hitman's Bodyguard,action comedy
175693,Rick and Morty: State of Georgia Vs. Denver Fenton Allen,comedy crime
175705,Themroc,comedy horror
175707,A German Life,documentary
175743,Self-criticism of a Bourgeois Dog,comedy
175781,Der Herr Karl,comedy
176051,LEGO DC Super Hero Girls: Brain Drain,animation
176101,Kingsman: The Golden Circle,action adventure comedy
176329,Ari Shaffir: Double Negative,comedy
176371,Blade Runner 2049,sci fi atmospheric beautiful cinematography dark dreamlike existentialism moody philosophical
176389,The Nut Job 2: Nutty by Nature,adventure animation children comedy
176413,Bliss,drama
176415,Alles Inklusive,comedy drama
176419,Mother!,drama horror mystery thriller allegorical uncomfortable unsettling
176423,Icarus,documentary
176579,Cage Dive,drama horror thriller
176601,Black Mirror,
176621,Boniface's Holiday,animation children comedy romance
176751,American Made,crime thriller
176805,Little Boxes,comedy drama
176935,Geostorm,action
177185,Maz Jobrani: Immigrant,comedy
177285,Sword Art Online The Movie: Ordinal Scale,action adventure animation fantasy sci fi
177593,"Three Billboards Outside Ebbing, Missouri",crime drama
177615,Lady Bird,comedy
177763,Murder on the Orient Express,crime drama mystery
177765,Coco,adventure animation children
177939,"The Night Is Short, Walk on Girl",animation romance
178061,"I, Tonya",drama
178111,"Fireworks, Should We See It from the Side or the Bottom?",animation
178129,Adventures in Plymptoons!,documentary
178323,Gaga: Five Foot Two,documentary
178613,Dave Chappelle: Killin' Them Softly,comedy
178615,Front Cover,comedy drama romance
178827,Paddington 2,adventure animation children comedy
179053,2048: Nowhere to Run,sci fi thriller
179073,Male Hunt,comedy
179119,The Death of Stalin,comedy
179133,Loving Vincent,animation crime drama
179135,Blue Planet II,documentary
179211,Christina P: Mother Inferior,comedy
179401,Jumanji: Welcome to the Jungle,action adventure children action comedy dwayne johnson funny
179427,Dane Cook: Troublemaker,comedy
179491,Mayhem,action horror
179511,Emerald Green,adventure drama fantasy romance
179709,Wonder Wheel,drama
179749,Creep 2,comedy horror
179813,LBJ,drama
179815,"Roman J. Israel, Esq.",drama thriller
179817,Darkest Hour,drama war
179819,Star Wars: The Last Jedi,action adventure fantasy sci fi
179953,A Bad Moms Christmas,comedy
180031,The Shape of Water,adventure drama fantasy atmospheric dreamlike
180045,Molly's Game,drama
180095,Wonder,drama
180231,Daddy's Home 2,comedy drama
180263,The Shining,drama horror thriller
180265,Jim & Andy: The Great Beyond,documentary
180297,The Disaster Artist,comedy drama
180497,The Post,drama thriller
180777,Die Frauen von Ravensbrück,documentary
180985,The Greatest Showman,drama bad music
180987,Ferdinand,animation children comedy
181065,Jack Whitehall: At Large,comedy
181139,Lynne Koplitz: Hormonal Beast,comedy
181315,Phantom Thread,drama romance
181413,Too Funny to Fail: The Life and Death of The Dana Carvey Show,
181659,Craig Ferguson: Tickle Fight,comedy
181719,Serving in Silence: The Margarethe Cammermeyer Story,
182293,Hare-um Scare-um,animation children comedy
182297,Porky in Wackyland,animation comedy fantasy
182299,Porky's Hare Hunt,animation children comedy
182639,The Second Renaissance Part II,animation sci fi
182715,Annihilation,adventure mystery sci fi thriller
182727,A Christmas Story Live!,
182731,Pixel Perfect,children comedy sci fi
182749,Judd Apatow: The Return,comedy
182793,The Purple Sea,drama
182823,Bright,action crime fantasy
183011,The Commuter,crime drama mystery thriller
183197,Dave Chappelle: Equanimity,comedy
183199,Quest,documentary
183227,Dave Chappelle: The Bird Revelation,comedy
183295,Insidious: The Last Key,horror mystery thriller
183301,The Tale of the Bunny Picnic,children
183317,Patti Rocks,comedy drama
183611,Game Night,action comedy crime horror comedy funny rachel mcadams
183635,Maze Runner: The Death Cure,action mystery sci fi thriller
183897,Isle of Dogs,animation comedy
183911,The Clapper,comedy
183959,Tom Segura: Disgraceful,comedy
184015,When We First Met,comedy
184053,Battle Planet,action sci fi
184245,De platte jungle,documentary
184253,The Cloverfield Paradox,horror mystery sci fi thriller
184257,Making a Murderer,crime documentary
184349,Elsa & Fred,comedy drama romance
184471,Tomb Raider,action adventure fantasy adventure alicia vikander video game adaptation
184641,Fullmetal Alchemist 2018,action adventure fantasy
184721,First Reformed,drama thriller
184791,Fred Armisen: Standup for Drummers,comedy
184931,Death Wish,action crime drama thriller
184987,A Wrinkle in Time,adventure children fantasy sci fi
184997,"Love, Simon",comedy drama
185029,A Quiet Place,drama horror thriller
185031,Alpha,adventure thriller
185033,I Kill Giants,drama fantasy thriller
185135,Sherlock - A Study in Pink,crime
185435,"Game Over, Man!",action comedy
185473,Blockers,comedy
185585,Pacific Rim: Uprising,action fantasy sci fi
186587,Rampage,action adventure sci fi
187031,Jurassic World: Fallen Kingdom,action adventure drama sci fi thriller
187541,Incredibles 2,action adventure animation children
187593,Deadpool 2,action comedy sci fi josh brolin ryan reynolds sarcasm
187595,Solo: A Star Wars Story,action adventure children sci fi emilia clarke star wars
187717,Won't You Be My Neighbor?,documentary
188189,Sorry to Bother You,comedy fantasy sci fi
188301,Ant-Man and the Wasp,action adventure comedy fantasy sci fi
188675,Dogman,crime drama
188751,Mamma Mia: Here We Go Again!,comedy romance
188797,Tag,comedy
188833,The Man Who Killed Don Quixote,adventure comedy fantasy
189043,Boundaries,comedy drama
189111,Spiral,documentary
189333,Mission: Impossible - Fallout,action adventure thriller
189381,SuperFly,action crime thriller
189547,Iron Soldier,action sci fi
189713,BlacKkKlansman,comedy crime drama
190183,The Darkest Minds,sci fi thriller
190207,Tilt,drama romance
190209,Jeff Ross Roasts the Border,comedy
190213,John From,drama
190215,Liquid Truth,drama
190219,Bunny,animation
190221,Hommage à Zgougou (et salut à Sabine Mamou),documentary
191005,Gintama,action adventure comedy sci fi
193565,Gintama: The Movie,action animation comedy sci fi anime comedy gintama remaster
193567,anohana: The Flower We Saw That Day - The Movie,animation drama
193571,Silver Spoon,comedy drama
193573,Love Live! The School Idol Movie,animation
193579,Jon Stewart Has Left the Building,documentary
193581,Black Butler: Book of the Atlantic,action animation comedy fantasy
193583,No Game No Life: Zero,animation comedy fantasy
193585,Flint,drama
193587,Bungo Stray Dogs: Dead Apple,action animation
193609,Andrew Dice Clay: Dice Rules,comedy
